"Ad set name","Ad ID",Age,Gender,"Delivery status","Delivery level",Reach,Impressions,Frequency,"Attribution setting","Result type",Results,"Amount spent (INR)","Cost per result",Starts,Ends,"Link clicks","CPC (cost per link click)","CPM (cost per 1,000 impressions)","CTR (all)","Messaging conversations replied","Messaging conversations started","Unique CTR (all)","Cost per lead",Leads,"Leads conversion value","Reporting starts","Reporting ends"
,,,,,,4623414,14050258,3.03893573,,mixed,,404500.14,,,,54641,7.40286854,28.78951689,0.50884475,5,4716,1.19349035,,,,2023-07-20,2026-08-19
"Ad set 1",6976611089797,25-34,male,active,ad,223488,441001,1.97326478,"7-day click or 1-day view","Messaging conversations started",156,13643.8,87.46025641,2026-07-01,Ongoing,1291,10.56839659,30.93825184,0.36258421,,156,,,,,2023-07-20,2026-08-19
"Ad set 1",6976611089797,25-34,female,active,ad,106496,204402,1.91933969,"7-day click or 1-day view","Messaging conversations started",65,7850.71,120.78015385,2026-07-01,Ongoing,602,13.04104651,38.40818583,0.38111173,,65,,,,,2023-07-20,2026-08-19
"Ads - Punjab",6911093708597,18-24,male,not_delivering,ad,156928,391619,2.49553298,"7-day click or 1-day view","Messaging conversations started",126,7200.74,57.14873016,2026-04-27,Ongoing,1580,4.55743038,18.38710584,0.47571747,,126,,,,,2023-07-20,2026-08-19
"Ad set 1",6976611089797,18-24,male,active,ad,163456,343736,2.10292678,"7-day click or 1-day view","Messaging conversations started",75,7188.52,95.84693333,2026-07-01,Ongoing,1061,6.77523091,20.91290991,0.36306933,,75,,,,,2023-07-20,2026-08-19
"Ads - Punjab",6911093708597,25-34,male,not_delivering,ad,132224,292217,2.21001482,"7-day click or 1-day view","Messaging conversations started",134,7167.99,53.49246269,2026-04-27,Ongoing,1138,6.29876098,24.52968171,0.46335429,,134,,,,,2023-07-20,2026-08-19
SET1,6715762376997,18-24,female,archived,ad,173952,442151,2.54179889,"7-day click or 1-day view","Messaging conversations started",109,6974.19,63.9833945,2025-05-13,Ongoing,673,10.36283804,15.77332178,0.27230516,,109,,,,,2023-07-20,2026-08-19
SET1,6715762376997,18-24,male,archived,ad,180224,392072,2.17547053,"7-day click or 1-day view","Messaging conversations started",97,6680.98,68.87608247,2025-05-13,Ongoing,673,9.92716196,17.0401865,0.2823461,,97,,,,,2023-07-20,2026-08-19
"Ad set 1",6990852904797,25-34,male,active,ad,230656,335800,1.45584767,"7-day click or 1-day view","Messaging conversations started",166,6472.78,38.9926506,2026-07-01,Ongoing,3342,1.93679832,19.27569982,1.11584276,,166,,,,,2023-07-20,2026-08-19
"ad set 1",6861114057597,25-34,male,not_delivering,ad,90880,175165,1.92743178,"7-day click or 1-day view","Messaging conversations started",46,6408.33,139.31152174,2026-01-31,Ongoing,571,11.22299475,36.58453458,0.43045129,,46,,,,,2023-07-20,2026-08-19
"Ads - Punjab",6911093708597,18-24,female,not_delivering,ad,115200,306473,2.6603559,"7-day click or 1-day view","Messaging conversations started",92,6364.37,69.17793478,2026-04-27,Ongoing,1132,5.62223498,20.76649493,0.45158954,,92,,,,,2023-07-20,2026-08-19
"Ad set 1",6976611089797,18-24,female,active,ad,116480,258422,2.21859547,"7-day click or 1-day view","Messaging conversations started",62,5983.84,96.51354839,2026-07-01,Ongoing,598,10.0064214,23.15530411,0.2952535,,62,,,,,2023-07-20,2026-08-19
"Ad set 1",6959678385597,25-34,male,not_delivering,ad,105024,182493,1.7376314,"7-day click or 1-day view","Messaging conversations started",43,5530.82,128.62372093,2026-06-14,Ongoing,412,13.42432039,30.30702547,0.30740905,,43,,,,,2023-07-20,2026-08-19
"Ads - Punjab",6911093708597,25-34,female,not_delivering,ad,75648,180096,2.38071066,"7-day click or 1-day view","Messaging conversations started",73,5182.12,70.98794521,2026-04-27,Ongoing,704,7.36096591,28.77420931,0.49917822,,73,,,,,2023-07-20,2026-08-19
"ad set 1",6861114057597,25-34,female,not_delivering,ad,66816,122855,1.8387063,"7-day click or 1-day view","Messaging conversations started",25,4685.85,187.434,2026-01-31,Ongoing,454,10.32125551,38.14130479,0.47454316,,25,,,,,2023-07-20,2026-08-19
"ad set 1",6861114057597,35-44,male,not_delivering,ad,51904,94220,1.81527435,"7-day click or 1-day view","Messaging conversations started",30,4283.86,142.79533333,2026-01-31,Ongoing,339,12.63675516,45.46656761,0.54871577,,30,,,,,2023-07-20,2026-08-19
"Ad set 1",6990852904797,25-34,female,active,ad,127872,190780,1.49196071,"7-day click or 1-day view","Messaging conversations started",97,4268.44,44.00453608,2026-07-01,Ongoing,2100,2.03259048,22.37362407,1.1998113,,97,,,,,2023-07-20,2026-08-19
SET1,6715762376997,25-34,male,archived,ad,97024,187604,1.93358344,"7-day click or 1-day view","Messaging conversations started",51,4146.79,81.30960784,2025-05-13,Ongoing,388,10.68760309,22.10395301,0.31982261,,51,,,,,2023-07-20,2026-08-19
"Ad set 1",6976611089797,35-44,male,active,ad,51200,96827,1.89115234,"7-day click or 1-day view","Messaging conversations started",56,4019.81,71.78232143,2026-07-01,Ongoing,371,10.83506739,41.51538311,0.50399166,,56,,,,,2023-07-20,2026-08-19
"Ad set 1",6959678385597,18-24,male,not_delivering,ad,97792,193377,1.97743169,"7-day click or 1-day view","Messaging conversations started",44,3947.84,89.72363636,2026-06-14,Ongoing,668,5.90994012,20.41525104,0.41318254,,44,,,,,2023-07-20,2026-08-19
"Ad set 1",6959678385597,18-24,female,not_delivering,ad,77632,153624,1.97887469,"7-day click or 1-day view","Messaging conversations started",25,3585.38,143.4152,2026-06-14,Ongoing,463,7.7438013,23.33867104,0.38275269,,25,,,,,2023-07-20,2026-08-19
"Ad set 1",6959678385597,25-34,female,not_delivering,ad,53440,99207,1.85641841,"7-day click or 1-day view","Messaging conversations started",18,3581.31,198.96166667,2026-06-14,Ongoing,326,10.9856135,36.09936799,0.42134124,,18,,,,,2023-07-20,2026-08-19
"SET2 - MBA",6729393132997,25-34,male,not_delivering,ad,38240,52126,1.36312762,"7-day click or 1-day view","Messaging conversations started",12,3390.56,282.54666667,2025-05-25,Ongoing,123,27.56552846,65.04546675,0.44507539,,12,,,,,2023-07-20,2026-08-19
SET1,6715762376997,25-34,female,archived,ad,67072,150192,2.23926527,"7-day click or 1-day view","Messaging conversations started",40,3346.57,83.66425,2025-05-13,Ongoing,277,12.08148014,22.28194578,0.30694045,,40,,,,,2023-07-20,2026-08-19
"ad set 1",6861114057597,18-24,male,not_delivering,ad,65024,127326,1.95813853,"7-day click or 1-day view","Messaging conversations started",23,3272.8,142.29565217,2026-01-31,Ongoing,498,6.57188755,25.70409814,0.47437287,,23,,,,,2023-07-20,2026-08-19
SET1,6715760430597,18-24,male,not_delivering,ad,55360,98326,1.77611994,"7-day click or 1-day view","Messaging conversations started",25,3258.91,130.3564,2025-05-13,Ongoing,184,17.71146739,33.14392938,0.31629477,,25,,,,,2023-07-20,2026-08-19
"ad set 1",6861114057597,35-44,female,not_delivering,ad,33472,63316,1.8916109,"7-day click or 1-day view","Messaging conversations started",25,3030.22,121.2088,2026-01-31,Ongoing,250,12.12088,47.85867711,0.52435403,,25,,,,,2023-07-20,2026-08-19
"ad set 1",6861114057597,18-24,female,not_delivering,ad,61440,116310,1.89306641,"7-day click or 1-day view","Messaging conversations started",22,2925.43,132.97409091,2026-01-31,Ongoing,467,6.26430407,25.15200757,0.46685582,,22,,,,,2023-07-20,2026-08-19
SET1,6715760430597,25-34,male,not_delivering,ad,28800,51258,1.77979167,"7-day click or 1-day view","Messaging conversations started",24,2893.54,120.56416667,2025-05-13,Ongoing,120,24.11283333,56.45050529,0.40969215,,24,,,,,2023-07-20,2026-08-19
"Ad set 1",6976611089797,Unknown,unknown,active,ad,1149728,1150228,1.00043489,"7-day click or 1-day view","Messaging conversations started",601,2766.38,4.60296173,2026-07-01,Ongoing,8583,0.32230922,2.40507099,0.86852346,,601,,,,,2023-07-20,2026-08-19
SET1,6724323110397,18-24,male,not_delivering,ad,51520,83832,1.62717391,"7-day click or 1-day view","Messaging conversations started",9,2663.52,295.94666667,2025-05-20,Ongoing,196,13.58938776,31.77211566,0.3351942,,9,,,,,2023-07-20,2026-08-19
"Ad set 1",6976611089797,35-44,female,active,ad,29184,50963,1.74626508,"7-day click or 1-day view","Messaging conversations started",27,2503.2,92.71111111,2026-07-01,Ongoing,191,13.10575916,49.11798756,0.49447638,,27,,,,,2023-07-20,2026-08-19
"New Engagement ad set",6804632076397,18-24,male,not_delivering,ad,63904,102287,1.60063533,"7-day click or 1-day view","Messaging conversations started",3,2502.72,834.24,2025-09-07,Ongoing,199,12.57648241,24.46762541,0.26885137,,3,,,,,2023-07-20,2026-08-19
"SET2 - MBA",6729393132997,18-24,male,not_delivering,ad,35744,53125,1.48626343,"7-day click or 1-day view","Messaging conversations started",9,2495.29,277.25444444,2025-05-25,Ongoing,135,18.48362963,46.97016471,0.40658824,,9,,,,,2023-07-20,2026-08-19
SET1,6715760430597,18-24,female,not_delivering,ad,43808,76023,1.73536797,"7-day click or 1-day view","Messaging conversations started",19,2471.81,130.09526316,2025-05-13,Ongoing,121,20.42818182,32.51397603,0.32227089,,19,,,,,2023-07-20,2026-08-19
"Ad set 1",6989198212397,25-34,male,active,ad,56480,78019,1.38135623,"7-day click or 1-day view","Messaging conversations started",18,2441.44,135.63555556,2026-07-01,Ongoing,324,7.53530864,31.29289019,0.50756867,,18,,,,,2023-07-20,2026-08-19
SET1,6729387108797,25-34,male,not_delivering,ad,22192,41680,1.87815429,"7-day click or 1-day view","Messaging conversations started",12,2418.39,201.5325,2025-05-19,Ongoing,115,21.02947826,58.02279271,0.50383877,,12,,,,,2023-07-20,2026-08-19
"Ad set 1",6990852904797,35-44,male,active,ad,67072,97181,1.44890565,"7-day click or 1-day view","Messaging conversations started",59,2383.2,40.39322034,2026-07-01,Ongoing,1069,2.22937325,24.52331217,1.29037569,,59,,,,,2023-07-20,2026-08-19
"New Engagement ad set",6805961224197,18-24,male,not_delivering,ad,34960,54867,1.5694222,"7-day click or 1-day view","Messaging conversations started",30,2318.45,77.28166667,2025-09-07,Ongoing,100,23.1845,42.25581862,0.3025498,,30,,,,,2023-07-20,2026-08-19
"SET2 - MBA",6729393133197,25-34,male,not_delivering,ad,17904,28127,1.57098972,"7-day click or 1-day view","Messaging conversations started",20,2253.29,112.6645,2025-05-25,Ongoing,104,21.66625,80.11128098,0.57595904,,20,,,,,2023-07-20,2026-08-19
SET1,6724323110397,18-24,female,not_delivering,ad,38688,67866,1.75418734,"7-day click or 1-day view","Messaging conversations started",14,2198.14,157.01,2025-05-20,Ongoing,132,16.65257576,32.38941443,0.28585742,,14,,,,,2023-07-20,2026-08-19
SET1,6732747696197,18-24,male,not_delivering,ad,38240,63173,1.6520136,"7-day click or 1-day view","Messaging conversations started",24,2195.38,91.47416667,2025-05-13,Ongoing,150,14.63586667,34.75187184,0.36566255,,24,,,,,2023-07-20,2026-08-19
"New Engagement ad set",6805961224197,25-34,male,not_delivering,ad,22800,34265,1.50285088,"7-day click or 1-day view","Messaging conversations started",20,2079.09,103.9545,2025-09-07,Ongoing,55,37.80163636,60.67678389,0.29476142,,20,,,,,2023-07-20,2026-08-19
SET1,6724323110397,25-34,male,not_delivering,ad,24384,40172,1.64747375,"7-day click or 1-day view","Messaging conversations started",10,2049.95,204.995,2025-05-20,Ongoing,93,22.04247312,51.02932391,0.36094792,,10,,,,,2023-07-20,2026-08-19
"SET2 - MBA",6729393132597,25-34,male,not_delivering,ad,19152,27419,1.43165205,"7-day click or 1-day view","Messaging conversations started",7,2016.34,288.04857143,2025-05-25,Ongoing,56,36.00607143,73.53805755,0.41212298,,7,,,,,2023-07-20,2026-08-19
"Ad set 1",6990852904797,18-24,female,active,ad,90880,130947,1.44087808,"7-day click or 1-day view","Messaging conversations started",43,1999.43,46.49837209,2026-07-01,Ongoing,1132,1.76628092,15.26900196,0.96909437,,43,,,,,2023-07-20,2026-08-19
"Ad set 1",6990852904797,18-24,male,active,ad,97280,136559,1.40377262,"7-day click or 1-day view","Messaging conversations started",50,1974.82,39.4964,2026-07-01,Ongoing,1380,1.43102899,14.46129512,1.10135546,,50,,,,,2023-07-20,2026-08-19
"Ad set 1",6959678385597,35-44,male,not_delivering,ad,24192,45589,1.88446594,"7-day click or 1-day view","Messaging conversations started",17,1912.04,112.47294118,2026-06-14,Ongoing,133,14.3762406,41.94081906,0.43650881,,17,,,,,2023-07-20,2026-08-19
"Ads - Punjab",6915640775197,25-34,male,not_delivering,ad,42304,59166,1.39859115,"7-day click or 1-day view","Messaging conversations started",22,1908.84,86.76545455,2026-04-27,Ongoing,209,9.13320574,32.26244803,0.44451205,,22,,,,,2023-07-20,2026-08-19
"New Engagement ad set",6804632076397,25-34,male,not_delivering,ad,34080,49428,1.45035211,"7-day click or 1-day view","Messaging conversations started",12,1881.28,156.77333333,2025-09-07,Ongoing,123,15.29495935,38.06101805,0.33584203,,12,,,,,2023-07-20,2026-08-19
"New Engagement ad set",6804632076397,18-24,female,not_delivering,ad,52224,76846,1.47146906,"7-day click or 1-day view","Messaging conversations started",9,1845.44,205.04888889,2025-09-07,Ongoing,141,13.08822695,24.01478281,0.28368425,,9,,,,,2023-07-20,2026-08-19
SET1,6729387108797,18-24,male,not_delivering,ad,25680,42886,1.67001558,"7-day click or 1-day view","Messaging conversations started",16,1757.66,109.85375,2025-05-19,Ongoing,75,23.43546667,40.98447046,0.31245628,,16,,,,,2023-07-20,2026-08-19
SET1,6699121269397,18-24,female,not_delivering,ad,43168,79723,1.84680782,"7-day click or 1-day view","Messaging conversations started",14,1740.67,124.33357143,2025-05-01,Ongoing,155,11.23012903,21.83397514,0.27846418,,14,,,,,2023-07-20,2026-08-19
"New Engagement ad set",6642089283997,25-34,male,not_delivering,ad,19488,48406,2.48388752,"7-day click or 1-day view","Messaging conversations started",79,1718.63,21.75481013,2025-03-29,Ongoing,206,8.34286408,35.50448292,0.88831963,,79,,,,,2023-07-20,2026-08-19
"ad set 1",6861114057597,45-54,male,not_delivering,ad,19520,33909,1.73714139,"7-day click or 1-day view","Messaging conversations started",20,1704.55,85.2275,2026-01-31,Ongoing,129,13.21356589,50.26836533,0.62815182,,20,,,,,2023-07-20,2026-08-19
"ad set 1",6991650447397,25-34,male,not_delivering,ad,33248,45271,1.36161574,"7-day click or 1-day view","Messaging conversations started",18,1690.4,93.91111111,2026-08-05,Ongoing,226,7.47964602,37.33957721,0.55664774,,18,,,,,2023-07-20,2026-08-19
SET1,6668286970397,18-24,male,not_delivering,ad,36896,63163,1.71191999,"7-day click or 1-day view","Messaging conversations started",14,1686.55,120.46785714,2025-04-09,Ongoing,110,15.33227273,26.70154996,0.34513877,,14,,,,,2023-07-20,2026-08-19
SET1,6699121269397,18-24,male,not_delivering,ad,43008,77630,1.80501302,"7-day click or 1-day view","Messaging conversations started",17,1682.41,98.96529412,2025-05-01,Ongoing,174,9.66902299,21.67216282,0.31044699,,17,,,,,2023-07-20,2026-08-19
SET1,6668286970397,25-34,male,not_delivering,ad,21376,42080,1.96856287,"7-day click or 1-day view","Messaging conversations started",5,1655.36,331.072,2025-04-09,Ongoing,70,23.648,39.33840304,0.33032319,,5,,,,,2023-07-20,2026-08-19
SET1,6668286970397,18-24,female,not_delivering,ad,35296,63852,1.80904352,"7-day click or 1-day view","Messaging conversations started",8,1570.25,196.28125,2025-04-09,Ongoing,110,14.275,24.59202531,0.31635657,,8,,,,,2023-07-20,2026-08-19
"Ad set 1",6989198212397,18-24,male,active,ad,46336,68261,1.47317421,"7-day click or 1-day view","Messaging conversations started",16,1544.79,96.549375,2026-07-01,Ongoing,339,4.55690265,22.63063829,0.54643208,,16,,,,,2023-07-20,2026-08-19
SET1,6732747696197,18-24,female,not_delivering,ad,28416,45399,1.59765625,"7-day click or 1-day view","Messaging conversations started",12,1521.21,126.7675,2025-05-13,Ongoing,85,17.89658824,33.50756625,0.31939029,,12,,,,,2023-07-20,2026-08-19
"ad set 1",6988775707397,25-34,male,not_delivering,ad,36480,53117,1.45605811,"7-day click or 1-day view","Messaging conversations started",15,1498.05,99.87,2026-08-05,Ongoing,179,8.36899441,28.20283525,0.40100156,1,15,,,,,2023-07-20,2026-08-19
SET1,6723531168397,18-24,male,not_delivering,ad,16456,28199,1.7135999,"7-day click or 1-day view","Messaging conversations started",16,1473.78,92.11125,2025-05-19,Ongoing,95,15.51347368,52.26355545,0.49292528,,16,,,,,2023-07-20,2026-08-19
"New Engagement ad set",6805961224197,18-24,female,not_delivering,ad,22752,33337,1.46523383,"7-day click or 1-day view","Messaging conversations started",15,1459.67,97.31133333,2025-09-07,Ongoing,55,26.53945455,43.78528362,0.28196898,,15,,,,,2023-07-20,2026-08-19
"SET2 - MBA",6729393132997,18-24,female,not_delivering,ad,21248,30430,1.43213479,"7-day click or 1-day view","Messaging conversations started",8,1453.35,181.66875,2025-05-25,Ongoing,70,20.76214286,47.76043378,0.39106145,,8,,,,,2023-07-20,2026-08-19
"SET2 - MBA",6729393133197,18-24,male,not_delivering,ad,17392,26149,1.50350736,"7-day click or 1-day view","Messaging conversations started",10,1446.18,144.618,2025-05-25,Ongoing,63,22.9552381,55.30536541,0.39007228,,10,,,,,2023-07-20,2026-08-19
SET1,6732747696197,25-34,male,not_delivering,ad,19584,30580,1.56147876,"7-day click or 1-day view","Messaging conversations started",8,1420.79,177.59875,2025-05-13,Ongoing,72,19.73319444,46.46141269,0.38914323,,8,,,,,2023-07-20,2026-08-19
SET1,6723531168397,25-34,male,not_delivering,ad,11416,20090,1.75981079,"7-day click or 1-day view","Messaging conversations started",12,1418.73,118.2275,2025-05-19,Ongoing,62,22.88274194,70.61871578,0.50771528,,12,,,,,2023-07-20,2026-08-19
"Ad set 1",6981899481397,25-34,male,active,ad,34304,48995,1.4282591,"7-day click or 1-day view","Messaging conversations started",9,1401.33,155.70333333,2026-07-01,Ongoing,123,11.39292683,28.60148995,0.32248189,,9,,,,,2023-07-20,2026-08-19
SET1,6715760430597,25-34,female,not_delivering,ad,13920,22824,1.63965517,"7-day click or 1-day view","Messaging conversations started",14,1379.9,98.56428571,2025-05-13,Ongoing,57,24.20877193,60.45828952,0.49071153,,14,,,,,2023-07-20,2026-08-19
"Ad set 1",6959678385597,35-44,female,not_delivering,ad,15936,27090,1.6999247,"7-day click or 1-day view","Messaging conversations started",8,1355.66,169.4575,2026-06-14,Ongoing,73,18.57068493,50.04282023,0.44296788,,8,,,,,2023-07-20,2026-08-19
"SET2 - MBA",6729393132597,18-24,male,not_delivering,ad,20032,30807,1.53788938,"7-day click or 1-day view","Messaging conversations started",2,1334.53,667.265,2025-05-25,Ongoing,63,21.18301587,43.31905087,0.39276788,,2,,,,,2023-07-20,2026-08-19
"Ad set 1",6990852904797,35-44,female,active,ad,33408,46935,1.40490302,"7-day click or 1-day view","Messaging conversations started",31,1320.88,42.60903226,2026-07-01,Ongoing,618,2.13734628,28.14275061,1.45094279,,31,,,,,2023-07-20,2026-08-19
"New Engagement ad set - City",6830723550797,25-34,male,not_delivering,ad,11600,17562,1.51396552,"7-day click or 1-day view","Messaging conversations started",3,1267.94,422.64666667,2025-11-18,Ongoing,57,22.2445614,72.19792734,0.50677599,,3,,,,,2023-07-20,2026-08-19
"Ads - Punjab",6915640775197,25-34,female,not_delivering,ad,25344,36069,1.42317708,"7-day click or 1-day view","Messaging conversations started",11,1259.11,114.46454545,2026-04-27,Ongoing,116,10.85439655,34.90837007,0.41032466,,11,,,,,2023-07-20,2026-08-19
"New Engagement ad set",6642089283997,18-24,male,not_delivering,ad,24304,52664,2.16688611,"7-day click or 1-day view","Messaging conversations started",38,1256.91,33.07657895,2025-03-29,Ongoing,157,8.00579618,23.86658818,0.65889412,,38,,,,,2023-07-20,2026-08-19
"ad set 1",6991650447397,18-24,male,not_delivering,ad,36960,52015,1.40733225,"7-day click or 1-day view","Messaging conversations started",15,1237.34,82.48933333,2026-08-05,Ongoing,329,3.76091185,23.78813804,0.65750264,,15,,,,,2023-07-20,2026-08-19
"SET2 - MBA",6729393132997,25-34,female,not_delivering,ad,14208,18279,1.28652872,"7-day click or 1-day view","Messaging conversations started",3,1216.39,405.46333333,2025-05-25,Ongoing,43,28.28813953,66.5457629,0.43218994,,3,,,,,2023-07-20,2026-08-19
"Ad set 1",6953152264197,25-34,male,not_delivering,ad,24064,36976,1.53656915,"7-day click or 1-day view","Messaging conversations started",9,1186.62,131.84666667,2026-06-09,Ongoing,100,11.8662,32.091627,0.36510169,,9,,,,,2023-07-20,2026-08-19
"Ad set 1",6953152264197,25-34,female,not_delivering,ad,22336,32554,1.45746777,"7-day click or 1-day view","Messaging conversations started",5,1176.24,235.248,2026-06-09,Ongoing,129,9.11813953,36.13196535,0.50377834,,5,,,,,2023-07-20,2026-08-19
SET1,6729387108797,18-24,female,not_delivering,ad,17120,28393,1.65846963,"7-day click or 1-day view","Messaging conversations started",9,1173.54,130.39333333,2025-05-19,Ongoing,50,23.4708,41.33201846,0.32402353,,9,,,,,2023-07-20,2026-08-19
SET1,6668286970397,25-34,female,not_delivering,ad,17216,28564,1.65915428,"7-day click or 1-day view","Messaging conversations started",11,1171.8,106.52727273,2025-04-09,Ongoing,56,20.925,41.02366615,0.33958829,,11,,,,,2023-07-20,2026-08-19
"Ads - Punjab",6911093708597,35-44,male,not_delivering,ad,17792,38738,2.17727068,"7-day click or 1-day view","Messaging conversations started",23,1165.55,50.67608696,2026-04-27,Ongoing,138,8.44601449,30.08802726,0.45691569,,23,,,,,2023-07-20,2026-08-19
"ad set 1",6858002122997,25-34,male,not_delivering,ad,18928,34774,1.83717244,"7-day click or 1-day view","Messaging conversations started",7,1163.05,166.15,2026-01-23,Ongoing,128,9.08632812,33.44596538,0.47449244,1,7,,,,,2023-07-20,2026-08-19
"New Engagement ad set",6612223448397,25-34,male,not_delivering,ad,8608,15108,1.75511152,"7-day click or 1-day view","Messaging conversations started",9,1159.87,128.87444444,2025-02-16,Ongoing,41,28.2895122,76.77190892,0.45671168,,9,,,,,2023-07-20,2026-08-19
"ad set 1",6988775707397,25-34,female,not_delivering,ad,23072,33198,1.43888696,"7-day click or 1-day view","Messaging conversations started",8,1151.37,143.92125,2026-08-05,Ongoing,108,10.66083333,34.68190855,0.36146756,,8,,,,,2023-07-20,2026-08-19
SET1,6724323110397,25-34,female,not_delivering,ad,15200,23584,1.55157895,"7-day click or 1-day view","Messaging conversations started",5,1130.69,226.138,2025-05-20,Ongoing,59,19.16423729,47.94309701,0.36889417,,5,,,,,2023-07-20,2026-08-19
"SET2 - MBA",6729393132997,35-44,male,not_delivering,ad,10464,13647,1.30418578,"7-day click or 1-day view","Messaging conversations started",1,1118.6,1118.6,2025-05-25,Ongoing,41,27.28292683,81.96673262,0.63017513,,1,,,,,2023-07-20,2026-08-19
"Ad set 1",6981899481397,18-24,female,active,ad,32352,49974,1.54469585,"7-day click or 1-day view","Messaging conversations started",4,1108.34,277.085,2026-07-01,Ongoing,112,9.89589286,22.17833273,0.3061592,,4,,,,,2023-07-20,2026-08-19
"SET2 - MBA",6729393133197,25-34,female,not_delivering,ad,10016,13596,1.35742812,"7-day click or 1-day view","Messaging conversations started",2,1101,550.5,2025-05-25,Ongoing,44,25.02272727,80.97969991,0.46337158,,2,,,,,2023-07-20,2026-08-19
"Ad set 1",6953152264197,18-24,female,not_delivering,ad,27968,43335,1.54944937,"7-day click or 1-day view","Messaging conversations started",5,1087.65,217.53,2026-06-09,Ongoing,150,7.251,25.09865005,0.42921426,,5,,,,,2023-07-20,2026-08-19
"SET2 - MBA",6729393133197,18-24,female,not_delivering,ad,14528,21115,1.45340033,"7-day click or 1-day view","Messaging conversations started",4,1067.62,266.905,2025-05-25,Ongoing,37,28.85459459,50.5621596,0.3599337,,4,,,,,2023-07-20,2026-08-19
SET1,6790771111597,18-24,male,not_delivering,ad,15616,23033,1.47496158,"7-day click or 1-day view","Messaging conversations started",7,1067.19,152.45571429,2025-05-13,Ongoing,59,18.0879661,46.33308731,0.42547649,,7,,,,,2023-07-20,2026-08-19
SET1,6723531168397,18-24,female,not_delivering,ad,12344,21170,1.71500324,"7-day click or 1-day view","Messaging conversations started",9,1063.01,118.11222222,2025-05-19,Ongoing,59,18.01711864,50.21303732,0.46291923,,9,,,,,2023-07-20,2026-08-19
"New Engagement ad set",6642089283997,18-24,female,not_delivering,ad,20016,47481,2.37215228,"7-day click or 1-day view","Messaging conversations started",32,1045.45,32.6703125,2025-03-29,Ongoing,123,8.4995935,22.018281,0.62130115,,32,,,,,2023-07-20,2026-08-19
"ad set 1",6861114057597,45-54,female,not_delivering,ad,10496,18296,1.74314024,"7-day click or 1-day view","Messaging conversations started",9,1037.99,115.33222222,2026-01-31,Ongoing,74,14.02689189,56.73316572,0.60122431,,9,,,,,2023-07-20,2026-08-19
"Ad set 1",6981899481397,18-24,male,active,ad,34784,53394,1.5350161,"7-day click or 1-day view","Messaging conversations started",8,1035.39,129.42375,2026-07-01,Ongoing,116,8.92577586,19.39150466,0.27531183,,8,,,,,2023-07-20,2026-08-19
"New Engagement ad set",6804632076397,25-34,female,not_delivering,ad,19072,27320,1.43246644,"7-day click or 1-day view","Messaging conversations started",8,1035.23,129.40375,2025-09-07,Ongoing,81,12.78061728,37.89275256,0.3806735,,8,,,,,2023-07-20,2026-08-19
SET1,6699121269397,25-34,male,not_delivering,ad,17920,33639,1.87717634,"7-day click or 1-day view","Messaging conversations started",4,1023.77,255.9425,2025-05-01,Ongoing,81,12.6391358,30.43402004,0.32105592,,4,,,,,2023-07-20,2026-08-19
"ad set 1",6988775707397,18-24,female,not_delivering,ad,37248,53283,1.43049291,"7-day click or 1-day view","Messaging conversations started",10,1012.71,101.271,2026-08-05,Ongoing,169,5.99236686,19.00624965,0.37347747,,10,,,,,2023-07-20,2026-08-19
"New Engagement ad set",6805961224197,25-34,female,not_delivering,ad,9616,14461,1.50384775,"7-day click or 1-day view","Messaging conversations started",8,1005.5,125.6875,2025-09-07,Ongoing,41,24.52439024,69.53184427,0.52555148,,8,,,,,2023-07-20,2026-08-19
"Ads - Punjab",6915640775197,18-24,female,not_delivering,ad,27072,37454,1.38349586,"7-day click or 1-day view","Messaging conversations started",14,991.14,70.79571429,2026-04-27,Ongoing,112,8.84946429,26.46286111,0.38447162,,14,,,,,2023-07-20,2026-08-19
"Ad set 1",6981899481397,25-34,female,active,ad,19584,26523,1.35431985,"7-day click or 1-day view","Messaging conversations started",6,988.37,164.72833333,2026-07-01,Ongoing,89,11.1052809,37.26463824,0.40719376,,6,,,,,2023-07-20,2026-08-19
"New Engagement ad set",6642089283997,25-34,female,not_delivering,ad,13136,28669,2.18247564,"7-day click or 1-day view","Messaging conversations started",23,965.62,41.98347826,2025-03-29,Ongoing,84,11.49547619,33.68167707,0.68366528,,23,,,,,2023-07-20,2026-08-19
"New Engagement ad set - City",6830723550797,18-24,male,not_delivering,ad,21120,31072,1.47121212,"7-day click or 1-day view","Messaging conversations started",3,954.92,318.30666667,2025-11-18,Ongoing,112,8.52607143,30.73249228,0.46987642,,3,,,,,2023-07-20,2026-08-19
"SET2 - MBA",6729393132597,18-24,female,not_delivering,ad,12848,17745,1.38114882,"7-day click or 1-day view","Messaging conversations started",1,953.36,953.36,2025-05-25,Ongoing,29,32.87448276,53.72555649,0.29867568,,1,,,,,2023-07-20,2026-08-19
"Ads - Punjab",6915640775197,18-24,male,not_delivering,ad,27616,40799,1.47736819,"7-day click or 1-day view","Messaging conversations started",15,930.74,62.04933333,2026-04-27,Ongoing,158,5.89075949,22.81281404,0.45099145,,15,,,,,2023-07-20,2026-08-19
SET1,6729387108797,25-34,female,not_delivering,ad,9408,14961,1.59024235,"7-day click or 1-day view","Messaging conversations started",7,918.36,131.19428571,2025-05-19,Ongoing,41,22.39902439,61.38359735,0.40772676,,7,,,,,2023-07-20,2026-08-19
"ad set 1",6858002122997,18-24,male,not_delivering,ad,18048,33228,1.84109043,"7-day click or 1-day view","Messaging conversations started",6,909.86,151.64333333,2026-01-23,Ongoing,146,6.23191781,27.38232816,0.51161671,,6,,,,,2023-07-20,2026-08-19
"ad set 1",6988775707397,18-24,male,not_delivering,ad,37152,54728,1.47308355,"7-day click or 1-day view","Messaging conversations started",9,902.56,100.28444444,2026-08-05,Ongoing,224,4.02928571,16.49174097,0.43670516,,9,,,,,2023-07-20,2026-08-19
"Ad set 1",6989198212397,18-24,female,active,ad,27296,37924,1.38936108,"7-day click or 1-day view","Messaging conversations started",7,902.49,128.92714286,2026-07-01,Ongoing,139,6.49273381,23.79733151,0.41925957,,7,,,,,2023-07-20,2026-08-19
"New Engagement ad set",6769014077397,25-34,male,inactive,ad,5972,8543,1.43050904,"7-day click or 1-day view","Messaging conversations started",17,893.41,52.55352941,2025-07-15,Ongoing,42,21.27166667,104.57801709,0.85450076,,17,,,,,2023-07-20,2026-08-19
"New Engagement ad set",6612223448397,18-24,male,not_delivering,ad,9832,16439,1.67198942,"7-day click or 1-day view","Messaging conversations started",10,883.09,88.309,2025-02-16,Ongoing,27,32.70703704,53.71920433,0.38323499,,10,,,,,2023-07-20,2026-08-19
"Ad set 1",6989198212397,25-34,female,active,ad,17984,22907,1.27374333,"7-day click or 1-day view","Messaging conversations started",4,876.93,219.2325,2026-07-01,Ongoing,96,9.1346875,38.28218449,0.47583708,,4,,,,,2023-07-20,2026-08-19
"Ads - Punjab",6941440448197,25-34,male,not_delivering,ad,26544,33653,1.26781947,"7-day click or 1-day view","Messaging conversations started",9,874.29,97.14333333,2026-05-30,Ongoing,116,7.53698276,25.97955606,0.41006745,,9,,,,,2023-07-20,2026-08-19
"ad set 1",6991650447397,18-24,female,not_delivering,ad,23488,32204,1.37108311,"7-day click or 1-day view","Messaging conversations started",11,865.7,78.7,2026-08-05,Ongoing,175,4.94685714,26.88175382,0.59619923,,11,,,,,2023-07-20,2026-08-19
"Ad set 1",6959716531197,25-34,male,not_delivering,ad,24992,28649,1.14632682,"7-day click or 1-day view","Messaging conversations started",7,863,123.28571429,2026-06-14,Ongoing,117,7.37606838,30.12321547,0.45376802,,7,,,,,2023-07-20,2026-08-19
"Ads - Punjab",6911093708597,35-44,female,not_delivering,ad,11904,26352,2.21370968,"7-day click or 1-day view","Messaging conversations started",11,860.3,78.20909091,2026-04-27,Ongoing,99,8.68989899,32.64647845,0.49711597,,11,,,,,2023-07-20,2026-08-19
"ad set 1",6858002122997,18-24,female,not_delivering,ad,18512,34173,1.84599179,"7-day click or 1-day view","Messaging conversations started",4,853.13,213.2825,2026-01-23,Ongoing,134,6.36664179,24.96503087,0.47113218,,4,,,,,2023-07-20,2026-08-19
"New Engagement ad set",6675807606197,18-24,female,not_delivering,ad,24480,38245,1.56229575,"7-day click or 1-day view","Messaging conversations started",7,850.84,121.54857143,2025-04-18,Ongoing,65,13.08984615,22.24709112,0.28500458,,7,,,,,2023-07-20,2026-08-19
SET1,6699121269397,25-34,female,not_delivering,ad,14944,25622,1.71453426,"7-day click or 1-day view","Messaging conversations started",8,850.12,106.265,2025-05-01,Ongoing,72,11.80722222,33.17929904,0.39809539,,8,,,,,2023-07-20,2026-08-19
"ad set 1",6858002122997,25-34,female,not_delivering,ad,12400,22608,1.82322581,"7-day click or 1-day view","Messaging conversations started",2,798.14,399.07,2026-01-23,Ongoing,92,8.67543478,35.30343241,0.5086695,,2,,,,,2023-07-20,2026-08-19
"SET2 - MBA",6729393133197,35-44,male,not_delivering,ad,5024,8090,1.6102707,"7-day click or 1-day view","Messaging conversations started",5,797.67,159.534,2025-05-25,Ongoing,26,30.67961538,98.59950556,0.76637824,,5,,,,,2023-07-20,2026-08-19
"New Engagement ad set",6699157892597,25-34,male,not_delivering,ad,9776,15114,1.5460311,"7-day click or 1-day view","Messaging conversations started",14,784.52,56.03714286,2025-05-01,Ongoing,61,12.86098361,51.90684134,0.80719862,,14,,,,,2023-07-20,2026-08-19
"New Engagement ad set",6768974549597,25-34,male,not_delivering,ad,4072,5795,1.4231336,"7-day click or 1-day view","Messaging conversations started",4,774.47,193.6175,2025-07-15,Ongoing,23,33.6726087,133.64452114,0.77653149,,4,,,,,2023-07-20,2026-08-19
"SET2 - MBA",6729393132597,25-34,female,not_delivering,ad,6912,9447,1.36675347,"7-day click or 1-day view","Messaging conversations started",1,770.18,770.18,2025-05-25,Ongoing,20,38.509,81.5264105,0.39165873,,1,,,,,2023-07-20,2026-08-19
"New Engagement ad set",6768975019797,25-34,male,not_delivering,ad,2980,4410,1.47986577,"7-day click or 1-day view",,,748.4,,2025-07-15,Ongoing,18,41.57777778,169.70521542,0.70294785,,,,,,,2023-07-20,2026-08-19
"New Engagement ad set",6768974549597,18-24,male,not_delivering,ad,7924,10597,1.33732963,"7-day click or 1-day view","Messaging conversations started",4,747.68,186.92,2025-07-15,Ongoing,27,27.69185185,70.55581768,0.36802869,,4,,,,,2023-07-20,2026-08-19
"Ad set 1",6953152264197,18-24,male,not_delivering,ad,21568,33417,1.54937871,"7-day click or 1-day view","Messaging conversations started",8,727.2,90.9,2026-06-09,Ongoing,109,6.67155963,21.76137894,0.40697848,,8,,,,,2023-07-20,2026-08-19
SET1,6732747696197,25-34,female,not_delivering,ad,10720,13859,1.29281716,"7-day click or 1-day view","Messaging conversations started",10,718.74,71.874,2025-05-13,Ongoing,39,18.42923077,51.86088462,0.43293167,,10,,,,,2023-07-20,2026-08-19
"New Engagement ad set",6675807606197,18-24,male,not_delivering,ad,21712,32052,1.47623434,"7-day click or 1-day view","Messaging conversations started",9,706.22,78.46888889,2025-04-18,Ongoing,59,11.96983051,22.03357045,0.30887308,,9,,,,,2023-07-20,2026-08-19
"New Engagement ad set",6675260378797,25-34,male,not_delivering,ad,11792,20601,1.74703189,"7-day click or 1-day view","Messaging conversations started",15,704.75,46.98333333,2025-03-29,Ongoing,67,10.51865672,34.20950439,0.67957866,,15,,,,,2023-07-20,2026-08-19
"Ad set 1",6989198212397,35-44,male,active,ad,11392,15528,1.3630618,"7-day click or 1-day view","Messaging conversations started",8,694.88,86.86,2026-07-01,Ongoing,88,7.89636364,44.7501288,0.77279753,,8,,,,,2023-07-20,2026-08-19
SET1,6732744864597,18-24,female,not_delivering,ad,17984,26980,1.50022242,"7-day click or 1-day view","Messaging conversations started",1,681.86,681.86,2025-05-20,Ongoing,40,17.0465,25.27279466,0.2409192,,1,,,,,2023-07-20,2026-08-19
SET1,6732744864597,18-24,male,not_delivering,ad,17968,26896,1.49688335,"7-day click or 1-day view","Messaging conversations started",1,681.75,681.75,2025-05-20,Ongoing,49,13.91326531,25.34763534,0.3123141,,1,,,,,2023-07-20,2026-08-19
"New Engagement ad set",6675807606197,25-34,male,not_delivering,ad,13120,20630,1.57240854,"7-day click or 1-day view","Messaging conversations started",7,681.45,97.35,2025-04-18,Ongoing,51,13.36176471,33.03199224,0.41686864,,7,,,,,2023-07-20,2026-08-19
"SET2 - MBA",6729393132597,35-44,male,not_delivering,ad,4704,7251,1.54145408,"7-day click or 1-day view","Messaging conversations started",2,677.39,338.695,2025-05-25,Ongoing,25,27.0956,93.4202179,0.57923045,,2,,,,,2023-07-20,2026-08-19
"Ad set 1",6977308709597,18-24,female,inactive,ad,16576,22648,1.36631274,"7-day click or 1-day view","Messaging conversations started",1,677.02,677.02,2026-07-01,Ongoing,82,8.25634146,29.8931473,0.43270929,,1,,,,,2023-07-20,2026-08-19
SET1,6790771111597,25-34,male,not_delivering,ad,7264,9779,1.34622797,"7-day click or 1-day view","Messaging conversations started",3,671.58,223.86,2025-05-13,Ongoing,17,39.50470588,68.67573372,0.35790981,,3,,,,,2023-07-20,2026-08-19
SET1,6732744864597,25-34,male,not_delivering,ad,10304,16052,1.55784161,"7-day click or 1-day view","Messaging conversations started",4,666.14,166.535,2025-05-20,Ongoing,39,17.08051282,41.49887864,0.3862447,,4,,,,,2023-07-20,2026-08-19
LPU,6986170907997,25-34,male,not_delivering,ad,8336,13216,1.58541267,"7-day click or 1-day view","Messaging conversations started",6,662.33,110.38833333,2026-07-31,Ongoing,41,16.15439024,50.11576877,0.43886199,,6,,,,,2023-07-20,2026-08-19
"New Engagement ad set",6768975019797,18-24,male,not_delivering,ad,4840,6854,1.4161157,"7-day click or 1-day view","Messaging conversations started",3,645.59,215.19666667,2025-07-15,Ongoing,28,23.05678571,94.19171287,0.68573096,,3,,,,,2023-07-20,2026-08-19
"Ads - City",6941448198397,25-34,male,not_delivering,ad,15520,20384,1.31340206,"7-day click or 1-day view","Messaging conversations started",6,639.75,106.625,2026-05-30,Ongoing,40,15.99375,31.38490973,0.26000785,,6,,,,,2023-07-20,2026-08-19
"New Engagement ad set",6769014077397,18-24,male,inactive,ad,5824,7449,1.27901786,"7-day click or 1-day view","Messaging conversations started",5,629.02,125.804,2025-07-15,Ongoing,17,37.00117647,84.44354947,0.48328635,,5,,,,,2023-07-20,2026-08-19
"Ad set 1",6977308709597,25-34,male,inactive,ad,14336,17876,1.2469308,"7-day click or 1-day view","Messaging conversations started",1,628.53,628.53,2026-07-01,Ongoing,49,12.82714286,35.16055046,0.35242784,,1,,,,,2023-07-20,2026-08-19
"ad set 1",6991650447397,25-34,female,not_delivering,ad,10624,14595,1.37377636,"7-day click or 1-day view","Messaging conversations started",6,617.45,102.90833333,2026-08-05,Ongoing,71,8.69647887,42.3055841,0.50702295,1,6,,,,,2023-07-20,2026-08-19
"Ads - Punjab",6941440448197,25-34,female,not_delivering,ad,15824,20826,1.31610212,"7-day click or 1-day view","Messaging conversations started",3,615.18,205.06,2026-05-30,Ongoing,74,8.31324324,29.53903774,0.48497071,,3,,,,,2023-07-20,2026-08-19
SET1,6699359479597,18-24,male,not_delivering,ad,6448,8942,1.3867866,"7-day click or 1-day view","Messaging conversations started",9,595.08,66.12,2025-05-01,Ongoing,23,25.87304348,66.5488705,0.41377768,,9,,,,,2023-07-20,2026-08-19
SET1,6723531168397,25-34,female,not_delivering,ad,5024,8317,1.65545382,"7-day click or 1-day view","Messaging conversations started",3,592.35,197.45,2025-05-19,Ongoing,22,26.925,71.22159432,0.42082482,,3,,,,,2023-07-20,2026-08-19
"New Engagement ad set",6675807606197,25-34,female,not_delivering,ad,13008,19610,1.50753383,"7-day click or 1-day view","Messaging conversations started",10,592.31,59.231,2025-04-18,Ongoing,45,13.16244444,30.20448751,0.38245793,,10,,,,,2023-07-20,2026-08-19
"New Engagement ad set",6612223448397,18-24,female,not_delivering,ad,7344,12577,1.71255447,"7-day click or 1-day view","Messaging conversations started",1,590.7,590.7,2025-02-16,Ongoing,15,39.38,46.96668522,0.27033474,,1,,,,,2023-07-20,2026-08-19
SET1,6790771111597,18-24,female,not_delivering,ad,8920,12553,1.407287,"7-day click or 1-day view","Messaging conversations started",9,590.53,65.61444444,2025-05-13,Ongoing,34,17.36852941,47.04293794,0.43017605,,9,,,,,2023-07-20,2026-08-19
"Ads - Punjab",6925557264397,18-24,male,not_delivering,ad,16832,22542,1.33923479,"7-day click or 1-day view","Messaging conversations started",18,577.66,32.09222222,2026-04-27,Ongoing,83,6.95975904,25.62594268,0.45248869,,18,,,,,2023-07-20,2026-08-19
"Ads - Punjab – Online",6920851258197,18-24,male,not_delivering,ad,15880,25713,1.61920655,"7-day click or 1-day view","Messaging conversations started",7,575.44,82.20571429,2026-05-06,Ongoing,109,5.27926606,22.37934119,0.45502275,,7,,,,,2023-07-20,2026-08-19
"Ad set",6924458397797,18-24,male,not_delivering,ad,11416,16498,1.44516468,"7-day click or 1-day view","Messaging conversations started",4,574.91,143.7275,2026-05-13,Ongoing,82,7.01109756,34.84725421,0.55764335,,4,,,,,2023-07-20,2026-08-19
"Ad set 1",6977308709597,18-24,male,inactive,ad,16480,21474,1.30303398,"7-day click or 1-day view","Messaging conversations started",3,572.54,190.84666667,2026-07-01,Ongoing,69,8.29768116,26.66200987,0.37720034,,3,,,,,2023-07-20,2026-08-19
"New Engagement ad set",6768974549597,18-24,female,not_delivering,ad,7116,9493,1.33403598,"7-day click or 1-day view","Messaging conversations started",3,569.73,189.91,2025-07-15,Ongoing,28,20.3475,60.01580112,0.46349942,,3,,,,,2023-07-20,2026-08-19
LPU,6986170907997,25-34,female,not_delivering,ad,4776,7621,1.59568677,"7-day click or 1-day view","Messaging conversations started",2,567.01,283.505,2026-07-31,Ongoing,17,33.35352941,74.40099724,0.35428421,,2,,,,,2023-07-20,2026-08-19
"New Engagement ad set",6675260378797,18-24,male,not_delivering,ad,15808,24606,1.55655364,"7-day click or 1-day view","Messaging conversations started",10,565.61,56.561,2025-03-29,Ongoing,68,8.31779412,22.98666992,0.61367146,,10,,,,,2023-07-20,2026-08-19
"Ad set 1",6987226895797,25-34,male,not_delivering,ad,12464,14114,1.13238126,"7-day click or 1-day view","Messaging conversations started",1,565.13,565.13,2026-08-03,Ongoing,42,13.45547619,40.04038543,0.36134335,,1,,,,,2023-07-20,2026-08-19
"Ads - City",6941448198397,25-34,female,not_delivering,ad,11584,14734,1.2719268,"7-day click or 1-day view","Messaging conversations started",6,563.58,93.93,2026-05-30,Ongoing,36,15.655,38.25030542,0.36649925,,6,,,,,2023-07-20,2026-08-19
"New Engagement ad set",6699157892597,18-24,male,not_delivering,ad,15888,21140,1.33056395,"7-day click or 1-day view","Messaging conversations started",5,563.45,112.69,2025-05-01,Ongoing,39,14.4474359,26.65326395,0.29328288,,5,,,,,2023-07-20,2026-08-19
SET1,6805961553997,18-24,male,not_delivering,ad,16456,21012,1.2768595,"7-day click or 1-day view","Messaging conversations started",2,561.83,280.915,2025-05-13,Ongoing,48,11.70479167,26.73853036,0.39977156,,2,,,,,2023-07-20,2026-08-19
"ad set 1",6858002122997,35-44,male,not_delivering,ad,6880,12283,1.78531977,"7-day click or 1-day view","Messaging conversations started",3,559.69,186.56333333,2026-01-23,Ongoing,40,13.99225,45.56622975,0.55361068,,3,,,,,2023-07-20,2026-08-19
"Ad set",6924458397797,18-24,female,not_delivering,ad,6928,10313,1.488597,"7-day click or 1-day view","Messaging conversations started",2,549.35,274.675,2026-05-13,Ongoing,46,11.9423913,53.26772035,0.54300398,,2,,,,,2023-07-20,2026-08-19
"New Engagement ad set",6810171527597,18-24,male,not_delivering,ad,9464,12768,1.34911243,"7-day click or 1-day view","Messaging conversations started",1,547.65,547.65,2025-09-07,Ongoing,22,24.89318182,42.89238722,0.30545113,,1,,,,,2023-07-20,2026-08-19
"Ads - Punjab",6941440448197,18-24,female,not_delivering,ad,18416,24623,1.33704387,"7-day click or 1-day view","Messaging conversations started",6,533.55,88.925,2026-05-30,Ongoing,68,7.84632353,21.66876498,0.34926695,,6,,,,,2023-07-20,2026-08-19
"Ad set",6887030430597,25-34,male,not_delivering,ad,9184,13666,1.48802265,"7-day click or 1-day view","Messaging conversations started",3,518.76,172.92,2026-03-22,Ongoing,46,11.2773913,37.95990048,0.44636324,,3,,,,,2023-07-20,2026-08-19
"New Engagement ad set - City",6830723550797,18-24,female,not_delivering,ad,11152,15912,1.42682927,"7-day click or 1-day view","Messaging conversations started",2,514.57,257.285,2025-11-18,Ongoing,56,9.18875,32.33848668,0.48391151,,2,,,,,2023-07-20,2026-08-19
"New Engagement ad set",6612223448397,25-34,female,not_delivering,ad,4080,6402,1.56911765,"7-day click or 1-day view","Messaging conversations started",9,514.26,57.14,2025-02-16,Ongoing,18,28.57,80.32802249,0.6716651,,9,,,,,2023-07-20,2026-08-19
"Ads - Punjab",6915640775197,35-44,male,not_delivering,ad,8352,13080,1.56609195,"7-day click or 1-day view","Messaging conversations started",6,510.01,85.00166667,2026-04-27,Ongoing,42,12.14309524,38.99159021,0.4587156,,6,,,,,2023-07-20,2026-08-19
"Ads - Punjab",6941440448197,18-24,male,not_delivering,ad,20528,28495,1.38810405,"7-day click or 1-day view","Messaging conversations started",6,509.87,84.97833333,2026-05-30,Ongoing,96,5.31114583,17.89331462,0.41761713,,6,,,,,2023-07-20,2026-08-19
"New Engagement ad set",6707055838397,25-34,male,not_delivering,ad,12136,16442,1.35481213,"7-day click or 1-day view","Messaging conversations started",4,506.19,126.5475,2025-04-18,Ongoing,61,8.29819672,30.78640068,0.55954263,,4,,,,,2023-07-20,2026-08-19
"Ad set 1",6959716531197,25-34,female,not_delivering,ad,11008,13574,1.2331032,"7-day click or 1-day view","Messaging conversations started",5,497.47,99.494,2026-06-14,Ongoing,47,10.58446809,36.64874024,0.46412259,,5,,,,,2023-07-20,2026-08-19
"ad set 1",6988775707397,35-44,male,not_delivering,ad,6816,10776,1.58098592,"7-day click or 1-day view","Messaging conversations started",5,493.59,98.718,2026-08-05,Ongoing,32,15.4246875,45.8045657,0.43615442,,5,,,,,2023-07-20,2026-08-19
"New Engagement ad set",6769019704797,25-34,male,inactive,ad,2340,3295,1.40811966,"7-day click or 1-day view","Messaging conversations started",7,493.02,70.43142857,2025-07-15,Ongoing,19,25.94842105,149.62670713,0.81942337,,7,,,,,2023-07-20,2026-08-19
"New Engagement ad set",6805961224197,35-44,male,not_delivering,ad,4048,6169,1.52396245,"7-day click or 1-day view","Messaging conversations started",4,491.63,122.9075,2025-09-07,Ongoing,9,54.62555556,79.69362944,0.32420165,,4,,,,,2023-07-20,2026-08-19
"Ads - Punjab",6925557264397,25-34,male,not_delivering,ad,12928,16293,1.26028775,"7-day click or 1-day view","Messaging conversations started",9,487.33,54.14777778,2026-04-27,Ongoing,66,7.38378788,29.91039097,0.50328362,,9,,,,,2023-07-20,2026-08-19
"Ad set 1",6959716531197,18-24,male,not_delivering,ad,20816,23899,1.14810723,"7-day click or 1-day view","Messaging conversations started",6,479.29,79.88166667,2026-06-14,Ongoing,105,4.56466667,20.05481401,0.49374451,,6,,,,,2023-07-20,2026-08-19
"Ad set 1",6977308709597,25-34,female,inactive,ad,8592,10976,1.27746741,"7-day click or 1-day view","Messaging conversations started",1,479.21,479.21,2026-07-01,Ongoing,43,11.1444186,43.65980321,0.49198251,,1,,,,,2023-07-20,2026-08-19
"ad set 1",6861114057597,55-64,male,not_delivering,ad,4160,7839,1.884375,"7-day click or 1-day view","Messaging conversations started",2,478.91,239.455,2026-01-31,Ongoing,37,12.94351351,61.09325169,0.84194413,,2,,,,,2023-07-20,2026-08-19
"New Engagement ad set",6804632076397,35-44,male,not_delivering,ad,4736,7316,1.54476351,"7-day click or 1-day view",,,475.73,,2025-09-07,Ongoing,26,18.29730769,65.02597048,0.39639147,,,,,,,2023-07-20,2026-08-19
"Ads - Punjab",6925557264397,18-24,female,not_delivering,ad,13424,17063,1.27108164,"7-day click or 1-day view","Messaging conversations started",3,474.38,158.12666667,2026-04-27,Ongoing,40,11.8595,27.80167614,0.32819551,,3,,,,,2023-07-20,2026-08-19
"Ad set 1",6882908081197,25-34,male,not_delivering,ad,10408,12967,1.24586856,"7-day click or 1-day view","Messaging conversations started",5,473.11,94.622,2026-03-15,Ongoing,56,8.44839286,36.48569446,0.58610319,,5,,,,,2023-07-20,2026-08-19
SET1,6732744864597,25-34,female,not_delivering,ad,6880,10885,1.58212209,"7-day click or 1-day view","Messaging conversations started",3,472.64,157.54666667,2025-05-20,Ongoing,19,24.87578947,43.42122186,0.27560864,,3,,,,,2023-07-20,2026-08-19
"SET2 - MBA",6729393133197,35-44,female,not_delivering,ad,2736,4037,1.4755117,"7-day click or 1-day view","Messaging conversations started",1,462.2,462.2,2025-05-25,Ongoing,12,38.51666667,114.49095863,0.69358434,,1,,,,,2023-07-20,2026-08-19
"New Engagement ad set",6699157892597,35-44,male,not_delivering,ad,5248,8842,1.68483232,"7-day click or 1-day view","Messaging conversations started",11,460.21,41.83727273,2025-05-01,Ongoing,51,9.02372549,52.04817914,1.15358516,,11,,,,,2023-07-20,2026-08-19
"New Engagement ad set",6675260378797,18-24,female,not_delivering,ad,14560,22138,1.52046703,"7-day click or 1-day view","Messaging conversations started",8,447.76,55.97,2025-03-29,Ongoing,49,9.13795918,20.22585599,0.44719487,,8,,,,,2023-07-20,2026-08-19
"Ads - City",6941448198397,18-24,female,not_delivering,ad,13536,17495,1.29247931,"7-day click or 1-day view","Messaging conversations started",2,445.14,222.57,2026-05-30,Ongoing,19,23.42842105,25.4438411,0.18862532,,2,,,,,2023-07-20,2026-08-19
"New Engagement ad set",6675260378797,25-34,female,not_delivering,ad,8768,13426,1.53125,"7-day click or 1-day view","Messaging conversations started",4,444.04,111.01,2025-03-29,Ongoing,37,12.00108108,33.07314167,0.5362729,,4,,,,,2023-07-20,2026-08-19
"SET2 - MBA",6729393132997,35-44,female,not_delivering,ad,3872,4971,1.28383264,"7-day click or 1-day view","Messaging conversations started",3,438.6,146.2,2025-05-25,Ongoing,14,31.32857143,88.23174412,0.56326695,,3,,,,,2023-07-20,2026-08-19
"ad set 1",6991650447397,35-44,male,not_delivering,ad,6048,8131,1.34441138,"7-day click or 1-day view","Messaging conversations started",9,435.73,48.41444444,2026-08-05,Ongoing,57,7.64438596,53.58873447,0.82400689,,9,,,,,2023-07-20,2026-08-19
"New Engagement ad set",6931643198797,18-24,female,not_delivering,ad,7070,9797,1.38571429,"7-day click or 1-day view",,,426.73,,2026-05-20,Ongoing,45,9.48288889,43.55721139,0.55118914,,,,,,,2023-07-20,2026-08-19
"MMU MBA",6673302606997,18-24,male,not_delivering,ad,7360,9991,1.35747283,"7-day click or 1-day view","Messaging conversations started",7,424.42,60.63142857,2025-04-14,Ongoing,36,11.78944444,42.48023221,0.51045941,,7,,,,,2023-07-20,2026-08-19
"New Engagement ad set",6931637947997,18-24,female,not_delivering,ad,7256,10013,1.37996141,"7-day click or 1-day view","Messaging conversations started",3,413.47,137.82333333,2026-05-20,Ongoing,41,10.08463415,41.29331869,0.48936383,,3,,,,,2023-07-20,2026-08-19
"MMU MBA",6673302606997,25-34,male,not_delivering,ad,4500,6352,1.41155556,"7-day click or 1-day view","Messaging conversations started",4,413.27,103.3175,2025-04-14,Ongoing,28,14.75964286,65.06139798,0.5824937,,4,,,,,2023-07-20,2026-08-19
"New Engagement ad set",6699157892597,18-24,female,not_delivering,ad,12656,16175,1.27804994,"7-day click or 1-day view","Messaging conversations started",3,409.86,136.62,2025-05-01,Ongoing,27,15.18,25.33910355,0.33384853,,3,,,,,2023-07-20,2026-08-19
"Ad set 1",6882908081197,25-34,female,not_delivering,ad,9024,10755,1.19182181,"7-day click or 1-day view",,,405.84,,2026-03-15,Ongoing,54,7.51555556,37.73500697,0.61366806,,,,,,,2023-07-20,2026-08-19
"Ads - Punjab – Online",6920851258197,25-34,male,not_delivering,ad,7992,11833,1.48060561,"7-day click or 1-day view","Messaging conversations started",1,394.7,394.7,2026-05-06,Ongoing,61,6.4704918,33.35586918,0.59156596,,1,,,,,2023-07-20,2026-08-19
"New Engagement ad set",6768967611597,25-34,male,not_delivering,ad,5064,5876,1.16034755,"7-day click or 1-day view","Messaging conversations started",1,394.18,394.18,2025-07-15,Ongoing,19,20.74631579,67.08304969,0.45949626,,1,,,,,2023-07-20,2026-08-19
"Ad set 1",6981899481397,35-44,male,active,ad,7808,10579,1.35489242,"7-day click or 1-day view","Messaging conversations started",4,388.36,97.09,2026-07-01,Ongoing,29,13.39172414,36.71046413,0.35920219,,4,,,,,2023-07-20,2026-08-19
SET1,6712664669597,18-24,female,not_delivering,ad,11840,13773,1.16326014,"7-day click or 1-day view","Messaging conversations started",2,388.33,194.165,2025-05-01,Ongoing,27,14.38259259,28.19501924,0.31946562,,2,,,,,2023-07-20,2026-08-19
"Ads - Punjab – Online",6917755073197,25-34,male,not_delivering,ad,8648,11505,1.3303654,"7-day click or 1-day view","Messaging conversations started",1,388.11,388.11,2026-05-06,Ongoing,10,38.811,33.73402868,0.14776184,,1,,,,,2023-07-20,2026-08-19
"Ads - Punjab",6929198152397,18-24,male,not_delivering,ad,9448,12310,1.30292125,"7-day click or 1-day view","Messaging conversations started",1,387.74,387.74,2026-04-27,Ongoing,38,10.20368421,31.49796913,0.40617384,,1,,,,,2023-07-20,2026-08-19
"MMU MBA",6671478791597,18-24,male,not_delivering,ad,7788,10325,1.32575758,"7-day click or 1-day view","Messaging conversations started",4,385.04,96.26,2025-04-12,Ongoing,27,14.26074074,37.29200969,0.3874092,,4,,,,,2023-07-20,2026-08-19
"New Engagement ad set",6810171527597,25-34,male,not_delivering,ad,4712,6099,1.29435484,"7-day click or 1-day view","Messaging conversations started",1,384.77,384.77,2025-09-07,Ongoing,18,21.37611111,63.08739138,0.47548778,,1,,,,,2023-07-20,2026-08-19
"New Engagement ad set",6769019704797,18-24,male,inactive,ad,3006,3846,1.27944112,"7-day click or 1-day view","Messaging conversations started",2,384.4,192.2,2025-07-15,Ongoing,9,42.71111111,99.94799792,0.62402496,,2,,,,,2023-07-20,2026-08-19
"Ad set 1",6959716531197,18-24,female,not_delivering,ad,13696,16143,1.1786653,"7-day click or 1-day view","Messaging conversations started",2,381.26,190.63,2026-06-14,Ongoing,66,5.77666667,23.6176671,0.45840302,,2,,,,,2023-07-20,2026-08-19
SET1,6699359479597,25-34,male,not_delivering,ad,2312,3500,1.51384083,"7-day click or 1-day view","Messaging conversations started",4,380.09,95.0225,2025-05-01,Ongoing,13,29.23769231,108.59714286,0.57142857,,4,,,,,2023-07-20,2026-08-19
"New Engagement ad set",6768967611597,18-24,male,not_delivering,ad,8344,9968,1.19463087,"7-day click or 1-day view","Messaging conversations started",2,378.56,189.28,2025-07-15,Ongoing,17,22.26823529,37.97752809,0.31099518,,2,,,,,2023-07-20,2026-08-19
"Ads - Punjab",6925557264397,25-34,female,not_delivering,ad,7520,9769,1.29906915,"7-day click or 1-day view","Messaging conversations started",6,367.14,61.19,2026-04-27,Ongoing,41,8.95463415,37.58214761,0.61418774,,6,,,,,2023-07-20,2026-08-19
SET1,6805961553997,25-34,male,not_delivering,ad,8648,10538,1.21854764,"7-day click or 1-day view","Messaging conversations started",2,366.58,183.29,2025-05-13,Ongoing,17,21.56352941,34.786487,0.29417347,,2,,,,,2023-07-20,2026-08-19
"Ad set 1",6987226895797,25-34,female,not_delivering,ad,5184,6241,1.2038966,"7-day click or 1-day view","Messaging conversations started",5,361.14,72.228,2026-08-03,Ongoing,39,9.26,57.86572665,0.73706137,,5,,,,,2023-07-20,2026-08-19
"Ads - City",6941448198397,18-24,male,not_delivering,ad,11488,15942,1.38770891,"7-day click or 1-day view","Messaging conversations started",6,360.71,60.11833333,2026-05-30,Ongoing,23,15.68304348,22.62639568,0.23209133,,6,,,,,2023-07-20,2026-08-19
"ad set 1",6988779224197,25-34,male,not_delivering,ad,9088,11110,1.2224912,"7-day click or 1-day view","Messaging conversations started",3,360.65,120.21666667,2026-08-05,Ongoing,33,10.92878788,32.46174617,0.3150315,,3,,,,,2023-07-20,2026-08-19
LPU,6986170907997,18-24,female,not_delivering,ad,8656,13527,1.56273105,"7-day click or 1-day view",,,360.49,,2026-07-31,Ongoing,26,13.865,26.64966364,0.25134915,,,,,,,2023-07-20,2026-08-19
"Ads - Punjab – Online",6917755073197,18-24,male,not_delivering,ad,10608,14039,1.32343514,"7-day click or 1-day view","Messaging conversations started",2,358.98,179.49,2026-05-06,Ongoing,27,13.29555556,25.57019731,0.24930551,,2,,,,,2023-07-20,2026-08-19
"New Engagement ad set",6612223448397,35-44,male,not_delivering,ad,1808,3671,2.03042035,"7-day click or 1-day view","Messaging conversations started",5,355.18,71.036,2025-02-16,Ongoing,11,32.28909091,96.75292836,0.84445655,,5,,,,,2023-07-20,2026-08-19
"Ad set",6887030430597,25-34,female,not_delivering,ad,6288,8174,1.29993639,"7-day click or 1-day view","Messaging conversations started",2,353.59,176.795,2026-03-22,Ongoing,33,10.71484848,43.25789087,0.50159041,,2,,,,,2023-07-20,2026-08-19
"Ads - Punjab",6929198152397,25-34,male,not_delivering,ad,6632,8754,1.31996381,"7-day click or 1-day view","Messaging conversations started",3,352.86,117.62,2026-04-27,Ongoing,29,12.16758621,40.30843043,0.39981723,,3,,,,,2023-07-20,2026-08-19
"New Engagement ad set - City",6830723550797,25-34,female,not_delivering,ad,4256,5969,1.4024906,"7-day click or 1-day view",,,351.25,,2025-11-18,Ongoing,20,17.5625,58.8457028,0.5361032,,,,,,,2023-07-20,2026-08-19
"New Engagement ad set",6707055838397,18-24,male,not_delivering,ad,10496,14055,1.33908155,"7-day click or 1-day view","Messaging conversations started",6,350.26,58.37666667,2025-04-18,Ongoing,34,10.30176471,24.9206688,0.36286019,,6,,,,,2023-07-20,2026-08-19
AMITY,6986086788797,25-34,male,not_delivering,ad,2856,3665,1.28326331,"7-day click or 1-day view","Messaging conversations started",2,346.62,173.31,2026-07-31,Ongoing,5,69.324,94.57571623,0.2728513,,2,,,,,2023-07-20,2026-08-19
"MMU MBA",6671478791597,25-34,male,not_delivering,ad,5056,6779,1.34078323,"7-day click or 1-day view","Messaging conversations started",3,345.31,115.10333333,2025-04-12,Ongoing,21,16.44333333,50.93819147,0.47204602,,3,,,,,2023-07-20,2026-08-19
"New Engagement ad set",6769014077397,35-44,male,inactive,ad,1420,2124,1.49577465,"7-day click or 1-day view","Messaging conversations started",6,340.84,56.80666667,2025-07-15,Ongoing,10,34.084,160.47080979,0.84745763,,6,,,,,2023-07-20,2026-08-19
"New Engagement ad set",6612225065997,25-34,male,not_delivering,ad,1996,3094,1.5501002,"7-day click or 1-day view","Messaging conversations started",4,340.82,85.205,2025-02-16,Ongoing,10,34.082,110.15513898,0.74337427,,4,,,,,2023-07-20,2026-08-19
SET1,6707077774397,18-24,male,not_delivering,ad,7392,9346,1.26433983,"7-day click or 1-day view","Messaging conversations started",5,339.22,67.844,2025-05-01,Ongoing,18,18.84555556,36.29574149,0.38519153,,5,,,,,2023-07-20,2026-08-19
SET1,6699359479597,18-24,female,not_delivering,ad,4544,6419,1.41263204,"7-day click or 1-day view","Messaging conversations started",2,337.84,168.92,2025-05-01,Ongoing,20,16.892,52.63125097,0.40504752,,2,,,,,2023-07-20,2026-08-19
"Ads - Punjab",6929198152397,18-24,female,not_delivering,ad,6856,9157,1.33561844,"7-day click or 1-day view","Messaging conversations started",1,335.1,335.1,2026-04-27,Ongoing,34,9.85588235,36.59495468,0.43682429,,1,,,,,2023-07-20,2026-08-19
"Ads - Punjab",6911093707997,18-24,male,inactive,ad,8816,11719,1.32928766,"7-day click or 1-day view","Messaging conversations started",2,333.48,166.74,2026-04-27,Ongoing,52,6.41307692,28.45635293,0.49492277,,2,,,,,2023-07-20,2026-08-19
"Ads - Punjab – Online",6920851258197,18-24,female,not_delivering,ad,9096,13068,1.43667546,"7-day click or 1-day view","Messaging conversations started",3,332.3,110.76666667,2026-05-06,Ongoing,48,6.92291667,25.4285277,0.43617998,,3,,,,,2023-07-20,2026-08-19
"ad set 1",6857978483197,25-34,male,not_delivering,ad,2832,4083,1.44173729,"7-day click or 1-day view","Messaging conversations started",7,330.61,47.23,2026-01-23,Ongoing,16,20.663125,80.97232427,0.5143277,1,7,,,,,2023-07-20,2026-08-19
LPU,6986170907997,35-44,male,not_delivering,ad,1872,3092,1.6517094,"7-day click or 1-day view","Messaging conversations started",3,330.29,110.09666667,2026-07-31,Ongoing,13,25.40692308,106.82082794,0.64683053,,3,,,,,2023-07-20,2026-08-19
"New Engagement ad set",6810171527597,18-24,female,not_delivering,ad,6768,8685,1.28324468,"7-day click or 1-day view","Messaging conversations started",5,330.06,66.012,2025-09-07,Ongoing,22,15.00272727,38.00345423,0.37996546,,5,,,,,2023-07-20,2026-08-19
"ad set 1",6881705351597,18-24,male,not_delivering,ad,10704,14878,1.38994768,"7-day click or 1-day view","Messaging conversations started",3,328.66,109.55333333,2026-01-31,Ongoing,93,3.53397849,22.09033472,0.71918269,,3,,,,,2023-07-20,2026-08-19
"New Engagement ad set",6707055838397,18-24,female,not_delivering,ad,10616,13354,1.25791258,"7-day click or 1-day view","Messaging conversations started",3,327.74,109.24666667,2025-04-18,Ongoing,20,16.387,24.54245919,0.30702411,,3,,,,,2023-07-20,2026-08-19
SET1,6712664669597,18-24,male,not_delivering,ad,10560,12320,1.16666667,"7-day click or 1-day view","Messaging conversations started",6,323.39,53.89833333,2025-05-01,Ongoing,34,9.51147059,26.24918831,0.42207792,,6,,,,,2023-07-20,2026-08-19
"New Engagement ad set",6707055838397,25-34,female,not_delivering,ad,7976,9745,1.22179037,"7-day click or 1-day view","Messaging conversations started",3,322.56,107.52,2025-04-18,Ongoing,12,26.88,33.10005131,0.27706516,,3,,,,,2023-07-20,2026-08-19
"ad set 1",6857978483197,18-24,male,not_delivering,ad,3676,5396,1.46789989,"7-day click or 1-day view","Messaging conversations started",4,321.33,80.3325,2026-01-23,Ongoing,21,15.30142857,59.54966642,0.4818384,1,4,,,,,2023-07-20,2026-08-19
SET1,6768966430597,25-34,male,not_delivering,ad,4780,4993,1.04456067,"7-day click or 1-day view","Messaging conversations started",1,318.95,318.95,2025-05-13,Ongoing,15,21.26333333,63.8794312,0.48067294,,1,,,,,2023-07-20,2026-08-19
"Ads - Punjab – Online",6917755073197,18-24,female,not_delivering,ad,8856,12062,1.36201445,"7-day click or 1-day view","Messaging conversations started",3,318.14,106.04666667,2026-05-06,Ongoing,18,17.67444444,26.3753938,0.24042447,,3,,,,,2023-07-20,2026-08-19
"Ads - Punjab",6915640775197,35-44,female,not_delivering,ad,6080,7486,1.23125,"7-day click or 1-day view","Messaging conversations started",1,317.44,317.44,2026-04-27,Ongoing,27,11.75703704,42.40448838,0.50761421,,1,,,,,2023-07-20,2026-08-19
"ad set 1",6988775707397,35-44,female,not_delivering,ad,4544,6368,1.40140845,"7-day click or 1-day view","Messaging conversations started",4,315.29,78.8225,2026-08-05,Ongoing,36,8.75805556,49.5116206,0.67525126,,4,,,,,2023-07-20,2026-08-19
"SET2 - MBA",6729393132597,35-44,female,not_delivering,ad,1904,2864,1.50420168,"7-day click or 1-day view",,,310.38,,2025-05-25,Ongoing,8,38.7975,108.37290503,0.41899441,,,,,,,2023-07-20,2026-08-19
SET1,6699345237797,18-24,male,not_delivering,ad,5628,7196,1.27860697,"7-day click or 1-day view","Messaging conversations started",4,308.55,77.1375,2025-05-01,Ongoing,16,19.284375,42.87798777,0.33351862,,4,,,,,2023-07-20,2026-08-19
"Ads - Punjab",6911093707997,18-24,female,inactive,ad,6456,8669,1.34278191,"7-day click or 1-day view","Messaging conversations started",4,306.36,76.59,2026-04-27,Ongoing,40,7.659,35.33971623,0.56523244,,4,,,,,2023-07-20,2026-08-19
"ad set 1",6881705351597,25-34,male,not_delivering,ad,6424,8535,1.32861146,"7-day click or 1-day view","Messaging conversations started",2,299.94,149.97,2026-01-31,Ongoing,32,9.373125,35.14235501,0.609256,,2,,,,,2023-07-20,2026-08-19
"Ad set",6924458397797,25-34,male,not_delivering,ad,3256,4967,1.5254914,"7-day click or 1-day view","Messaging conversations started",1,298.74,298.74,2026-05-13,Ongoing,31,9.63677419,60.14495671,0.76504933,,1,,,,,2023-07-20,2026-08-19
AMITY,6986086788797,18-24,male,not_delivering,ad,4568,5851,1.2808669,"7-day click or 1-day view","Messaging conversations started",3,297.15,99.05,2026-07-31,Ongoing,11,27.01363636,50.78619039,0.20509315,,3,,,,,2023-07-20,2026-08-19
AMITY,6986086788797,18-24,female,not_delivering,ad,5288,6748,1.27609682,"7-day click or 1-day view",,,297.03,,2026-07-31,Ongoing,8,37.12875,44.01748666,0.17783047,,,,,,,2023-07-20,2026-08-19
"Ads - HP+Jammu",6910463660997,25-34,male,not_delivering,ad,7904,10257,1.29769737,"7-day click or 1-day view","Messaging conversations started",3,296.95,98.98333333,2026-04-26,Ongoing,32,9.2796875,28.95096032,0.47772253,,3,,,,,2023-07-20,2026-08-19
"New Engagement ad set",6768975019797,18-24,female,not_delivering,ad,2896,4337,1.49758287,"7-day click or 1-day view",,,296.88,,2025-07-15,Ongoing,10,29.688,68.45284759,0.32280378,,,,,,,2023-07-20,2026-08-19
"Ad set",6887030430597,18-24,male,not_delivering,ad,8384,11278,1.3451813,"7-day click or 1-day view","Messaging conversations started",3,295.43,98.47666667,2026-03-22,Ongoing,50,5.9086,26.19524738,0.53200922,,3,,,,,2023-07-20,2026-08-19
"Ad set 1",6953152264197,35-44,female,not_delivering,ad,4448,6540,1.47032374,"7-day click or 1-day view","Messaging conversations started",4,291.68,72.92,2026-06-09,Ongoing,27,10.80296296,44.59938838,0.62691131,,4,,,,,2023-07-20,2026-08-19
"New Engagement ad set",6769014077397,18-24,female,inactive,ad,3504,4537,1.29480594,"7-day click or 1-day view","Messaging conversations started",2,290.52,145.26,2025-07-15,Ongoing,16,18.1575,64.03350231,0.52898391,,2,,,,,2023-07-20,2026-08-19
"New Engagement ad set",6699157892597,45-54,male,not_delivering,ad,2864,4809,1.67912011,"7-day click or 1-day view","Messaging conversations started",13,290.33,22.33307692,2025-05-01,Ongoing,48,6.04854167,60.37221876,1.47639842,,13,,,,,2023-07-20,2026-08-19
"Ad set 1",6953152264197,35-44,male,not_delivering,ad,5248,7306,1.39214939,"7-day click or 1-day view","Messaging conversations started",1,288.67,288.67,2026-06-09,Ongoing,18,16.03722222,39.51136053,0.35587189,,1,,,,,2023-07-20,2026-08-19
"ad set 1",6858002122997,35-44,female,not_delivering,ad,4624,7165,1.54952422,"7-day click or 1-day view",,,288.55,,2026-01-23,Ongoing,22,13.11590909,40.27215632,0.5303559,,,,,,,2023-07-20,2026-08-19
"Ad set 1",6987226895797,18-24,female,not_delivering,ad,7384,8294,1.12323944,"7-day click or 1-day view","Messaging conversations started",1,288.46,288.46,2026-08-03,Ongoing,23,12.54173913,34.77935857,0.36170726,,1,,,,,2023-07-20,2026-08-19
"Ad set 1",6981899481397,35-44,female,active,ad,4480,6383,1.42477679,"7-day click or 1-day view",,,287.61,,2026-07-01,Ongoing,16,17.975625,45.0587498,0.4386652,,,,,,,2023-07-20,2026-08-19
"New Engagement ad set",6675809957397,25-34,male,not_delivering,ad,6120,8704,1.42222222,"7-day click or 1-day view","Messaging conversations started",3,284.95,94.98333333,2025-04-18,Ongoing,24,11.87291667,32.73782169,0.40211397,,3,,,,,2023-07-20,2026-08-19
"New Engagement ad set",6699157892597,25-34,female,not_delivering,ad,4768,6636,1.39177852,"7-day click or 1-day view",,,284.88,,2025-05-01,Ongoing,22,12.94909091,42.92947559,0.54249548,,,,,,,2023-07-20,2026-08-19
"Ad set 1",6987226895797,18-24,male,not_delivering,ad,9888,11018,1.11427994,"7-day click or 1-day view","Messaging conversations started",3,283.94,94.64666667,2026-08-03,Ongoing,36,7.88722222,25.77055727,0.38119441,,3,,,,,2023-07-20,2026-08-19
"New Engagement ad set",6931637947997,25-34,female,not_delivering,ad,3260,4577,1.40398773,"7-day click or 1-day view","Messaging conversations started",2,282.69,141.345,2026-05-20,Ongoing,25,11.3076,61.76316364,0.80838977,,2,,,,,2023-07-20,2026-08-19
LPU,6986170907997,18-24,male,not_delivering,ad,7712,12539,1.62590768,"7-day click or 1-day view","Messaging conversations started",1,282.59,282.59,2026-07-31,Ongoing,20,14.1295,22.53688492,0.23925353,,1,,,,,2023-07-20,2026-08-19
"Ad Set 1",6915949742397,35-44,male,not_delivering,ad,592,1329,2.24493243,"7-day click or 1-day view","Messaging conversations started",4,281.7,70.425,2026-05-03,Ongoing,13,21.66923077,211.96388262,1.88111362,,4,,,,,2023-07-20,2026-08-19
"New Engagement ad set - 1",6833677863397,18-24,male,not_delivering,ad,1424,2040,1.43258427,"7-day click or 1-day view","Messaging conversations started",1,279.03,279.03,2025-11-21,Ongoing,9,31.00333333,136.77941176,0.68627451,,1,,,,,2023-07-20,2026-08-19
"Ad set 1",6959716531197,35-44,male,not_delivering,ad,5344,6182,1.15681138,"7-day click or 1-day view","Messaging conversations started",6,278.91,46.485,2026-06-14,Ongoing,24,11.62125,45.11646716,0.45292786,,6,,,,,2023-07-20,2026-08-19
"Ad set",6924458397797,25-34,female,not_delivering,ad,1944,2763,1.4212963,"7-day click or 1-day view",,,275.42,,2026-05-13,Ongoing,12,22.95166667,99.68150561,0.6514658,,,,,,,2023-07-20,2026-08-19
SET1,6668282296197,18-24,male,not_delivering,ad,4826,6461,1.33878989,"7-day click or 1-day view",,,275.19,,2025-04-09,Ongoing,6,45.865,42.59247794,0.32502709,,,,,,,2023-07-20,2026-08-19
"Ad set 1",6882908661197,25-34,male,not_delivering,ad,2094,3002,1.43361987,"7-day click or 1-day view","Messaging conversations started",6,275.06,45.84333333,2026-03-15,Ongoing,22,12.50272727,91.62558294,1.06595603,,6,,,,,2023-07-20,2026-08-19
"New Engagement ad set - City",6830713058797,25-34,male,not_delivering,ad,1536,1918,1.24869792,"7-day click or 1-day view","Messaging conversations started",1,273.35,273.35,2025-11-18,Ongoing,6,45.55833333,142.51824818,0.52137643,,1,,,,,2023-07-20,2026-08-19
"New Engagement ad set",6931643198797,25-34,female,not_delivering,ad,2346,3286,1.40068201,"7-day click or 1-day view",,,272.95,,2026-05-20,Ongoing,12,22.74583333,83.06451613,0.54777845,,,,,,,2023-07-20,2026-08-19
LPU,6986170907997,35-44,female,not_delivering,ad,1112,1912,1.71942446,"7-day click or 1-day view","Messaging conversations started",2,272.06,136.03,2026-07-31,Ongoing,6,45.34333333,142.29079498,0.52301255,,2,,,,,2023-07-20,2026-08-19
"New Engagement ad set",6804632076397,35-44,female,not_delivering,ad,3104,4370,1.40786082,"7-day click or 1-day view","Messaging conversations started",2,268.8,134.4,2025-09-07,Ongoing,17,15.81176471,61.51029748,0.52631579,,2,,,,,2023-07-20,2026-08-19
"New Engagement ad set",6768967611597,18-24,female,not_delivering,ad,5704,6782,1.18899018,"7-day click or 1-day view",,,267.29,,2025-07-15,Ongoing,9,29.69888889,39.41167797,0.38336774,,,,,,,2023-07-20,2026-08-19
"Ads - Punjab",6929198152397,25-34,female,not_delivering,ad,4192,5528,1.31870229,"7-day click or 1-day view","Messaging conversations started",5,264.7,52.94,2026-04-27,Ongoing,27,9.8037037,47.88350217,0.66931983,,5,,,,,2023-07-20,2026-08-19
"ad set 1",6861112894797,25-34,male,not_delivering,ad,4396,5258,1.19608735,"7-day click or 1-day view","Messaging conversations started",1,264.61,264.61,2026-01-31,Ongoing,21,12.60047619,50.32521871,0.51350323,,1,,,,,2023-07-20,2026-08-19
"Ads - Punjab",6911093707997,25-34,male,inactive,ad,5720,7512,1.31328671,"7-day click or 1-day view","Messaging conversations started",2,262.93,131.465,2026-04-27,Ongoing,21,12.52047619,35.0013312,0.35942492,,2,,,,,2023-07-20,2026-08-19
LPU,6989431969797,25-34,male,not_delivering,ad,3356,4167,1.24165673,"7-day click or 1-day view","Messaging conversations started",1,262.4,262.4,2026-08-07,Ongoing,18,14.57777778,62.97096232,0.57595392,,1,,,,,2023-07-20,2026-08-19
SET1,6675281097197,25-34,male,not_delivering,ad,2510,3167,1.26175299,"7-day click or 1-day view","Messaging conversations started",7,262.16,37.45142857,2025-04-17,Ongoing,17,15.42117647,82.77865488,0.75781497,,7,,,,,2023-07-20,2026-08-19
AMITY,6986108114197,25-34,male,not_delivering,ad,2864,4069,1.42074022,"7-day click or 1-day view","Messaging conversations started",2,257.74,128.87,2026-07-31,Ongoing,31,8.31419355,63.34234456,0.81101008,,2,,,,,2023-07-20,2026-08-19
"Ads - HP+Jammu",6915646915997,25-34,male,not_delivering,ad,6088,8886,1.45959264,"7-day click or 1-day view","Messaging conversations started",3,257.19,85.73,2026-04-26,Ongoing,44,5.84522727,28.94328157,0.59644384,,3,,,,,2023-07-20,2026-08-19
"Ads - Punjab – Online",6917755073197,25-34,female,not_delivering,ad,5032,6627,1.31697138,"7-day click or 1-day view","Messaging conversations started",3,256.92,85.64,2026-05-06,Ongoing,15,17.128,38.76867361,0.34706504,,3,,,,,2023-07-20,2026-08-19
"New Engagement ad set",6612225065997,18-24,male,not_delivering,ad,2908,4056,1.39477304,"7-day click or 1-day view","Messaging conversations started",5,255.1,51.02,2025-02-16,Ongoing,17,15.00588235,62.89447732,0.54240631,,5,,,,,2023-07-20,2026-08-19
"New Engagement ad set",6768974549597,25-34,female,not_delivering,ad,1996,2498,1.25150301,"7-day click or 1-day view","Messaging conversations started",1,255,255,2025-07-15,Ongoing,15,17,102.08166533,0.80064051,,1,,,,,2023-07-20,2026-08-19
SET1,6805961553997,18-24,female,not_delivering,ad,8656,10663,1.23186229,"7-day click or 1-day view",,,254.12,,2025-05-13,Ongoing,17,14.94823529,23.83194223,0.40326362,,,,,,,2023-07-20,2026-08-19
"New Engagement ad set - City",6830723550797,35-44,male,not_delivering,ad,1904,2582,1.35609244,"7-day click or 1-day view","Messaging conversations started",1,250.96,250.96,2025-11-18,Ongoing,12,20.91333333,97.19597211,0.92951201,,1,,,,,2023-07-20,2026-08-19
"Ads - HP+Jammu",6910463660997,25-34,female,not_delivering,ad,6088,7633,1.25377792,"7-day click or 1-day view","Messaging conversations started",2,249.85,124.925,2026-04-26,Ongoing,24,10.41041667,32.73287043,0.41923228,,2,,,,,2023-07-20,2026-08-19
"Ad Set 1",6915949742397,45-54,male,not_delivering,ad,426,1041,2.44366197,"7-day click or 1-day view",,,249.54,,2026-05-03,Ongoing,6,41.59,239.71181556,0.96061479,,,,,,,2023-07-20,2026-08-19
"ad set 1",6861112894797,18-24,male,not_delivering,ad,5740,7205,1.25522648,"7-day click or 1-day view","Messaging conversations started",3,243.02,81.00666667,2026-01-31,Ongoing,35,6.94342857,33.72935461,0.54129077,,3,,,,,2023-07-20,2026-08-19
SET1,6707077774397,25-34,male,not_delivering,ad,2776,3475,1.25180115,"7-day click or 1-day view","Messaging conversations started",4,238.25,59.5625,2025-05-01,Ongoing,11,21.65909091,68.56115108,0.46043165,,4,,,,,2023-07-20,2026-08-19
SET1,6790771111597,25-34,female,not_delivering,ad,2104,3127,1.48621673,"7-day click or 1-day view","Messaging conversations started",4,236.52,59.13,2025-05-13,Ongoing,12,19.71,75.63799169,0.60761113,,4,,,,,2023-07-20,2026-08-19
"New Engagement ad set",6769014077397,25-34,female,inactive,ad,2192,2563,1.16925182,"7-day click or 1-day view","Messaging conversations started",3,236.01,78.67,2025-07-15,Ongoing,11,21.45545455,92.0834959,0.58525166,,3,,,,,2023-07-20,2026-08-19
"Ads - HP+Jammu",6915646915997,18-24,male,not_delivering,ad,9912,14383,1.45106941,"7-day click or 1-day view","Messaging conversations started",3,235.31,78.43666667,2026-04-26,Ongoing,57,4.12824561,16.36028645,0.49363832,,3,,,,,2023-07-20,2026-08-19
"ad set 1",6861113921397,18-24,male,inactive,ad,4576,6529,1.42679196,"7-day click or 1-day view","Messaging conversations started",3,231.22,77.07333333,2026-01-31,Ongoing,26,8.89307692,35.41430541,0.50543728,,3,,,,,2023-07-20,2026-08-19
"ad set 1",6988779224197,25-34,female,not_delivering,ad,4344,5615,1.29258748,"7-day click or 1-day view","Messaging conversations started",1,230.66,230.66,2026-08-05,Ongoing,14,16.47571429,41.079252,0.30276046,,1,,,,,2023-07-20,2026-08-19
"ad set 1",6861113921397,25-34,male,inactive,ad,3172,4441,1.40006305,"7-day click or 1-day view","Messaging conversations started",1,229.45,229.45,2026-01-31,Ongoing,12,19.12083333,51.66629138,0.38279667,,1,,,,,2023-07-20,2026-08-19
SET1,6715760430597,35-44,male,not_delivering,ad,1408,2876,2.04261364,"7-day click or 1-day view","Messaging conversations started",1,227.47,227.47,2025-05-13,Ongoing,4,56.8675,79.09248957,0.20862309,,1,,,,,2023-07-20,2026-08-19
SET1,6723531169197,18-24,male,inactive,ad,2053,3176,1.54700438,"7-day click or 1-day view","Messaging conversations started",3,225.98,75.32666667,2025-05-19,Ongoing,10,22.598,71.15239295,0.4093199,,3,,,,,2023-07-20,2026-08-19
"New Engagement ad set",6805961224197,35-44,female,not_delivering,ad,1936,2549,1.31663223,"7-day click or 1-day view","Messaging conversations started",2,221.74,110.87,2025-09-07,Ongoing,7,31.67714286,86.99097685,0.58846607,,2,,,,,2023-07-20,2026-08-19
"New Engagement ad set",6685419928797,18-24,female,not_delivering,ad,7992,10776,1.34834835,"7-day click or 1-day view","Messaging conversations started",1,221.39,221.39,2025-04-26,Ongoing,18,12.29944444,20.54472903,0.30623608,,1,,,,,2023-07-20,2026-08-19
"ad set 1",6988779224197,18-24,female,not_delivering,ad,7496,9057,1.2082444,"7-day click or 1-day view","Messaging conversations started",3,220.81,73.60333333,2026-08-05,Ongoing,37,5.96783784,24.38003754,0.46372971,,3,,,,,2023-07-20,2026-08-19
"ad set 1",6988779224197,18-24,male,not_delivering,ad,8112,9573,1.18010355,"7-day click or 1-day view","Messaging conversations started",2,220.25,110.125,2026-08-05,Ongoing,30,7.34166667,23.00741669,0.32382743,,2,,,,,2023-07-20,2026-08-19
"New Engagement ad set",6699157892597,35-44,female,not_delivering,ad,2992,4303,1.43816845,"7-day click or 1-day view","Messaging conversations started",2,220.12,110.06,2025-05-01,Ongoing,12,18.34333333,51.15500813,0.60422961,,2,,,,,2023-07-20,2026-08-19
"New Engagement ad set",6685419928797,25-34,male,not_delivering,ad,3840,5782,1.50572917,"7-day click or 1-day view",,,219.77,,2025-04-26,Ongoing,7,31.39571429,38.00933933,0.29401591,,,,,,,2023-07-20,2026-08-19
SET1,6699345237797,25-34,male,not_delivering,ad,1284,1680,1.30841121,"7-day click or 1-day view","Messaging conversations started",1,217.97,217.97,2025-05-01,Ongoing,5,43.594,129.74404762,0.5952381,,1,,,,,2023-07-20,2026-08-19
"ad set 1",6857978483197,18-24,female,not_delivering,ad,2760,4033,1.46123188,"7-day click or 1-day view","Messaging conversations started",2,216.59,108.295,2026-01-23,Ongoing,17,12.74058824,53.70443838,0.47111332,,2,,,,,2023-07-20,2026-08-19
"New Engagement ad set",6769019704797,18-24,female,inactive,ad,2394,3181,1.32873851,"7-day click or 1-day view","Messaging conversations started",1,216.47,216.47,2025-07-15,Ongoing,9,24.05222222,68.05092738,0.50298648,,1,,,,,2023-07-20,2026-08-19
"New Engagement ad set",6612225065997,25-34,female,not_delivering,ad,1134,1724,1.52028219,"7-day click or 1-day view","Messaging conversations started",3,213.08,71.02666667,2025-02-16,Ongoing,8,26.635,123.5962877,0.5800464,,3,,,,,2023-07-20,2026-08-19
"Ads - HP+Jammu",6910463660997,18-24,female,not_delivering,ad,7080,8888,1.25536723,"7-day click or 1-day view","Messaging conversations started",3,209.76,69.92,2026-04-26,Ongoing,13,16.13538462,23.60036004,0.23627363,,3,,,,,2023-07-20,2026-08-19
"New Engagement ad set",6769019704797,35-44,male,inactive,ad,492,761,1.54674797,"7-day click or 1-day view","Messaging conversations started",2,208.98,104.49,2025-07-15,Ongoing,6,34.83,274.61235217,0.78843627,,2,,,,,2023-07-20,2026-08-19
"MMU MBA",6673302606997,18-24,female,not_delivering,ad,4792,6285,1.31156093,"7-day click or 1-day view","Messaging conversations started",1,207.12,207.12,2025-04-14,Ongoing,15,13.808,32.95465394,0.41368337,,1,,,,,2023-07-20,2026-08-19
SET1,6768966430597,18-24,male,not_delivering,ad,5704,6273,1.09975456,"7-day click or 1-day view",,,206.72,,2025-05-13,Ongoing,11,18.79272727,32.95392954,0.25506137,,,,,,,2023-07-20,2026-08-19
"New Engagement ad set",6768974549597,35-44,male,not_delivering,ad,804,1133,1.40920398,"7-day click or 1-day view","Messaging conversations started",2,205.61,102.805,2025-07-15,Ongoing,4,51.4025,181.47396293,0.35304501,,2,,,,,2023-07-20,2026-08-19
"Ad set 1",6989198212397,35-44,female,active,ad,3008,4201,1.39660904,"7-day click or 1-day view","Messaging conversations started",2,204.62,102.31,2026-07-01,Ongoing,28,7.30785714,48.70745061,0.85693882,,2,,,,,2023-07-20,2026-08-19
"New Engagement ad set",6768975019797,25-34,female,not_delivering,ad,1140,1620,1.42105263,"7-day click or 1-day view","Messaging conversations started",1,204.28,204.28,2025-07-15,Ongoing,7,29.18285714,126.09876543,0.61728395,,1,,,,,2023-07-20,2026-08-19
SET1,6707077774397,18-24,female,not_delivering,ad,5624,7023,1.24875533,"7-day click or 1-day view","Messaging conversations started",1,203.88,203.88,2025-05-01,Ongoing,14,14.56285714,29.03032892,0.37021216,,1,,,,,2023-07-20,2026-08-19
"New Engagement ad set",6675809957397,25-34,female,not_delivering,ad,4816,5943,1.23401163,"7-day click or 1-day view","Messaging conversations started",3,201.56,67.18666667,2025-04-18,Ongoing,13,15.50461538,33.91553088,0.40383645,,3,,,,,2023-07-20,2026-08-19
"New Engagement ad set - 1",6832548169597,18-24,male,not_delivering,ad,592,962,1.625,"7-day click or 1-day view","Messaging conversations started",2,200.79,100.395,2025-11-21,Ongoing,6,33.465,208.72141372,0.83160083,,2,,,,,2023-07-20,2026-08-19
"Ads - Punjab – Online",6920851258197,25-34,female,not_delivering,ad,3432,5226,1.52272727,"7-day click or 1-day view","Messaging conversations started",1,200.03,200.03,2026-05-06,Ongoing,20,10.0015,38.27592805,0.45924225,,1,,,,,2023-07-20,2026-08-19
AMITY,6986086788797,25-34,female,not_delivering,ad,1656,2027,1.22403382,"7-day click or 1-day view",,,199.4,,2026-07-31,Ongoing,1,199.4,98.37197829,0.14800197,,,,,,,2023-07-20,2026-08-19
"New Engagement ad set",6675809957397,18-24,female,not_delivering,ad,6712,8751,1.30378427,"7-day click or 1-day view","Messaging conversations started",1,199.02,199.02,2025-04-18,Ongoing,9,22.11333333,22.74254371,0.20569078,,1,,,,,2023-07-20,2026-08-19
"New Engagement ad set",6675809957397,18-24,male,not_delivering,ad,7264,9291,1.27904736,"7-day click or 1-day view","Messaging conversations started",3,198.75,66.25,2025-04-18,Ongoing,20,9.9375,21.39166936,0.37670864,,3,,,,,2023-07-20,2026-08-19
AMITY,6986108114197,18-24,male,not_delivering,ad,5148,7388,1.43512044,"7-day click or 1-day view","Messaging conversations started",2,198.73,99.365,2026-07-31,Ongoing,49,4.05571429,26.89902545,0.730915,,2,,,,,2023-07-20,2026-08-19
SET1,6668282296197,18-24,female,not_delivering,ad,3098,4131,1.33344093,"7-day click or 1-day view","Messaging conversations started",3,197.39,65.79666667,2025-04-09,Ongoing,11,17.94454545,47.78261922,0.50835149,,3,,,,,2023-07-20,2026-08-19
SET1,6715762376997,35-44,male,archived,ad,4480,6349,1.4171875,"7-day click or 1-day view","Messaging conversations started",2,196.56,98.28,2025-05-13,Ongoing,27,7.28,30.95920617,0.64577099,,2,,,,,2023-07-20,2026-08-19
"Ads - City",6941448198397,35-44,male,not_delivering,ad,2848,4206,1.47682584,"7-day click or 1-day view","Messaging conversations started",3,196.14,65.38,2026-05-30,Ongoing,11,17.83090909,46.63338088,0.45173562,,3,,,,,2023-07-20,2026-08-19
LPU,6989431969797,18-24,female,not_delivering,ad,5412,6514,1.20362158,"7-day click or 1-day view","Messaging conversations started",1,195.87,195.87,2026-08-07,Ongoing,18,10.88166667,30.06908198,0.38378876,,1,,,,,2023-07-20,2026-08-19
"Ad set",6887030430597,18-24,female,not_delivering,ad,4880,6202,1.27090164,"7-day click or 1-day view",,,195.38,,2026-03-22,Ongoing,22,8.88090909,31.50274105,0.4675911,,,,,,,2023-07-20,2026-08-19
"New Engagement ad set",6675810692397,25-34,male,not_delivering,ad,2856,4254,1.4894958,"7-day click or 1-day view","Messaging conversations started",2,191.72,95.86,2025-04-18,Ongoing,10,19.172,45.06817113,0.39962388,,2,,,,,2023-07-20,2026-08-19
"Ad Online",6915913764397,18-24,male,not_delivering,ad,4116,5747,1.3962585,"7-day click or 1-day view","Messaging conversations started",2,191.62,95.81,2026-05-01,Ongoing,19,10.08526316,33.34261354,0.41760919,,2,,,,,2023-07-20,2026-08-19
"New Engagement ad set",6685419928797,18-24,male,not_delivering,ad,6808,8826,1.29641598,"7-day click or 1-day view",,,191.47,,2025-04-26,Ongoing,12,15.95583333,21.69385905,0.2605937,,,,,,,2023-07-20,2026-08-19
"ad set 1",6881705351597,25-34,female,not_delivering,ad,2640,3417,1.29431818,"7-day click or 1-day view","Messaging conversations started",1,190.45,190.45,2026-01-31,Ongoing,16,11.903125,55.73602575,0.55604331,,1,,,,,2023-07-20,2026-08-19
SET1,6732746421397,25-34,male,not_delivering,ad,2996,3850,1.28504673,"7-day click or 1-day view","Messaging conversations started",2,189.06,94.53,2025-05-20,Ongoing,7,27.00857143,49.10649351,0.36363636,,2,,,,,2023-07-20,2026-08-19
SET1,6734947246397,18-24,male,not_delivering,ad,6340,7962,1.25583596,"7-day click or 1-day view","Messaging conversations started",1,189,189,2025-05-19,Ongoing,19,9.94736842,23.73775433,0.28887214,,1,,,,,2023-07-20,2026-08-19
SET1,6734947246397,25-34,male,not_delivering,ad,2992,3730,1.24665775,"7-day click or 1-day view","Messaging conversations started",2,188.73,94.365,2025-05-19,Ongoing,12,15.7275,50.59785523,0.48257373,,2,,,,,2023-07-20,2026-08-19
"New Traffic ad set",6641565898597,25-34,male,not_delivering,ad,28432,39191,1.37841165,"7-day click or 1-day view","Link clicks",265,188.08,0.70973585,2025-03-29,Ongoing,265,0.70973585,4.79906101,0.73231099,,,,,,,2023-07-20,2026-08-19
"Ad set 1",6977308709597,35-44,male,inactive,ad,3328,3757,1.12890625,"7-day click or 1-day view","Messaging conversations started",1,187.83,187.83,2026-07-01,Ongoing,14,13.41642857,49.9946766,0.55895661,,1,,,,,2023-07-20,2026-08-19
SET1,6729387108797,35-44,male,not_delivering,ad,1456,2721,1.86881868,"7-day click or 1-day view",,,187.39,,2025-05-19,Ongoing,20,9.3695,68.86806321,1.10253583,,,,,,,2023-07-20,2026-08-19
LPU,6989431969797,18-24,male,not_delivering,ad,5608,6460,1.15192582,"7-day click or 1-day view","Messaging conversations started",1,186.93,186.93,2026-08-07,Ongoing,32,5.8415625,28.93653251,0.51083591,,1,,,,,2023-07-20,2026-08-19
"Ads - Punjab",6911093707997,25-34,female,inactive,ad,3568,4700,1.31726457,"7-day click or 1-day view","Messaging conversations started",3,184.88,61.62666667,2026-04-27,Ongoing,27,6.84740741,39.33617021,0.78723404,,3,,,,,2023-07-20,2026-08-19
"ad set 1",6858002122997,45-54,male,not_delivering,ad,2176,3573,1.64200368,"7-day click or 1-day view",,,183.82,,2026-01-23,Ongoing,16,11.48875,51.44696334,0.72767982,,,,,,,2023-07-20,2026-08-19
"Ad set 1",6976611088997,25-34,male,inactive,ad,5104,5542,1.08581505,"7-day click or 1-day view","Messaging conversations started",2,183.54,91.77,2026-07-01,Ongoing,13,14.11846154,33.11800794,0.34283652,,2,,,,,2023-07-20,2026-08-19
SET1,6699075335397,18-24,male,not_delivering,ad,8024,9201,1.14668495,"7-day click or 1-day view","Messaging conversations started",1,182.45,182.45,2025-05-01,Ongoing,11,16.58636364,19.82936637,0.26084121,,1,,,,,2023-07-20,2026-08-19
"New Engagement ad set",6685419928797,25-34,female,not_delivering,ad,3704,5034,1.35907127,"7-day click or 1-day view","Messaging conversations started",1,179.55,179.55,2025-04-26,Ongoing,9,19.95,35.66746126,0.25824394,,1,,,,,2023-07-20,2026-08-19
"ad set 1",6861084796397,25-34,male,inactive,ad,2068,2902,1.4032882,"7-day click or 1-day view",,,179.4,,2026-01-31,Ongoing,11,16.30909091,61.81943487,0.44796692,,,,,,,2023-07-20,2026-08-19
"Ad Online",6915913764397,25-34,male,not_delivering,ad,2476,3547,1.4325525,"7-day click or 1-day view","Messaging conversations started",1,179.17,179.17,2026-05-01,Ongoing,11,16.28818182,50.51310967,0.39469975,,1,,,,,2023-07-20,2026-08-19
"New Engagement ad set",6768975019797,35-44,male,not_delivering,ad,676,931,1.37721893,"7-day click or 1-day view",,,178.35,,2025-07-15,Ongoing,1,178.35,191.56820623,0.42964554,,,,,,,2023-07-20,2026-08-19
"ad set 1",6857978483197,25-34,female,not_delivering,ad,1604,2219,1.38341646,"7-day click or 1-day view","Messaging conversations started",1,176.91,176.91,2026-01-23,Ongoing,10,17.691,79.7251014,0.85624155,,1,,,,,2023-07-20,2026-08-19
"Ads - Punjab",6941440448197,35-44,male,not_delivering,ad,4752,5726,1.20496633,"7-day click or 1-day view","Messaging conversations started",1,176.58,176.58,2026-05-30,Ongoing,24,7.3575,30.83828152,0.57631855,,1,,,,,2023-07-20,2026-08-19
SET1,6700709797997,18-24,male,inactive,ad,2273,2914,1.28200616,"7-day click or 1-day view","Messaging conversations started",3,176.17,58.72333333,2025-05-01,Ongoing,8,22.02125,60.4564173,0.58339053,,3,,,,,2023-07-20,2026-08-19
"MMU MBA",6673302606997,35-44,male,not_delivering,ad,1260,1779,1.41190476,"7-day click or 1-day view","Messaging conversations started",2,175.3,87.65,2025-04-14,Ongoing,6,29.21666667,98.53850478,0.73074761,,2,,,,,2023-07-20,2026-08-19
"New Engagement ad set",6768967611597,25-34,female,not_delivering,ad,2384,2651,1.11199664,"7-day click or 1-day view",,,173.64,,2025-07-15,Ongoing,3,57.88,65.49981139,0.30177292,,,,,,,2023-07-20,2026-08-19
"New Traffic ad set",6641565898597,18-24,male,not_delivering,ad,25680,36029,1.40299844,"7-day click or 1-day view","Link clicks",255,173.17,0.67909804,2025-03-29,Ongoing,255,0.67909804,4.80640595,0.7549474,,,,,,,2023-07-20,2026-08-19
SET1,6699075335397,18-24,female,not_delivering,ad,7392,8526,1.15340909,"7-day click or 1-day view","Messaging conversations started",1,171.23,171.23,2025-05-01,Ongoing,23,7.44478261,20.08327469,0.42223786,,1,,,,,2023-07-20,2026-08-19
"Ad set 1",6959716531197,35-44,female,not_delivering,ad,3184,3657,1.14855528,"7-day click or 1-day view",,,170.97,,2026-06-14,Ongoing,19,8.99842105,46.7514356,0.601586,,,,,,,2023-07-20,2026-08-19
"New Engagement ad set",6931643559197,18-24,female,not_delivering,ad,3528,4349,1.23270975,"7-day click or 1-day view","Messaging conversations started",1,170.58,170.58,2026-05-20,Ongoing,22,7.75363636,39.22280984,0.62083238,,1,,,,,2023-07-20,2026-08-19
SET1,6699345237797,18-24,female,not_delivering,ad,3780,4739,1.2537037,"7-day click or 1-day view",,,168.82,,2025-05-01,Ongoing,10,16.882,35.62354927,0.52753746,,,,,,,2023-07-20,2026-08-19
"New Engagement ad set",6810171527597,25-34,female,not_delivering,ad,2232,2659,1.19130824,"7-day click or 1-day view","Messaging conversations started",1,168.78,168.78,2025-09-07,Ongoing,4,42.195,63.4749906,0.33847311,,1,,,,,2023-07-20,2026-08-19
"New Engagement ad set",6715699674797,25-34,male,not_delivering,ad,1716,2590,1.50932401,"7-day click or 1-day view","Messaging conversations started",2,168.05,84.025,2025-05-01,Ongoing,12,14.00416667,64.88416988,1.08108108,,2,,,,,2023-07-20,2026-08-19
"Ad Set 1",6915949742397,25-34,male,not_delivering,ad,808,1473,1.8230198,"7-day click or 1-day view","Messaging conversations started",1,168.03,168.03,2026-05-03,Ongoing,4,42.0075,114.07331976,0.74677529,,1,,,,,2023-07-20,2026-08-19
SET1,6732746421397,18-24,female,not_delivering,ad,5352,5951,1.11192078,"7-day click or 1-day view",,,167.71,,2025-05-20,Ongoing,11,15.24636364,28.18181818,0.26886238,,,,,,,2023-07-20,2026-08-19
"New Engagement ad set",6675810692397,18-24,male,not_delivering,ad,4572,6046,1.3223972,"7-day click or 1-day view","Messaging conversations started",3,167.48,55.82666667,2025-04-18,Ongoing,8,20.935,27.70095931,0.28117764,,3,,,,,2023-07-20,2026-08-19
"Ad set 1",6882908081197,18-24,male,not_delivering,ad,5200,6320,1.21538462,"7-day click or 1-day view","Messaging conversations started",5,167.2,33.44,2026-03-15,Ongoing,40,4.18,26.4556962,0.69620253,,5,,,,,2023-07-20,2026-08-19
"Ads - HP+Jammu",6910463660997,18-24,male,not_delivering,ad,6392,7748,1.21214018,"7-day click or 1-day view","Messaging conversations started",1,166.94,166.94,2026-04-26,Ongoing,19,8.78631579,21.54620547,0.30975736,,1,,,,,2023-07-20,2026-08-19
"Ads - HP+Jammu",6915646915997,18-24,female,not_delivering,ad,6776,9308,1.37367178,"7-day click or 1-day view","Messaging conversations started",1,166.08,166.08,2026-04-26,Ongoing,37,4.48864865,17.84271594,0.48345509,,1,,,,,2023-07-20,2026-08-19
"ad set 1",6861114057597,55-64,female,not_delivering,ad,1600,3039,1.899375,"7-day click or 1-day view",,,165.8,,2026-01-31,Ongoing,11,15.07272727,54.5574202,0.62520566,,,,,,,2023-07-20,2026-08-19
"Ad Online",6915913764397,18-24,female,not_delivering,ad,2808,3844,1.36894587,"7-day click or 1-day view","Messaging conversations started",1,165.23,165.23,2026-05-01,Ongoing,7,23.60428571,42.98387097,0.26014568,,1,,,,,2023-07-20,2026-08-19
"ad set 1",6872930110397,18-24,male,inactive,ad,5868,8153,1.38940014,"7-day click or 1-day view",,,164.46,,2026-01-31,Ongoing,37,4.44486486,20.17171593,0.53967865,,,,,,,2023-07-20,2026-08-19
"Ad Online",6914899011797,18-24,male,inactive,ad,2352,2861,1.21641156,"7-day click or 1-day view","Messaging conversations started",1,164.38,164.38,2026-05-01,Ongoing,9,18.26444444,57.45543516,0.31457532,,1,,,,,2023-07-20,2026-08-19
"New Engagement ad set - City",6830713058797,18-24,male,not_delivering,ad,2018,2693,1.33448959,"7-day click or 1-day view","Messaging conversations started",2,162.91,81.455,2025-11-18,Ongoing,12,13.57583333,60.493873,0.66839955,,2,,,,,2023-07-20,2026-08-19
"MMU MBA",6671478791597,18-24,female,not_delivering,ad,5140,6535,1.27140078,"7-day click or 1-day view","Messaging conversations started",1,162.27,162.27,2025-04-12,Ongoing,7,23.18142857,24.83091048,0.19892884,,1,,,,,2023-07-20,2026-08-19
"ad set 1",6881705351597,18-24,female,not_delivering,ad,4656,5904,1.26804124,"7-day click or 1-day view","Messaging conversations started",2,160.8,80.4,2026-01-31,Ongoing,32,5.025,27.23577236,0.6097561,,2,,,,,2023-07-20,2026-08-19
"ad set 1",6861112894797,25-34,female,not_delivering,ad,2492,2954,1.18539326,"7-day click or 1-day view",,,159.78,,2026-01-31,Ongoing,12,13.315,54.08937035,0.54163846,,,,,,,2023-07-20,2026-08-19
SET1,6768966430597,18-24,female,not_delivering,ad,3952,4166,1.0541498,"7-day click or 1-day view","Messaging conversations started",1,159.24,159.24,2025-05-13,Ongoing,5,31.848,38.22371579,0.19203072,,1,,,,,2023-07-20,2026-08-19
"Ad set 1",6976611089397,18-24,male,inactive,ad,6744,7253,1.0754745,"7-day click or 1-day view","Messaging conversations started",1,158.82,158.82,2026-07-01,Ongoing,19,8.35894737,21.89714601,0.28953536,,1,,,,,2023-07-20,2026-08-19
"New Engagement ad set - 1",6832548169597,25-34,male,not_delivering,ad,342,572,1.67251462,"7-day click or 1-day view",,,157.76,,2025-11-21,Ongoing,1,157.76,275.8041958,0.17482517,,,,,,,2023-07-20,2026-08-19
"New Engagement ad set",6834726579597,25-34,male,not_delivering,ad,1472,1898,1.28940217,"7-day click or 1-day view","Messaging conversations started",1,156.89,156.89,2025-09-07,Ongoing,7,22.41285714,82.66069547,0.42149631,,1,,,,,2023-07-20,2026-08-19
"Ad set 1",6987226895797,35-44,male,not_delivering,ad,2680,2979,1.11156716,"7-day click or 1-day view","Messaging conversations started",1,156.68,156.68,2026-08-03,Ongoing,14,11.19142857,52.59483048,0.70493454,,1,,,,,2023-07-20,2026-08-19
"ad set 1",6861112894797,18-24,female,not_delivering,ad,3404,4277,1.25646298,"7-day click or 1-day view","Messaging conversations started",1,155.2,155.2,2026-01-31,Ongoing,25,6.208,36.28711714,0.65466448,,1,,,,,2023-07-20,2026-08-19
"New Engagement ad set",6834726579597,18-24,male,not_delivering,ad,2370,3098,1.307173,"7-day click or 1-day view",,,153.98,,2025-09-07,Ongoing,8,19.2475,49.70303422,0.35506779,,,,,,,2023-07-20,2026-08-19
SET1,6732746421397,18-24,male,not_delivering,ad,4356,5169,1.18663912,"7-day click or 1-day view",,,153.77,,2025-05-20,Ongoing,10,15.377,29.74850068,0.30953763,,,,,,,2023-07-20,2026-08-19
SET1,6768966430597,25-34,female,not_delivering,ad,2260,2339,1.03495575,"7-day click or 1-day view","Messaging conversations started",3,153.69,51.23,2025-05-13,Ongoing,6,25.615,65.70756734,0.34202651,,3,,,,,2023-07-20,2026-08-19
"New Engagement ad set",6612225065997,18-24,female,not_delivering,ad,1876,2708,1.4434968,"7-day click or 1-day view","Messaging conversations started",3,153.49,51.16333333,2025-02-16,Ongoing,4,38.3725,56.68020679,0.22156573,,3,,,,,2023-07-20,2026-08-19
"New Engagement ad set - 1",6833677863397,25-34,male,not_delivering,ad,629,896,1.42448331,"7-day click or 1-day view","Messaging conversations started",1,152.98,152.98,2025-11-21,Ongoing,4,38.245,170.73660714,1.00446429,,1,,,,,2023-07-20,2026-08-19
"Ad set 1",6981899481397,Unknown,unknown,active,ad,81464,84917,1.04238682,"7-day click or 1-day view","Messaging conversations started",25,152.95,6.118,2026-07-01,Ongoing,567,0.26975309,1.80117055,0.77958477,,25,,,,,2023-07-20,2026-08-19
"Ads - City",6941448198397,35-44,female,not_delivering,ad,2688,3311,1.23177083,"7-day click or 1-day view","Messaging conversations started",2,151.36,75.68,2026-05-30,Ongoing,9,16.81777778,45.71428571,0.48323769,,2,,,,,2023-07-20,2026-08-19
"New Engagement ad set",6612219196997,25-34,male,not_delivering,ad,1314,1778,1.35312024,"7-day click or 1-day view",,,150.76,,2025-02-16,Ongoing,2,75.38,84.79190101,0.16872891,,,,,,,2023-07-20,2026-08-19
"Ad set 1",6959707332797,25-34,male,not_delivering,ad,3296,3692,1.12014563,"7-day click or 1-day view",,,150.47,,2026-06-14,Ongoing,14,10.74785714,40.75568797,0.5687974,,,,,,,2023-07-20,2026-08-19
"New Engagement ad set",6769019704797,25-34,female,inactive,ad,876,1088,1.24200913,"7-day click or 1-day view","Messaging conversations started",1,149.17,149.17,2025-07-15,Ongoing,4,37.2925,137.10477941,0.45955882,,1,,,,,2023-07-20,2026-08-19
"ad set 1",6991650447397,35-44,female,not_delivering,ad,1792,2548,1.421875,"7-day click or 1-day view",,,148.81,,2026-08-05,Ongoing,16,9.300625,58.40266876,0.66718995,,,,,,,2023-07-20,2026-08-19
"New Engagement ad set",6790435815797,25-34,male,not_delivering,ad,826,957,1.15859564,"7-day click or 1-day view",,,147.28,,2025-07-15,Ongoing,6,24.54666667,153.89759666,1.04493208,,,,,,,2023-07-20,2026-08-19
"Ad set 1",6977308709597,35-44,female,inactive,ad,1824,2239,1.22752193,"7-day click or 1-day view",,,146.88,,2026-07-01,Ongoing,8,18.36,65.6007146,0.58061635,,,,,,,2023-07-20,2026-08-19
"ad set 1",6861114057597,65+,male,not_delivering,ad,960,2711,2.82395833,"7-day click or 1-day view","Messaging conversations started",1,145.77,145.77,2026-01-31,Ongoing,8,18.22125,53.76982663,0.59018812,,1,,,,,2023-07-20,2026-08-19
"Ad set",6887030430597,35-44,male,not_delivering,ad,2248,3227,1.43549822,"7-day click or 1-day view","Messaging conversations started",1,145.25,145.25,2026-03-22,Ongoing,15,9.68333333,45.01084599,0.65075922,,1,,,,,2023-07-20,2026-08-19
SET1,6699359479597,25-34,female,not_delivering,ad,836,1339,1.60167464,"7-day click or 1-day view",,,145.1,,2025-05-01,Ongoing,3,48.36666667,108.36445108,0.44809559,,,,,,,2023-07-20,2026-08-19
"New Engagement ad set",6612225065997,35-44,male,not_delivering,ad,436,894,2.05045872,"7-day click or 1-day view","Messaging conversations started",4,143.99,35.9975,2025-02-16,Ongoing,10,14.399,161.06263982,1.56599553,,4,,,,,2023-07-20,2026-08-19
"Ad set 1",6882908081197,35-44,male,not_delivering,ad,2856,3167,1.10889356,"7-day click or 1-day view","Messaging conversations started",1,143.66,143.66,2026-03-15,Ongoing,16,8.97875,45.36154089,0.6630881,,1,,,,,2023-07-20,2026-08-19
"Ad set 1",6959700316597,25-34,male,not_delivering,ad,3056,3375,1.10438482,"7-day click or 1-day view","Messaging conversations started",2,142.42,71.21,2026-06-14,Ongoing,9,15.82444444,42.19851852,0.41481481,,2,,,,,2023-07-20,2026-08-19
"Ad set",6924471431597,18-24,male,not_delivering,ad,3898,4910,1.25962032,"7-day click or 1-day view","Messaging conversations started",1,141.62,141.62,2026-05-13,Ongoing,22,6.43727273,28.84317719,0.54989817,,1,,,,,2023-07-20,2026-08-19
"Ad set 1",6882908081197,18-24,female,not_delivering,ad,3888,4632,1.19135802,"7-day click or 1-day view","Messaging conversations started",2,140.13,70.065,2026-03-15,Ongoing,27,5.19,30.25259067,0.75561313,,2,,,,,2023-07-20,2026-08-19
"ad set 1",6861084796397,18-24,male,inactive,ad,2060,3231,1.5684466,"7-day click or 1-day view",,,139.65,,2026-01-31,Ongoing,16,8.728125,43.22191272,0.58805323,,,,,,,2023-07-20,2026-08-19
"ad set 1",6861113921397,25-34,female,inactive,ad,1652,2141,1.29600484,"7-day click or 1-day view","Messaging conversations started",1,138.12,138.12,2026-01-31,Ongoing,12,11.51,64.51191032,0.56048575,,1,,,,,2023-07-20,2026-08-19
"New Engagement ad set",6612223448397,35-44,female,not_delivering,ad,792,1265,1.59722222,"7-day click or 1-day view","Messaging conversations started",3,137.27,45.75666667,2025-02-16,Ongoing,7,19.61,108.51383399,0.63241107,,3,,,,,2023-07-20,2026-08-19
SET1,6805961553997,25-34,female,not_delivering,ad,2624,3230,1.23094512,"7-day click or 1-day view","Messaging conversations started",3,136.2,45.4,2025-05-13,Ongoing,6,22.7,42.16718266,0.24767802,,3,,,,,2023-07-20,2026-08-19
SET1,6668282296197,25-34,male,not_delivering,ad,1532,2272,1.48302872,"7-day click or 1-day view","Messaging conversations started",1,135.81,135.81,2025-04-09,Ongoing,5,27.162,59.77552817,0.35211268,,1,,,,,2023-07-20,2026-08-19
"Ad set 1",6976611089397,25-34,male,inactive,ad,4360,4585,1.0516055,"7-day click or 1-day view",,,134.97,,2026-07-01,Ongoing,11,12.27,29.43729553,0.32715376,,,,,,,2023-07-20,2026-08-19
AMITY,6986105760397,25-34,male,not_delivering,ad,1840,2399,1.30380435,"7-day click or 1-day view",,,134.74,,2026-07-31,Ongoing,5,26.948,56.16506878,0.29178825,,,,,,,2023-07-20,2026-08-19
"ad set 1",6857977080197,25-34,male,not_delivering,ad,1338,1745,1.30418535,"7-day click or 1-day view",,,134.58,,2026-01-23,Ongoing,4,33.645,77.12320917,0.34383954,,,,,,,2023-07-20,2026-08-19
SET1,6715762376997,35-44,female,archived,ad,1792,4734,2.64174107,"7-day click or 1-day view",,,133.62,,2025-05-13,Ongoing,12,11.135,28.22560203,0.27460921,,,,,,,2023-07-20,2026-08-19
"ad set 1",6872930110397,25-34,male,inactive,ad,2844,3868,1.36005626,"7-day click or 1-day view","Messaging conversations started",2,133.21,66.605,2026-01-31,Ongoing,17,7.83588235,34.43898656,0.56876939,,2,,,,,2023-07-20,2026-08-19
"MMU MBA",6673302606997,25-34,female,not_delivering,ad,1596,2045,1.28132832,"7-day click or 1-day view",,,132.9,,2025-04-14,Ongoing,4,33.225,64.98777506,0.53789731,,,,,,,2023-07-20,2026-08-19
SET1,6732746421397,25-34,female,not_delivering,ad,2712,3224,1.18879056,"7-day click or 1-day view",,,131.68,,2025-05-20,Ongoing,7,18.81142857,40.84367246,0.24813896,,,,,,,2023-07-20,2026-08-19
SET1,6699075335397,25-34,male,not_delivering,ad,3488,3956,1.13417431,"7-day click or 1-day view",,,130.2,,2025-05-01,Ongoing,4,32.55,32.91203236,0.22750253,,,,,,,2023-07-20,2026-08-19
"Ad Online",6915913764397,25-34,female,not_delivering,ad,1380,1964,1.42318841,"7-day click or 1-day view","Messaging conversations started",4,129.81,32.4525,2026-05-01,Ongoing,10,12.981,66.09470468,0.66191446,,4,,,,,2023-07-20,2026-08-19
"New Engagement ad set - 1",6832547839397,18-24,male,not_delivering,ad,442,572,1.29411765,"7-day click or 1-day view","Messaging conversations started",1,128.99,128.99,2025-11-21,Ongoing,5,25.798,225.50699301,1.57342657,,1,,,,,2023-07-20,2026-08-19
"New Engagement ad set - 1",6833677863397,35-44,male,not_delivering,ad,294,415,1.41156463,"7-day click or 1-day view","Messaging conversations started",1,128.74,128.74,2025-11-21,Ongoing,5,25.748,310.21686747,1.44578313,,1,,,,,2023-07-20,2026-08-19
"New Engagement ad set",6612224241597,25-34,male,not_delivering,ad,464,672,1.44827586,"7-day click or 1-day view","Messaging conversations started",2,128.6,64.3,2025-02-16,Ongoing,4,32.15,191.36904762,0.89285714,,2,,,,,2023-07-20,2026-08-19
"Ad Set 1",6915949742397,18-24,male,not_delivering,ad,568,1032,1.81690141,"7-day click or 1-day view","Messaging conversations started",1,128.22,128.22,2026-05-03,Ongoing,3,42.74,124.24418605,0.7751938,,1,,,,,2023-07-20,2026-08-19
AMITY,6986108114197,18-24,female,not_delivering,ad,2880,3974,1.37986111,"7-day click or 1-day view",,,128.18,,2026-07-31,Ongoing,24,5.34083333,32.25465526,0.60392552,,,,,,,2023-07-20,2026-08-19
"ad set 1",6881705351597,35-44,male,not_delivering,ad,2192,2844,1.29744526,"7-day click or 1-day view",,,127.51,,2026-01-31,Ongoing,14,9.10785714,44.8347398,0.66807314,,,,,,,2023-07-20,2026-08-19
"Ad set 1",6986709879597,25-34,male,active,ad,3192,3754,1.17606516,"7-day click or 1-day view","Messaging conversations started",2,126.83,63.415,2026-07-01,Ongoing,11,11.53,33.78529568,0.34629728,,2,,,,,2023-07-20,2026-08-19
LPU,6989431969797,25-34,female,not_delivering,ad,1944,2308,1.1872428,"7-day click or 1-day view",,,126.18,,2026-08-07,Ongoing,8,15.7725,54.67071057,0.51993068,,,,,,,2023-07-20,2026-08-19
"ad set 1",6861113921397,18-24,female,inactive,ad,2320,3235,1.39439655,"7-day click or 1-day view","Messaging conversations started",1,125.99,125.99,2026-01-31,Ongoing,12,10.49916667,38.94590417,0.37094281,,1,,,,,2023-07-20,2026-08-19
SET1,6700709797997,25-34,male,inactive,ad,782,1068,1.3657289,"7-day click or 1-day view","Messaging conversations started",1,124.26,124.26,2025-05-01,Ongoing,9,13.80666667,116.34831461,1.12359551,,1,,,,,2023-07-20,2026-08-19
"Ad set 1",6959707332797,25-34,female,not_delivering,ad,2344,2540,1.08361775,"7-day click or 1-day view","Messaging conversations started",1,121.06,121.06,2026-06-14,Ongoing,8,15.1325,47.66141732,0.39370079,,1,,,,,2023-07-20,2026-08-19
"Ad set 1",6976611088997,18-24,male,inactive,ad,4244,4826,1.13713478,"7-day click or 1-day view","Messaging conversations started",1,120.58,120.58,2026-07-01,Ongoing,8,15.0725,24.98549523,0.20721094,,1,,,,,2023-07-20,2026-08-19
SET1,6734947246397,18-24,female,not_delivering,ad,3936,4924,1.25101626,"7-day click or 1-day view","Messaging conversations started",1,119.49,119.49,2025-05-19,Ongoing,6,19.915,24.26685621,0.18277823,,1,,,,,2023-07-20,2026-08-19
"New Engagement ad set - 1",6832548474197,18-24,male,not_delivering,ad,503,628,1.24850895,"7-day click or 1-day view","Messaging conversations started",1,118.89,118.89,2025-11-21,Ongoing,5,23.778,189.31528662,0.63694268,,1,,,,,2023-07-20,2026-08-19
"Ad set 1",6882908081197,35-44,female,not_delivering,ad,2144,2826,1.31809701,"7-day click or 1-day view","Messaging conversations started",1,118.54,118.54,2026-03-15,Ongoing,13,9.11846154,41.94621373,0.8492569,,1,,,,,2023-07-20,2026-08-19
SET1,6723531168397,35-44,male,not_delivering,ad,520,1034,1.98846154,"7-day click or 1-day view",,,117.88,,2025-05-19,Ongoing,4,29.47,114.00386847,0.87040619,,,,,,,2023-07-20,2026-08-19
"Ad set 1",6976611088997,25-34,female,inactive,ad,2536,2774,1.09384858,"7-day click or 1-day view","Messaging conversations started",1,117.12,117.12,2026-07-01,Ongoing,7,16.73142857,42.22062004,0.43258832,,1,,,,,2023-07-20,2026-08-19
"Ad set 1",6959700316597,25-34,female,not_delivering,ad,1880,2036,1.08297872,"7-day click or 1-day view",,,116.77,,2026-06-14,Ongoing,7,16.68142857,57.35265226,0.49115914,,,,,,,2023-07-20,2026-08-19
AMITY,6986108114197,25-34,female,not_delivering,ad,916,1404,1.53275109,"7-day click or 1-day view",,,116.05,,2026-07-31,Ongoing,11,10.55,82.65669516,0.85470085,,,,,,,2023-07-20,2026-08-19
"New Engagement ad set",6675810692397,18-24,female,not_delivering,ad,2552,3331,1.30525078,"7-day click or 1-day view","Messaging conversations started",1,115.93,115.93,2025-04-18,Ongoing,11,10.53909091,34.80336235,0.51035725,,1,,,,,2023-07-20,2026-08-19
"Ads - Punjab",6941440448197,35-44,female,not_delivering,ad,2576,3459,1.3427795,"7-day click or 1-day view",,,115.62,,2026-05-30,Ongoing,8,14.4525,33.42584562,0.2891009,,,,,,,2023-07-20,2026-08-19
"Ads - HP+Jammu",6915646915997,25-34,female,not_delivering,ad,2656,3904,1.46987952,"7-day click or 1-day view",,,115.05,,2026-04-26,Ongoing,13,8.85,29.46977459,0.56352459,,,,,,,2023-07-20,2026-08-19
"New Engagement ad set - 1",6833677863397,45-54,male,not_delivering,ad,181,325,1.79558011,"7-day click or 1-day view",,,114.75,,2025-11-21,Ongoing,1,114.75,353.07692308,0.61538462,,,,,,,2023-07-20,2026-08-19
"Ad Online",6915643995197,18-24,male,not_delivering,ad,5800,7237,1.24775862,"7-day click or 1-day view",,,113.83,,2026-05-01,Ongoing,45,2.52955556,15.72889319,0.67707614,,,,,,,2023-07-20,2026-08-19
"Ad set",6924471431597,18-24,female,not_delivering,ad,2198,2867,1.30436761,"7-day click or 1-day view","Messaging conversations started",1,113.64,113.64,2026-05-13,Ongoing,15,7.576,39.63725148,0.55807464,,1,,,,,2023-07-20,2026-08-19
"ad set 1",6861112894797,35-44,male,not_delivering,ad,1908,2209,1.15775681,"7-day click or 1-day view","Messaging conversations started",2,113.53,56.765,2026-01-31,Ongoing,7,16.21857143,51.39429606,0.49796288,,2,,,,,2023-07-20,2026-08-19
SET1,6723531169197,25-34,male,inactive,ad,727,1055,1.45116919,"7-day click or 1-day view","Messaging conversations started",1,113.43,113.43,2025-05-19,Ongoing,4,28.3575,107.51658768,0.56872038,,1,,,,,2023-07-20,2026-08-19
"New Engagement ad set - 1",6832548474197,18-24,female,not_delivering,ad,253,351,1.38735178,"7-day click or 1-day view","Messaging conversations started",2,113.03,56.515,2025-11-21,Ongoing,2,56.515,322.02279202,0.85470085,,2,,,,,2023-07-20,2026-08-19
AMITY,6986105760397,18-24,male,not_delivering,ad,2848,3631,1.27492978,"7-day click or 1-day view","Messaging conversations started",1,112.67,112.67,2026-07-31,Ongoing,5,22.534,31.03001928,0.19278436,,1,,,,,2023-07-20,2026-08-19
SET1,6724323110397,35-44,male,not_delivering,ad,1088,1686,1.54963235,"7-day click or 1-day view","Messaging conversations started",1,112.65,112.65,2025-05-20,Ongoing,5,22.53,66.81494662,0.53380783,,1,,,,,2023-07-20,2026-08-19
"New Engagement ad set",6715699674797,35-44,male,not_delivering,ad,918,1562,1.70152505,"7-day click or 1-day view","Messaging conversations started",7,112.52,16.07428571,2025-05-01,Ongoing,21,5.35809524,72.03585147,1.9206146,,7,,,,,2023-07-20,2026-08-19
SET1,6712664669597,25-34,male,not_delivering,ad,2216,2632,1.18772563,"7-day click or 1-day view","Messaging conversations started",1,111.58,111.58,2025-05-01,Ongoing,6,18.59666667,42.39361702,0.53191489,,1,,,,,2023-07-20,2026-08-19
"MMU MBA",6671478791597,25-34,female,not_delivering,ad,2048,2763,1.34912109,"7-day click or 1-day view","Messaging conversations started",1,111.04,111.04,2025-04-12,Ongoing,2,55.52,40.18820123,0.21715527,,1,,,,,2023-07-20,2026-08-19
AMITY,6986108114197,35-44,male,not_delivering,ad,556,694,1.24820144,"7-day click or 1-day view","Messaging conversations started",1,109.99,109.99,2026-07-31,Ongoing,6,18.33166667,158.4870317,0.7204611,,1,,,,,2023-07-20,2026-08-19
"ad set 1",6857978483197,35-44,male,not_delivering,ad,676,963,1.42455621,"7-day click or 1-day view","Messaging conversations started",1,108.18,108.18,2026-01-23,Ongoing,4,27.045,112.3364486,0.41536864,,1,,,,,2023-07-20,2026-08-19
"Ad set 1",6986709879597,18-24,male,active,ad,4476,5513,1.23168007,"7-day click or 1-day view","Messaging conversations started",3,107.98,35.99333333,2026-07-01,Ongoing,23,4.69478261,19.58643207,0.43533466,,3,,,,,2023-07-20,2026-08-19
"New Engagement ad set",6612219196997,18-24,male,not_delivering,ad,1946,2284,1.17368962,"7-day click or 1-day view",,,105.71,,2025-02-16,Ongoing,2,52.855,46.28283713,0.26269702,,,,,,,2023-07-20,2026-08-19
"Ad set 1",6987226895797,35-44,female,not_delivering,ad,1288,1470,1.14130435,"7-day click or 1-day view",,,105.49,,2026-08-03,Ongoing,4,26.3725,71.76190476,0.34013605,,,,,,,2023-07-20,2026-08-19
"New Engagement ad set - 1",6833677863397,18-24,female,not_delivering,ad,671,991,1.47690015,"7-day click or 1-day view","Messaging conversations started",1,105,105,2025-11-21,Ongoing,7,15,105.95358224,0.80726539,,1,,,,,2023-07-20,2026-08-19
"New Engagement ad set",6642089283997,35-44,male,not_delivering,ad,912,2502,2.74342105,"7-day click or 1-day view","Messaging conversations started",5,104.04,20.808,2025-03-29,Ongoing,13,8.00307692,41.58273381,0.95923261,,5,,,,,2023-07-20,2026-08-19
SET1,6707077774397,25-34,female,not_delivering,ad,1216,1543,1.26891447,"7-day click or 1-day view",,,103.67,,2025-05-01,Ongoing,,,67.18729747,0.19442644,,,,,,,2023-07-20,2026-08-19
SET1,6712664669597,25-34,female,not_delivering,ad,1592,1895,1.19032663,"7-day click or 1-day view",,,103.64,,2025-05-01,Ongoing,2,51.82,54.69129288,0.26385224,,,,,,,2023-07-20,2026-08-19
"New Set",6703423974597,18-24,female,not_delivering,ad,2864,3428,1.19692737,"7-day click or 1-day view","Messaging conversations started",1,103.28,103.28,2025-05-03,Ongoing,7,14.75428571,30.12835473,0.4084014,,1,,,,,2023-07-20,2026-08-19
"Ad set 1",6976611088997,18-24,female,inactive,ad,3612,3825,1.0589701,"7-day click or 1-day view","Messaging conversations started",1,102.85,102.85,2026-07-01,Ongoing,9,11.42777778,26.88888889,0.2875817,,1,,,,,2023-07-20,2026-08-19
"ad set 1",6988779224197,35-44,male,not_delivering,ad,1680,2227,1.32559524,"7-day click or 1-day view",,,101.71,,2026-08-05,Ongoing,6,16.95166667,45.67130669,0.40413112,,,,,,,2023-07-20,2026-08-19
"New Engagement ad set",6769014077397,35-44,female,inactive,ad,452,654,1.44690265,"7-day click or 1-day view","Messaging conversations started",1,101.68,101.68,2025-07-15,Ongoing,5,20.336,155.47400612,0.76452599,,1,,,,,2023-07-20,2026-08-19
"New Engagement ad set - 1",6832539425597,18-24,male,not_delivering,ad,441,578,1.3106576,"7-day click or 1-day view",,,101.38,,2025-11-21,Ongoing,4,25.345,175.39792388,0.8650519,,,,,,,2023-07-20,2026-08-19
SET1,6723531169197,18-24,female,inactive,ad,907,1333,1.46968026,"7-day click or 1-day view","Messaging conversations started",1,101.14,101.14,2025-05-19,Ongoing,4,25.285,75.87396849,0.30007502,,1,,,,,2023-07-20,2026-08-19
SET1,6732747696197,35-44,male,not_delivering,ad,800,1307,1.63375,"7-day click or 1-day view","Messaging conversations started",2,101.14,50.57,2025-05-13,Ongoing,8,12.6425,77.38332058,0.91813313,,2,,,,,2023-07-20,2026-08-19
SET1,6805961615397,18-24,male,not_delivering,ad,2542,2840,1.11723053,"7-day click or 1-day view","Messaging conversations started",1,100.95,100.95,2025-05-13,Ongoing,7,14.42142857,35.54577465,0.31690141,,1,,,,,2023-07-20,2026-08-19
"ad set 1",6861084796397,18-24,female,inactive,ad,1654,2412,1.45828295,"7-day click or 1-day view",,,100.11,,2026-01-31,Ongoing,7,14.30142857,41.50497512,0.53897181,,,,,,,2023-07-20,2026-08-19
"ad set 1",6872929829797,18-24,male,inactive,ad,5090,6816,1.33909627,"7-day click or 1-day view","Messaging conversations started",2,100.1,50.05,2026-01-31,Ongoing,45,2.22444444,14.68603286,0.70422535,,2,,,,,2023-07-20,2026-08-19
"New Engagement ad set",6715699674797,18-24,male,not_delivering,ad,2414,3122,1.29328915,"7-day click or 1-day view",,,99.96,,2025-05-01,Ongoing,9,11.10666667,32.01793722,0.44843049,,,,,,,2023-07-20,2026-08-19
"Ads - Punjab",6925557264397,35-44,male,not_delivering,ad,2160,2785,1.28935185,"7-day click or 1-day view","Messaging conversations started",3,99.81,33.27,2026-04-27,Ongoing,12,8.3175,35.83842011,0.64631957,,3,,,,,2023-07-20,2026-08-19
SET1,6675281097197,18-24,male,not_delivering,ad,1316,1637,1.24392097,"7-day click or 1-day view","Messaging conversations started",1,99.31,99.31,2025-04-17,Ongoing,6,16.55166667,60.66585217,0.61087355,,1,,,,,2023-07-20,2026-08-19
"Ad set 1",6976611089397,18-24,female,inactive,ad,3692,3977,1.07719393,"7-day click or 1-day view",,,99.25,,2026-07-01,Ongoing,6,16.54166667,24.95599698,0.20115665,,,,,,,2023-07-20,2026-08-19
SET1,6805961615397,25-34,male,not_delivering,ad,1760,1985,1.12784091,"7-day click or 1-day view","Messaging conversations started",2,99.16,49.58,2025-05-13,Ongoing,4,24.79,49.95465995,0.302267,,2,,,,,2023-07-20,2026-08-19
AMITY,6986105760397,18-24,female,not_delivering,ad,2712,3483,1.28429204,"7-day click or 1-day view","Messaging conversations started",1,98.86,98.86,2026-07-31,Ongoing,1,98.86,28.38357738,0.05742176,,1,,,,,2023-07-20,2026-08-19
SET1,6675281097197,35-44,male,not_delivering,ad,532,811,1.52443609,"7-day click or 1-day view","Messaging conversations started",2,98.41,49.205,2025-04-17,Ongoing,5,19.682,121.34401973,1.47965475,,2,,,,,2023-07-20,2026-08-19
"Ad set 1",6959707332797,18-24,female,not_delivering,ad,2448,2606,1.06454248,"7-day click or 1-day view",,,98.15,,2026-06-14,Ongoing,6,16.35833333,37.66308519,0.23023791,,,,,,,2023-07-20,2026-08-19
"Ad set",6887030430597,35-44,female,not_delivering,ad,1584,2125,1.3415404,"7-day click or 1-day view","Messaging conversations started",2,98.13,49.065,2026-03-22,Ongoing,9,10.90333333,46.17882353,0.61176471,,2,,,,,2023-07-20,2026-08-19
AMITY,6986086788797,35-44,male,not_delivering,ad,512,638,1.24609375,"7-day click or 1-day view",,,97.9,,2026-07-31,Ongoing,2,48.95,153.44827586,0.62695925,,,,,,,2023-07-20,2026-08-19
SET1,6668286970397,35-44,male,not_delivering,ad,1376,2109,1.53270349,"7-day click or 1-day view",,,97.16,,2025-04-09,Ongoing,6,16.19333333,46.06922712,0.33191086,,,,,,,2023-07-20,2026-08-19
"ad set 1",6861112894797,35-44,female,not_delivering,ad,1228,1393,1.13436482,"7-day click or 1-day view","Messaging conversations started",3,96.83,32.27666667,2026-01-31,Ongoing,8,12.10375,69.51184494,0.86145011,,3,,,,,2023-07-20,2026-08-19
"Ad set 1",6953165576197,25-34,female,not_delivering,ad,2566,2718,1.05923617,"7-day click or 1-day view",,,95.42,,2026-06-09,Ongoing,11,8.67454545,35.1066961,0.51508462,,,,,,,2023-07-20,2026-08-19
"Ads - Punjab",6935496751997,18-24,female,inactive,ad,2674,3263,1.22026926,"7-day click or 1-day view",,,93.93,,2026-04-27,Ongoing,11,8.53909091,28.78639289,0.42905302,,,,,,,2023-07-20,2026-08-19
"Ad set 1",6882908661197,18-24,male,not_delivering,ad,1572,2133,1.35687023,"7-day click or 1-day view","Messaging conversations started",1,93.48,93.48,2026-03-15,Ongoing,13,7.19076923,43.82559775,0.79699953,,1,,,,,2023-07-20,2026-08-19
"ad set 1",6861113921397,35-44,male,inactive,ad,956,1276,1.33472803,"7-day click or 1-day view","Messaging conversations started",1,92.73,92.73,2026-01-31,Ongoing,4,23.1825,72.67241379,0.54858934,,1,,,,,2023-07-20,2026-08-19
"ad set 1",6857977080197,18-24,male,not_delivering,ad,1486,1987,1.3371467,"7-day click or 1-day view",,,92.71,,2026-01-23,Ongoing,7,13.24428571,46.65827881,0.45294414,,,,,,,2023-07-20,2026-08-19
"New Engagement ad set",6790435815797,18-24,male,not_delivering,ad,1268,1429,1.12697161,"7-day click or 1-day view",,,91.82,,2025-07-15,Ongoing,3,30.60666667,64.25472358,0.27991603,,,,,,,2023-07-20,2026-08-19
"Ad set 1",6986709879597,18-24,female,active,ad,3216,3918,1.21828358,"7-day click or 1-day view","Messaging conversations started",1,90.95,90.95,2026-07-01,Ongoing,15,6.06333333,23.21337417,0.43389484,,1,,,,,2023-07-20,2026-08-19
"ad set 1",6861084796397,25-34,female,inactive,ad,1170,1420,1.21367521,"7-day click or 1-day view","Messaging conversations started",1,90.46,90.46,2026-01-31,Ongoing,7,12.92285714,63.70422535,0.77464789,,1,,,,,2023-07-20,2026-08-19
"New Engagement ad set - City",6830713058797,18-24,female,not_delivering,ad,1056,1277,1.2092803,"7-day click or 1-day view",,,90.06,,2025-11-18,Ongoing,4,22.515,70.52466719,0.39154268,,,,,,,2023-07-20,2026-08-19
"Ads - Punjab – Online",6917755073197,35-44,male,not_delivering,ad,1328,1830,1.37801205,"7-day click or 1-day view",,,89.71,,2026-05-06,Ongoing,1,89.71,49.02185792,0.05464481,,,,,,,2023-07-20,2026-08-19
"New Engagement ad set",6612226281997,25-34,male,not_delivering,ad,257,351,1.36575875,"7-day click or 1-day view","Messaging conversations started",1,88.99,88.99,2025-02-16,Ongoing,2,44.495,253.53276353,0.85470085,,1,,,,,2023-07-20,2026-08-19
"ad set 1",6861112894797,Unknown,unknown,not_delivering,ad,119361,119361,1,"7-day click or 1-day view","Messaging conversations started",48,88.91,1.85229167,2026-01-31,Ongoing,197,0.4513198,0.74488317,0.47838071,,48,,,,,2023-07-20,2026-08-19
"New Engagement ad set",6715699674797,18-24,female,not_delivering,ad,2408,2825,1.17317276,"7-day click or 1-day view","Messaging conversations started",3,88.66,29.55333333,2025-05-01,Ongoing,10,8.866,31.3840708,0.49557522,,3,,,,,2023-07-20,2026-08-19
"New Engagement ad set - 1",6832547839397,25-34,male,not_delivering,ad,254,333,1.31102362,"7-day click or 1-day view",,,88,,2025-11-21,Ongoing,3,29.33333333,264.26426426,1.5015015,,,,,,,2023-07-20,2026-08-19
"Ad Online",6915643995197,18-24,female,not_delivering,ad,3960,4828,1.21919192,"7-day click or 1-day view",,,87.85,,2026-05-01,Ongoing,18,4.88055556,18.19594035,0.3935377,,,,,,,2023-07-20,2026-08-19
"Ad set 1",6977309658397,18-24,female,inactive,ad,2224,2620,1.17805755,"7-day click or 1-day view",,,87,,2026-07-01,Ongoing,9,9.66666667,33.20610687,0.41984733,,,,,,,2023-07-20,2026-08-19
"ad set 1",6858002122997,45-54,female,not_delivering,ad,944,1608,1.70338983,"7-day click or 1-day view","Messaging conversations started",1,86.92,86.92,2026-01-23,Ongoing,5,17.384,54.05472637,0.74626866,,1,,,,,2023-07-20,2026-08-19
"Ads - Punjab",6935496751997,25-34,male,inactive,ad,1926,2193,1.13862928,"7-day click or 1-day view",,,86.9,,2026-04-27,Ongoing,7,12.41428571,39.62608299,0.31919745,,,,,,,2023-07-20,2026-08-19
"New Engagement ad set",6612225065997,35-44,female,not_delivering,ad,264,460,1.74242424,"7-day click or 1-day view","Messaging conversations started",1,85.6,85.6,2025-02-16,Ongoing,1,85.6,186.08695652,1.08695652,,1,,,,,2023-07-20,2026-08-19
"New Engagement ad set",6834726579597,18-24,female,not_delivering,ad,1118,1474,1.31842576,"7-day click or 1-day view",,,85.53,,2025-09-07,Ongoing,2,42.765,58.02578019,0.27137042,,,,,,,2023-07-20,2026-08-19
"Ad Set 1",6915949742397,25-34,female,not_delivering,ad,240,434,1.80833333,"7-day click or 1-day view",,,85.44,,2026-05-03,Ongoing,2,42.72,196.86635945,0.46082949,,,,,,,2023-07-20,2026-08-19
"New Engagement ad set - 1",6832548169597,18-24,female,not_delivering,ad,307,506,1.64820847,"7-day click or 1-day view","Messaging conversations started",1,84.83,84.83,2025-11-21,Ongoing,3,28.27666667,167.64822134,1.18577075,,1,,,,,2023-07-20,2026-08-19
"Tailored messages campaign 06/05/2025 Ad set",6710313106197,25-34,male,not_delivering,ad,1338,1608,1.20179372,"7-day click or 1-day view","Messaging conversations started",1,83.49,83.49,2025-05-06,Ongoing,5,16.698,51.92164179,0.37313433,,1,,,,,2023-07-20,2026-08-19
"Ad set 1",6959707332797,18-24,male,not_delivering,ad,2528,2643,1.04549051,"7-day click or 1-day view","Messaging conversations started",1,83.11,83.11,2026-06-14,Ongoing,11,7.55545455,31.44532728,0.45402951,,1,,,,,2023-07-20,2026-08-19
SET1,6699075335397,25-34,female,not_delivering,ad,1948,2391,1.22741273,"7-day click or 1-day view",,,82.7,,2025-05-01,Ongoing,5,16.54,34.58803848,0.33458804,,,,,,,2023-07-20,2026-08-19
"Ads - Punjab – Online",6920851258197,35-44,male,not_delivering,ad,1096,1514,1.38138686,"7-day click or 1-day view","Messaging conversations started",2,82,41,2026-05-06,Ongoing,9,9.11111111,54.16116248,1.05680317,,2,,,,,2023-07-20,2026-08-19
"Ad Online",6914899011797,18-24,female,inactive,ad,1588,2085,1.31297229,"7-day click or 1-day view",,,81.54,,2026-05-01,Ongoing,5,16.308,39.10791367,0.33573141,,,,,,,2023-07-20,2026-08-19
"Ads - HP+Jammu",6910463660997,35-44,male,not_delivering,ad,2048,2408,1.17578125,"7-day click or 1-day view","Messaging conversations started",2,81.1,40.55,2026-04-26,Ongoing,10,8.11,33.67940199,0.62292359,,2,,,,,2023-07-20,2026-08-19
"New Engagement ad set",6834727221197,18-24,male,not_delivering,ad,1001,1466,1.46453546,"7-day click or 1-day view",,,80.74,,2025-09-07,Ongoing,6,13.45666667,55.07503411,0.47748977,,,,,,,2023-07-20,2026-08-19
"Ads - Punjab",6925557264397,35-44,female,not_delivering,ad,1584,1806,1.14015152,"7-day click or 1-day view",,,80.25,,2026-04-27,Ongoing,6,13.375,44.43521595,0.44296788,,,,,,,2023-07-20,2026-08-19
"New Engagement ad set",6810171527597,35-44,male,not_delivering,ad,616,757,1.2288961,"7-day click or 1-day view",,,80.23,,2025-09-07,Ongoing,1,80.23,105.98414795,0.26420079,,,,,,,2023-07-20,2026-08-19
"ad set 1",6872930110397,18-24,female,inactive,ad,2432,3229,1.32771382,"7-day click or 1-day view",,,79.42,,2026-01-31,Ongoing,12,6.61833333,24.59585011,0.46454011,,,,,,,2023-07-20,2026-08-19
"Ads - HP+Jammu",6910462158797,18-24,male,not_delivering,ad,1994,2377,1.19207623,"7-day click or 1-day view","Messaging conversations started",1,79.38,79.38,2026-04-26,Ongoing,15,5.292,33.39503576,0.75725705,,1,,,,,2023-07-20,2026-08-19
"New Engagement ad set",6834727881197,18-24,male,not_delivering,ad,1182,1555,1.31556684,"7-day click or 1-day view",,,79.12,,2025-09-07,Ongoing,4,19.78,50.88102894,0.57877814,,,,,,,2023-07-20,2026-08-19
"New Engagement ad set",6768967611597,35-44,male,not_delivering,ad,856,998,1.16588785,"7-day click or 1-day view",,,79,,2025-07-15,Ongoing,1,79,79.15831663,0.4008016,,,,,,,2023-07-20,2026-08-19
"Ad Online",6914899011797,25-34,male,inactive,ad,1248,1466,1.17467949,"7-day click or 1-day view",,,78.07,,2026-05-01,Ongoing,3,26.02333333,53.25375171,0.20463847,,,,,,,2023-07-20,2026-08-19
SET1,6700709797997,18-24,female,inactive,ad,1111,1360,1.22412241,"7-day click or 1-day view",,,77.96,,2025-05-01,Ongoing,1,77.96,57.32352941,0.29411765,,,,,,,2023-07-20,2026-08-19
LPU,6826445864997,18-24,male,not_delivering,ad,1274,1523,1.19544741,"7-day click or 1-day view","Messaging conversations started",1,77.47,77.47,2025-11-08,Ongoing,2,38.735,50.86671044,0.26263953,,1,,,,,2023-07-20,2026-08-19
"Ad Set 1",6915949742397,35-44,female,not_delivering,ad,283,457,1.61484099,"7-day click or 1-day view",,,76.49,,2026-05-03,Ongoing,1,76.49,167.37417943,1.0940919,,,,,,,2023-07-20,2026-08-19
"Ad Online",6915643995197,25-34,male,not_delivering,ad,2588,3059,1.18199382,"7-day click or 1-day view","Messaging conversations started",1,75.89,75.89,2026-05-01,Ongoing,13,5.83769231,24.80876103,0.58842759,,1,,,,,2023-07-20,2026-08-19
SET1,6668286970397,35-44,female,not_delivering,ad,608,1484,2.44078947,"7-day click or 1-day view",,,75.68,,2025-04-09,Ongoing,5,15.136,50.99730458,0.53908356,,,,,,,2023-07-20,2026-08-19
"New Set",6703423974597,25-34,female,not_delivering,ad,1167,1473,1.2622108,"7-day click or 1-day view",,,75.54,,2025-05-03,Ongoing,4,18.885,51.28309572,0.5431093,,,,,,,2023-07-20,2026-08-19
"New Engagement ad set - 1",6832547839397,25-34,female,not_delivering,ad,70,117,1.67142857,"7-day click or 1-day view","Messaging conversations started",1,73.91,73.91,2025-11-21,Ongoing,1,73.91,631.70940171,0.85470085,,1,,,,,2023-07-20,2026-08-19
SET1,6723531168597,18-24,male,inactive,ad,732,1010,1.37978142,"7-day click or 1-day view","Messaging conversations started",2,73.53,36.765,2025-05-19,Ongoing,9,8.17,72.8019802,0.89108911,,2,,,,,2023-07-20,2026-08-19
"New Engagement ad set",6931643559197,25-34,female,not_delivering,ad,1115,1363,1.22242152,"7-day click or 1-day view",,,73.01,,2026-05-20,Ongoing,2,36.505,53.56566398,0.36683786,,,,,,,2023-07-20,2026-08-19
"Ad set 1",6976611089397,25-34,female,inactive,ad,1760,1842,1.04659091,"7-day click or 1-day view","Messaging conversations started",2,72.43,36.215,2026-07-01,Ongoing,12,6.03583333,39.32138979,0.70575461,,2,,,,,2023-07-20,2026-08-19
SET1,6668282296197,25-34,female,not_delivering,ad,614,883,1.43811075,"7-day click or 1-day view",,,72.15,,2025-04-09,Ongoing,2,36.075,81.71007928,0.6795017,,,,,,,2023-07-20,2026-08-19
"Ad set 1",6959700316597,35-44,male,not_delivering,ad,1060,1218,1.1490566,"7-day click or 1-day view","Messaging conversations started",2,72.14,36.07,2026-06-14,Ongoing,3,24.04666667,59.22824302,0.49261084,,2,,,,,2023-07-20,2026-08-19
SET1,6790771111597,35-44,female,not_delivering,ad,88,125,1.42045455,"7-day click or 1-day view",,,72.02,,2025-05-13,Ongoing,1,72.02,576.16,2.4,,,,,,,2023-07-20,2026-08-19
SET1,6715760430597,35-44,female,not_delivering,ad,448,1014,2.26339286,"7-day click or 1-day view",,,71.6,,2025-05-13,Ongoing,1,71.6,70.61143984,0.78895464,,,,,,,2023-07-20,2026-08-19
"Tailored messages campaign 06/05/2025 Ad set",6710313106197,18-24,female,not_delivering,ad,2872,3399,1.18349582,"7-day click or 1-day view","Messaging conversations started",1,71.36,71.36,2025-05-06,Ongoing,7,10.19428571,20.99441012,0.38246543,,1,,,,,2023-07-20,2026-08-19
"Ad set 1",6977309658397,25-34,female,inactive,ad,1066,1239,1.16228893,"7-day click or 1-day view",,,71.2,,2026-07-01,Ongoing,3,23.73333333,57.46569814,0.4842615,,,,,,,2023-07-20,2026-08-19
"New Engagement ad set",6612224241597,18-24,male,not_delivering,ad,710,904,1.27323944,"7-day click or 1-day view",,,71.07,,2025-02-16,Ongoing,3,23.69,78.61725664,0.77433628,,,,,,,2023-07-20,2026-08-19
"New Engagement ad set - 1",6833677863397,25-34,female,not_delivering,ad,280,450,1.60714286,"7-day click or 1-day view",,,71.02,,2025-11-21,Ongoing,3,23.67333333,157.82222222,1.55555556,,,,,,,2023-07-20,2026-08-19
"New Engagement ad set",6699157892597,45-54,female,not_delivering,ad,944,1446,1.53177966,"7-day click or 1-day view","Messaging conversations started",4,70.63,17.6575,2025-05-01,Ongoing,11,6.42090909,48.8450899,1.17565698,,4,,,,,2023-07-20,2026-08-19
"Ad set 1",6959700316597,18-24,male,not_delivering,ad,1760,1955,1.11079545,"7-day click or 1-day view","Messaging conversations started",1,70.5,70.5,2026-06-14,Ongoing,8,8.8125,36.06138107,0.40920716,,1,,,,,2023-07-20,2026-08-19
LPU,6826445864997,25-34,male,not_delivering,ad,700,841,1.20142857,"7-day click or 1-day view",,,69.79,,2025-11-08,Ongoing,1,69.79,82.98454221,0.23781213,,,,,,,2023-07-20,2026-08-19
"Tailored messages campaign 06/05/2025 Ad set",6710313106197,18-24,male,not_delivering,ad,2982,3546,1.18913481,"7-day click or 1-day view","Messaging conversations started",1,69.42,69.42,2025-05-06,Ongoing,8,8.6775,19.57698816,0.25380711,,1,,,,,2023-07-20,2026-08-19
"Ads - Punjab",6935496751997,25-34,female,inactive,ad,1540,1824,1.18441558,"7-day click or 1-day view",,,68.91,,2026-04-27,Ongoing,7,9.84428571,37.77960526,0.38377193,,,,,,,2023-07-20,2026-08-19
"New Engagement ad set - City",6830723550797,35-44,female,not_delivering,ad,736,814,1.10597826,"7-day click or 1-day view",,,67.98,,2025-11-18,Ongoing,3,22.66,83.51351351,0.49140049,,,,,,,2023-07-20,2026-08-19
"New Traffic ad set",6641565898597,25-34,female,not_delivering,ad,9984,13054,1.30749199,"7-day click or 1-day view","Link clicks",99,67.96,0.68646465,2025-03-29,Ongoing,99,0.68646465,5.20606711,0.81201164,,,,,,,2023-07-20,2026-08-19
"New Engagement ad set - 1",6832548169597,25-34,female,not_delivering,ad,125,246,1.968,"7-day click or 1-day view",,,67.87,,2025-11-21,Ongoing,1,67.87,275.89430894,0.81300813,,,,,,,2023-07-20,2026-08-19
"New Engagement ad set",6715699674797,45-54,male,not_delivering,ad,554,849,1.53249097,"7-day click or 1-day view","Messaging conversations started",1,67.72,67.72,2025-05-01,Ongoing,4,16.93,79.76442874,0.94228504,,1,,,,,2023-07-20,2026-08-19
"Ads - HP+Jammu",6910462158797,25-34,male,not_delivering,ad,1394,1606,1.15208034,"7-day click or 1-day view","Messaging conversations started",1,67.71,67.71,2026-04-26,Ongoing,11,6.15545455,42.16064757,0.87173101,,1,,,,,2023-07-20,2026-08-19
"New Engagement ad set",6769019900397,18-24,male,inactive,ad,320,380,1.1875,"7-day click or 1-day view",,,66.99,,2025-07-15,Ongoing,1,66.99,176.28947368,0.52631579,,,,,,,2023-07-20,2026-08-19
"Ad set 1",6953165576197,25-34,male,not_delivering,ad,2450,2591,1.05755102,"7-day click or 1-day view",,,66.71,,2026-06-09,Ongoing,6,11.11833333,25.7468159,0.34735623,,,,,,,2023-07-20,2026-08-19
"New Engagement ad set - 1",6832548169597,45-54,male,not_delivering,ad,85,146,1.71764706,"7-day click or 1-day view",,,66.58,,2025-11-21,Ongoing,1,66.58,456.02739726,1.36986301,,,,,,,2023-07-20,2026-08-19
"New Engagement ad set",6612219196997,25-34,female,not_delivering,ad,686,913,1.33090379,"7-day click or 1-day view",,,66.39,,2025-02-16,Ongoing,3,22.13,72.71631982,0.8762322,,,,,,,2023-07-20,2026-08-19
"New Engagement ad set - 1",6832547839397,18-24,female,not_delivering,ad,203,282,1.38916256,"7-day click or 1-day view",,,65.77,,2025-11-21,Ongoing,4,16.4425,233.22695035,1.06382979,,,,,,,2023-07-20,2026-08-19
"New Engagement ad set",6834727881197,25-34,male,not_delivering,ad,716,936,1.30726257,"7-day click or 1-day view",,,65.34,,2025-09-07,Ongoing,1,65.34,69.80769231,0.32051282,,,,,,,2023-07-20,2026-08-19
"Ad Online",6914896859797,18-24,male,inactive,ad,1356,1645,1.21312684,"7-day click or 1-day view","Messaging conversations started",1,65.18,65.18,2026-05-01,Ongoing,6,10.86333333,39.6231003,0.36474164,,1,,,,,2023-07-20,2026-08-19
"New Engagement ad set",6931642643997,18-24,female,not_delivering,ad,1424,1659,1.16502809,"7-day click or 1-day view","Messaging conversations started",1,65.18,65.18,2026-05-20,Ongoing,4,16.295,39.28872815,0.4822182,,1,,,,,2023-07-20,2026-08-19
"ad set 1",6881705351597,35-44,female,not_delivering,ad,1232,1463,1.1875,"7-day click or 1-day view",,,65.13,,2026-01-31,Ongoing,9,7.23666667,44.51811347,0.683527,,,,,,,2023-07-20,2026-08-19
"Ad Set 1",6915936952997,35-44,male,not_delivering,ad,429,526,1.22610723,"7-day click or 1-day view","Messaging conversations started",1,64.49,64.49,2026-05-03,Ongoing,6,10.74833333,122.60456274,2.28136882,,1,,,,,2023-07-20,2026-08-19
"New Engagement ad set",6715699674797,25-34,female,not_delivering,ad,868,1107,1.27534562,"7-day click or 1-day view",,,64.49,,2025-05-01,Ongoing,2,32.245,58.25654923,0.36133695,,,,,,,2023-07-20,2026-08-19
"Ad Online",6914896859797,25-34,male,inactive,ad,818,1014,1.2396088,"7-day click or 1-day view",,,64.19,,2026-05-01,Ongoing,1,64.19,63.30374753,0.29585799,,,,,,,2023-07-20,2026-08-19
LPU,6989431969997,25-34,male,not_delivering,ad,727,843,1.15955983,"7-day click or 1-day view","Messaging conversations started",1,64.13,64.13,2026-08-07,Ongoing,7,9.16142857,76.07354686,0.83036773,,1,,,,,2023-07-20,2026-08-19
"New Engagement ad set - 1",6832548169597,35-44,male,not_delivering,ad,123,246,2,"7-day click or 1-day view","Messaging conversations started",1,63.84,63.84,2025-11-21,Ongoing,4,15.96,259.51219512,2.03252033,,1,,,,,2023-07-20,2026-08-19
"MMU MBA",6673302606997,45-54,male,not_delivering,ad,468,564,1.20512821,"7-day click or 1-day view","Messaging conversations started",1,63.72,63.72,2025-04-14,Ongoing,5,12.744,112.9787234,1.24113475,,1,,,,,2023-07-20,2026-08-19
"Ads - Punjab",6929198152397,35-44,male,not_delivering,ad,1048,1380,1.31679389,"7-day click or 1-day view",,,63.43,,2026-04-27,Ongoing,5,12.686,45.96376812,0.50724638,,,,,,,2023-07-20,2026-08-19
"ad set 1",6857977080197,25-34,female,not_delivering,ad,588,767,1.30442177,"7-day click or 1-day view",,,63.33,,2026-01-23,Ongoing,6,10.555,82.5684485,1.04302477,,,,,,,2023-07-20,2026-08-19
"Ad set 1",6977309658397,18-24,male,inactive,ad,2048,2483,1.21240234,"7-day click or 1-day view",,,63.31,,2026-07-01,Ongoing,8,7.91375,25.4973822,0.36246476,,,,,,,2023-07-20,2026-08-19
"New Engagement ad set",6834726579597,35-44,male,not_delivering,ad,300,386,1.28666667,"7-day click or 1-day view","Messaging conversations started",1,63.24,63.24,2025-09-07,Ongoing,3,21.08,163.83419689,1.29533679,,1,,,,,2023-07-20,2026-08-19
"New Set",6703426842997,18-24,female,not_delivering,ad,1151,1395,1.21198957,"7-day click or 1-day view","Messaging conversations started",1,62.98,62.98,2025-05-03,Ongoing,5,12.596,45.14695341,0.5734767,,1,,,,,2023-07-20,2026-08-19
SET1,6724323110397,35-44,female,not_delivering,ad,480,1013,2.11041667,"7-day click or 1-day view","Messaging conversations started",1,62.89,62.89,2025-05-20,Ongoing,7,8.98428571,62.08292201,0.98716683,,1,,,,,2023-07-20,2026-08-19
"Ads - Punjab",6935496751997,18-24,male,inactive,ad,2456,2927,1.19177524,"7-day click or 1-day view","Messaging conversations started",1,62.55,62.55,2026-04-27,Ongoing,14,4.46785714,21.37000342,0.44414076,,1,,,,,2023-07-20,2026-08-19
"Ad set 1",6959700316597,18-24,female,not_delivering,ad,1888,2077,1.10010593,"7-day click or 1-day view","Messaging conversations started",1,62.5,62.5,2026-06-14,Ongoing,7,8.92857143,30.09147809,0.57775638,,1,,,,,2023-07-20,2026-08-19
"New Engagement ad set",6834727221197,25-34,male,not_delivering,ad,596,886,1.48657718,"7-day click or 1-day view",,,62.48,,2025-09-07,Ongoing,6,10.41333333,70.51918736,1.12866817,,,,,,,2023-07-20,2026-08-19
"New Engagement ad set",6612219196997,18-24,female,not_delivering,ad,1122,1386,1.23529412,"7-day click or 1-day view",,,62.19,,2025-02-16,Ongoing,2,31.095,44.87012987,0.28860029,,,,,,,2023-07-20,2026-08-19
"ad set 1",6858002122997,Unknown,unknown,not_delivering,ad,33988,34122,1.00394257,"7-day click or 1-day view","Messaging conversations started",26,61.7,2.37307692,2026-01-23,Ongoing,107,0.57663551,1.80821757,0.97884063,,26,,,,,2023-07-20,2026-08-19
"New Engagement ad set - 1",6832548474197,25-34,male,not_delivering,ad,199,235,1.18090452,"7-day click or 1-day view","Messaging conversations started",1,61.68,61.68,2025-11-21,Ongoing,3,20.56,262.46808511,1.27659574,,1,,,,,2023-07-20,2026-08-19
"Ad set",6924471431597,25-34,male,not_delivering,ad,996,1176,1.18072289,"7-day click or 1-day view","Messaging conversations started",1,61.6,61.6,2026-05-13,Ongoing,11,5.6,52.38095238,1.02040816,,1,,,,,2023-07-20,2026-08-19
"New Engagement ad set",6642089283997,35-44,female,not_delivering,ad,544,1419,2.60845588,"7-day click or 1-day view","Messaging conversations started",2,61.51,30.755,2025-03-29,Ongoing,3,20.50333333,43.34742777,0.56377731,,2,,,,,2023-07-20,2026-08-19
"New Traffic ad set",6641565898597,18-24,female,not_delivering,ad,8048,12066,1.49925447,"7-day click or 1-day view","Link clicks",101,61.43,0.60821782,2025-03-29,Ongoing,101,0.60821782,5.09116526,0.88678933,,,,,,,2023-07-20,2026-08-19
"Ad set 1",6953162565597,25-34,female,not_delivering,ad,1766,1986,1.12457531,"7-day click or 1-day view",,,61.1,,2026-06-09,Ongoing,7,8.72857143,30.7653575,0.50352467,,,,,,,2023-07-20,2026-08-19
"ad set 1",6861113921397,35-44,female,inactive,ad,620,836,1.3483871,"7-day click or 1-day view",,,60.57,,2026-01-31,Ongoing,2,30.285,72.45215311,0.35885167,,,,,,,2023-07-20,2026-08-19
AMITY,6986086788797,35-44,female,not_delivering,ad,276,408,1.47826087,"7-day click or 1-day view",,,60.3,,2026-07-31,Ongoing,4,15.075,147.79411765,1.2254902,,,,,,,2023-07-20,2026-08-19
"Messages Ad: 🎓Admission Open for - Distance & Online Learning...",6703091319197,18-24,female,not_delivering,ad,2858,3280,1.1476557,"7-day click or 1-day view",,,60.2,,2025-05-03,2025-05-07,2,30.1,18.35365854,0.21341463,,,,,,,2023-07-20,2026-08-19
"New Engagement ad set",6715699674797,35-44,female,not_delivering,ad,558,724,1.29749104,"7-day click or 1-day view",,,60.08,,2025-05-01,Ongoing,,,82.98342541,0.13812155,,,,,,,2023-07-20,2026-08-19
"New Engagement ad set",6834726579597,25-34,female,not_delivering,ad,478,606,1.26778243,"7-day click or 1-day view",,,60.01,,2025-09-07,Ongoing,2,30.005,99.02640264,0.4950495,,,,,,,2023-07-20,2026-08-19
"Ads - HP+Jammu",6910463660997,35-44,female,not_delivering,ad,1296,1604,1.23765432,"7-day click or 1-day view",,,59.95,,2026-04-26,Ongoing,3,19.98333333,37.37531172,0.37406484,,,,,,,2023-07-20,2026-08-19
"New Engagement ad set - 1",6832539425597,25-34,male,not_delivering,ad,191,252,1.31937173,"7-day click or 1-day view",,,59.87,,2025-11-21,Ongoing,1,59.87,237.57936508,0.79365079,,,,,,,2023-07-20,2026-08-19
"Ad set",6887028625797,25-34,male,not_delivering,ad,395,535,1.35443038,"7-day click or 1-day view","Messaging conversations started",1,59.66,59.66,2026-03-22,Ongoing,3,19.88666667,111.51401869,0.74766355,,1,,,,,2023-07-20,2026-08-19
"Ad set 1",6882908661197,25-34,female,not_delivering,ad,530,735,1.38679245,"7-day click or 1-day view","Messaging conversations started",1,59.4,59.4,2026-03-15,Ongoing,1,59.4,80.81632653,0.54421769,,1,,,,,2023-07-20,2026-08-19
"Ad set 1",6959707332797,35-44,female,not_delivering,ad,704,802,1.13920455,"7-day click or 1-day view","Messaging conversations started",1,59.06,59.06,2026-06-14,Ongoing,5,11.812,73.64089776,0.74812968,,1,,,,,2023-07-20,2026-08-19
"Ad Set 1",6915941077397,35-44,male,not_delivering,ad,154,207,1.34415584,"7-day click or 1-day view",,,58.84,,2026-05-03,Ongoing,1,58.84,284.25120773,1.44927536,,,,,,,2023-07-20,2026-08-19
"Ads - Punjab – Online",6917755073197,35-44,female,not_delivering,ad,992,1249,1.25907258,"7-day click or 1-day view",,,58.47,,2026-05-06,Ongoing,,,46.81345076,0.08006405,,,,,,,2023-07-20,2026-08-19
"Ad set 1",6977309658397,25-34,male,inactive,ad,1642,1848,1.12545676,"7-day click or 1-day view",,,58.28,,2026-07-01,Ongoing,5,11.656,31.53679654,0.27056277,,,,,,,2023-07-20,2026-08-19
SET1,6675281097197,25-34,female,not_delivering,ad,794,977,1.23047859,"7-day click or 1-day view",,,57.94,,2025-04-17,Ongoing,4,14.485,59.30399181,0.81883316,,,,,,,2023-07-20,2026-08-19
"Ad Online",6914896859797,18-24,female,inactive,ad,1007,1249,1.24031778,"7-day click or 1-day view",,,57.61,,2026-05-01,Ongoing,,,46.12489992,0,,,,,,,2023-07-20,2026-08-19
"Ad set 1",6986709879597,25-34,female,active,ad,1304,1496,1.14723926,"7-day click or 1-day view",,,57.19,,2026-07-01,Ongoing,12,4.76583333,38.22860963,0.93582888,,,,,,,2023-07-20,2026-08-19
"New Engagement ad set",6834713224997,25-34,male,not_delivering,ad,788,946,1.20050761,"7-day click or 1-day view",,,57.17,,2025-09-07,Ongoing,2,28.585,60.43340381,0.42283298,,,,,,,2023-07-20,2026-08-19
SET1,6699121269397,35-44,male,not_delivering,ad,640,1209,1.8890625,"7-day click or 1-day view",,,56.86,,2025-05-01,Ongoing,3,18.95333333,47.0306038,0.49627792,,,,,,,2023-07-20,2026-08-19
"New Engagement ad set",6768974549597,35-44,female,not_delivering,ad,332,443,1.33433735,"7-day click or 1-day view",,,56.38,,2025-07-15,Ongoing,1,56.38,127.26862302,0.45146727,,,,,,,2023-07-20,2026-08-19
"MMU MBA",6673302606997,35-44,female,not_delivering,ad,576,772,1.34027778,"7-day click or 1-day view",,,56.37,,2025-04-14,Ongoing,4,14.0925,73.01813472,0.77720207,,,,,,,2023-07-20,2026-08-19
"New Engagement ad set - City",6830713058797,25-34,female,not_delivering,ad,432,567,1.3125,"7-day click or 1-day view","Messaging conversations started",1,56.23,56.23,2025-11-18,Ongoing,5,11.246,99.17107584,1.05820106,,1,,,,,2023-07-20,2026-08-19
"Post: ""Want to Study Overseas?""",6881723905597,25-34,male,not_delivering,ad,1383,1576,1.1395517,"7-day click or 1-day view","Link clicks",11,56.2,5.10909091,2026-03-13,Ongoing,11,5.10909091,35.65989848,1.0786802,,,,,,,2023-07-20,2026-08-19
"ad set 1",6861084796397,35-44,male,inactive,ad,650,880,1.35384615,"7-day click or 1-day view",,,56.12,,2026-01-31,Ongoing,3,18.70666667,63.77272727,0.45454545,,,,,,,2023-07-20,2026-08-19
"New Engagement ad set",6612219196997,35-44,male,not_delivering,ad,304,473,1.55592105,"7-day click or 1-day view","Messaging conversations started",1,55.92,55.92,2025-02-16,Ongoing,5,11.184,118.22410148,1.05708245,,1,,,,,2023-07-20,2026-08-19
AMITY,6986108114197,35-44,female,not_delivering,ad,272,357,1.3125,"7-day click or 1-day view",,,55.81,,2026-07-31,Ongoing,3,18.60333333,156.33053221,0.84033613,,,,,,,2023-07-20,2026-08-19
SET1,6699094078397,18-24,male,not_delivering,ad,837,967,1.15531661,"7-day click or 1-day view",,,55.72,,2025-05-01,Ongoing,4,13.93,57.62150982,0.41365047,,,,,,,2023-07-20,2026-08-19
SET1,6805961615397,18-24,female,not_delivering,ad,1430,1540,1.07692308,"7-day click or 1-day view",,,54.81,,2025-05-13,Ongoing,4,13.7025,35.59090909,0.51948052,,,,,,,2023-07-20,2026-08-19
SET1,6699094078397,18-24,female,not_delivering,ad,810,934,1.15308642,"7-day click or 1-day view",,,54.72,,2025-05-01,Ongoing,3,18.24,58.58672377,0.53533191,,,,,,,2023-07-20,2026-08-19
SET1,6729387108797,35-44,female,not_delivering,ad,496,756,1.52419355,"7-day click or 1-day view",,,54.58,,2025-05-19,Ongoing,2,27.29,72.1957672,0.3968254,,,,,,,2023-07-20,2026-08-19
AMITY,6986105760397,25-34,female,not_delivering,ad,878,1053,1.19931663,"7-day click or 1-day view",,,54.01,,2026-07-31,Ongoing,1,54.01,51.29154796,0.09496676,,,,,,,2023-07-20,2026-08-19
"New Engagement ad set",6675260378797,35-44,male,not_delivering,ad,608,1213,1.99506579,"7-day click or 1-day view","Messaging conversations started",1,53.77,53.77,2025-03-29,Ongoing,4,13.4425,44.32811212,0.82440231,,1,,,,,2023-07-20,2026-08-19
"ad set 1",6857977080197,18-24,female,not_delivering,ad,1080,1432,1.32592593,"7-day click or 1-day view",,,53.68,,2026-01-23,Ongoing,5,10.736,37.48603352,0.48882682,,,,,,,2023-07-20,2026-08-19
"Ad set",6924474197197,18-24,male,not_delivering,ad,1764,2043,1.15816327,"7-day click or 1-day view","Messaging conversations started",1,53.32,53.32,2026-05-13,Ongoing,10,5.332,26.0988742,0.63631914,,1,,,,,2023-07-20,2026-08-19
"Ad set 1",6953165576197,18-24,female,not_delivering,ad,2680,2922,1.09029851,"7-day click or 1-day view",,,53.11,,2026-06-09,Ongoing,3,17.70333333,18.17590691,0.1026694,,,,,,,2023-07-20,2026-08-19
"Ad set 1",6976611088997,35-44,male,inactive,ad,1076,1238,1.15055762,"7-day click or 1-day view",,,53.07,,2026-07-01,Ongoing,4,13.2675,42.86752827,0.32310178,,,,,,,2023-07-20,2026-08-19
"Ads - HP+Jammu",6910462158797,18-24,female,not_delivering,ad,1360,1497,1.10073529,"7-day click or 1-day view","Messaging conversations started",1,53,53,2026-04-26,Ongoing,9,5.88888889,35.40414162,0.73480294,,1,,,,,2023-07-20,2026-08-19
"Ads - Punjab – Online",6917755073397,25-34,male,not_delivering,ad,1418,1587,1.11918195,"7-day click or 1-day view","Messaging conversations started",2,52.85,26.425,2026-05-06,Ongoing,4,13.2125,33.30182735,0.31505986,,2,,,,,2023-07-20,2026-08-19
"Ads - Punjab",6941440448597,25-34,male,not_delivering,ad,1430,1521,1.06363636,"7-day click or 1-day view","Messaging conversations started",1,52.72,52.72,2026-05-30,Ongoing,6,8.78666667,34.66140697,0.39447732,,1,,,,,2023-07-20,2026-08-19
"Ads - Punjab – Online",6917755073397,18-24,female,not_delivering,ad,1476,1624,1.100271,"7-day click or 1-day view",,,52.66,,2026-05-06,Ongoing,3,17.55333333,32.42610837,0.24630542,,,,,,,2023-07-20,2026-08-19
"New Engagement ad set",6790435815797,18-24,female,not_delivering,ad,692,802,1.15895954,"7-day click or 1-day view",,,52.3,,2025-07-15,Ongoing,1,52.3,65.21197007,0.24937656,,,,,,,2023-07-20,2026-08-19
"Ad set 1",6882908661197,35-44,male,not_delivering,ad,416,586,1.40865385,"7-day click or 1-day view",,,52.28,,2026-03-15,Ongoing,1,52.28,89.21501706,0.34129693,,,,,,,2023-07-20,2026-08-19
"New Engagement ad set",6612225768597,18-24,male,not_delivering,ad,586,640,1.09215017,"7-day click or 1-day view","Messaging conversations started",2,52.11,26.055,2025-02-16,Ongoing,5,10.422,81.421875,0.9375,,2,,,,,2023-07-20,2026-08-19
"New Engagement ad set",6675810692397,25-34,female,not_delivering,ad,920,1199,1.30326087,"7-day click or 1-day view","Messaging conversations started",1,52.05,52.05,2025-04-18,Ongoing,4,13.0125,43.41117598,0.41701418,,1,,,,,2023-07-20,2026-08-19
"Ads - Punjab – Online",6917755073397,18-24,male,not_delivering,ad,1800,2060,1.14444444,"7-day click or 1-day view",,,51.37,,2026-05-06,Ongoing,2,25.685,24.9368932,0.09708738,,,,,,,2023-07-20,2026-08-19
"Ads - Punjab",6941440448797,25-34,male,not_delivering,ad,2196,2358,1.07377049,"7-day click or 1-day view","Messaging conversations started",1,50.69,50.69,2026-05-30,Ongoing,11,4.60818182,21.49703138,0.63613232,,1,,,,,2023-07-20,2026-08-19
"Ad set 1",6976611088997,35-44,female,inactive,ad,800,822,1.0275,"7-day click or 1-day view",,,50.34,,2026-07-01,Ongoing,2,25.17,61.24087591,0.3649635,,,,,,,2023-07-20,2026-08-19
"ad set 1",6988779224197,35-44,female,not_delivering,ad,848,992,1.16981132,"7-day click or 1-day view",,,50.31,,2026-08-05,Ongoing,2,25.155,50.71572581,0.2016129,,,,,,,2023-07-20,2026-08-19
"ad set 1",6872930110397,25-34,female,inactive,ad,1108,1493,1.34747292,"7-day click or 1-day view",,,50.25,,2026-01-31,Ongoing,6,8.375,33.65706631,0.60281313,,,,,,,2023-07-20,2026-08-19
"ad set 1",6872929829797,25-34,male,inactive,ad,1796,2238,1.24610245,"7-day click or 1-day view",,,49.98,,2026-01-31,Ongoing,14,3.57,22.33243968,0.75960679,,,,,,,2023-07-20,2026-08-19
"Ads - City",6941448197797,25-34,male,not_delivering,ad,1294,1404,1.08500773,"7-day click or 1-day view",,,49.97,,2026-05-30,Ongoing,5,9.994,35.59116809,0.42735043,,,,,,,2023-07-20,2026-08-19
SET1,6732744864597,35-44,male,not_delivering,ad,576,925,1.60590278,"7-day click or 1-day view",,,49.67,,2025-05-20,Ongoing,3,16.55666667,53.6972973,0.32432432,,,,,,,2023-07-20,2026-08-19
"Ads - HP+Jammu",6910460698197,25-34,male,not_delivering,ad,1416,1588,1.12146893,"7-day click or 1-day view","Messaging conversations started",1,49.4,49.4,2026-04-26,Ongoing,7,7.05714286,31.10831234,0.69269521,,1,,,,,2023-07-20,2026-08-19
"ad set 1",6857978483197,35-44,female,not_delivering,ad,440,599,1.36136364,"7-day click or 1-day view",,,49.31,,2026-01-23,Ongoing,,,82.32053422,0.33388982,,,,,,,2023-07-20,2026-08-19
"Ad set 1",6882908661197,18-24,female,not_delivering,ad,412,590,1.43203883,"7-day click or 1-day view","Messaging conversations started",2,49.19,24.595,2026-03-15,Ongoing,4,12.2975,83.37288136,1.3559322,,2,,,,,2023-07-20,2026-08-19
SET1,6790771111597,35-44,male,not_delivering,ad,376,529,1.40691489,"7-day click or 1-day view",,,48.96,,2025-05-13,Ongoing,2,24.48,92.55198488,0.75614367,,,,,,,2023-07-20,2026-08-19
"Ads - Punjab – Online",6917755072997,18-24,male,not_delivering,ad,1586,1803,1.13682219,"7-day click or 1-day view",,,48.87,,2026-05-06,Ongoing,4,12.2175,27.10482529,0.22185247,,,,,,,2023-07-20,2026-08-19
"Ad Set 1",6915941077397,45-54,male,not_delivering,ad,126,185,1.46825397,"7-day click or 1-day view",,,48.48,,2026-05-03,Ongoing,,,262.05405405,1.62162162,,,,,,,2023-07-20,2026-08-19
"New Engagement ad set - 1",6832547839397,35-44,male,not_delivering,ad,115,167,1.45217391,"7-day click or 1-day view",,,48.25,,2025-11-21,Ongoing,,,288.92215569,0.5988024,,,,,,,2023-07-20,2026-08-19
"New Engagement ad set",6769019900397,25-34,male,inactive,ad,196,234,1.19387755,"7-day click or 1-day view",,,47.93,,2025-07-15,Ongoing,1,47.93,204.82905983,0.42735043,,,,,,,2023-07-20,2026-08-19
"Ad Set 1",6915936952997,45-54,male,not_delivering,ad,281,388,1.38078292,"7-day click or 1-day view","Messaging conversations started",3,47.85,15.95,2026-05-03,Ongoing,10,4.785,123.32474227,3.86597938,,3,,,,,2023-07-20,2026-08-19
"Messages Ad: 🎓Admission Open for - Distance & Online Learning...",6703091319197,18-24,male,not_delivering,ad,2412,2659,1.10240464,"7-day click or 1-day view",,,47.73,,2025-05-03,2025-05-07,4,11.9325,17.95035728,0.26325686,,,,,,,2023-07-20,2026-08-19
"Ads - HP+Jammu",6915646915997,35-44,male,not_delivering,ad,1000,1365,1.365,"7-day click or 1-day view",,,47.2,,2026-04-26,Ongoing,5,9.44,34.57875458,0.43956044,,,,,,,2023-07-20,2026-08-19
"Ad set",6887028625797,25-34,female,not_delivering,ad,221,311,1.40723982,"7-day click or 1-day view","Messaging conversations started",1,46.99,46.99,2026-03-22,Ongoing,2,23.495,151.09324759,1.28617363,,1,,,,,2023-07-20,2026-08-19
"New Engagement ad set",6699157892597,55-64,male,not_delivering,ad,704,1101,1.56392045,"7-day click or 1-day view",,,46.82,,2025-05-01,Ongoing,2,23.41,42.52497729,0.90826521,,,,,,,2023-07-20,2026-08-19
"New Engagement ad set",6834713224997,18-24,male,not_delivering,ad,1052,1281,1.21768061,"7-day click or 1-day view",,,46.8,,2025-09-07,Ongoing,3,15.6,36.53395785,0.39032006,,,,,,,2023-07-20,2026-08-19
"ad set 1",6881705351597,45-54,male,not_delivering,ad,632,943,1.49208861,"7-day click or 1-day view",,,46.72,,2026-01-31,Ongoing,3,15.57333333,49.54400848,0.74231177,,,,,,,2023-07-20,2026-08-19
"Ads - Punjab",6929198152397,35-44,female,not_delivering,ad,752,945,1.25664894,"7-day click or 1-day view",,,46.58,,2026-04-27,Ongoing,3,15.52666667,49.29100529,0.52910053,,,,,,,2023-07-20,2026-08-19
"Ad set 1",6959707332797,35-44,male,not_delivering,ad,972,974,1.00205761,"7-day click or 1-day view",,,45.87,,2026-06-14,Ongoing,2,22.935,47.09445585,0.20533881,,,,,,,2023-07-20,2026-08-19
LPU,6989431969797,35-44,male,not_delivering,ad,520,621,1.19423077,"7-day click or 1-day view",,,45.65,,2026-08-07,Ongoing,6,7.60833333,73.51046699,0.96618357,,,,,,,2023-07-20,2026-08-19
"New Engagement ad set - 1",6832548474197,55-64,male,not_delivering,ad,15,18,1.2,"7-day click or 1-day view","Messaging conversations started",1,45.31,45.31,2025-11-21,Ongoing,1,45.31,2517.22222222,11.11111111,,1,,,,,2023-07-20,2026-08-19
"New Engagement ad set",6707055838397,35-44,male,not_delivering,ad,872,1267,1.45298165,"7-day click or 1-day view",,,45.14,,2025-04-18,Ongoing,7,6.44857143,35.62746646,1.10497238,,,,,,,2023-07-20,2026-08-19
LPU,6989431969997,25-34,female,not_delivering,ad,460,529,1.15,"7-day click or 1-day view","Messaging conversations started",1,45.07,45.07,2026-08-07,Ongoing,4,11.2675,85.19848771,0.94517958,,1,,,,,2023-07-20,2026-08-19
"Ads - HP+Jammu",6910462158797,25-34,female,not_delivering,ad,610,691,1.13278689,"7-day click or 1-day view",,,44.9,,2026-04-26,Ongoing,4,11.225,64.97829233,0.5788712,,,,,,,2023-07-20,2026-08-19
"New Engagement ad set - 1",6832539425597,18-24,female,not_delivering,ad,167,226,1.35329341,"7-day click or 1-day view",,,44.82,,2025-11-21,Ongoing,,,198.31858407,0.44247788,,,,,,,2023-07-20,2026-08-19
"New Engagement ad set",6834713224997,18-24,female,not_delivering,ad,842,994,1.18052257,"7-day click or 1-day view",,,44.62,,2025-09-07,Ongoing,3,14.87333333,44.88933602,0.30181087,,,,,,,2023-07-20,2026-08-19
"ad set 1",6872930110397,35-44,male,inactive,ad,1060,1369,1.29150943,"7-day click or 1-day view",,,44.37,,2026-01-31,Ongoing,8,5.54625,32.41051863,0.73046019,,,,,,,2023-07-20,2026-08-19
"New Engagement ad set",6612226281997,18-24,male,not_delivering,ad,428,508,1.18691589,"7-day click or 1-day view",,,44.37,,2025-02-16,Ongoing,,,87.34251969,0.19685039,,,,,,,2023-07-20,2026-08-19
"New Engagement ad set - City",6830713058797,35-44,male,not_delivering,ad,232,309,1.33189655,"7-day click or 1-day view",,,44.31,,2025-11-18,Ongoing,2,22.155,143.39805825,1.29449838,,,,,,,2023-07-20,2026-08-19
"New Engagement ad set",6675807606197,35-44,female,not_delivering,ad,688,1065,1.54796512,"7-day click or 1-day view",,,44.23,,2025-04-18,Ongoing,2,22.115,41.53051643,0.28169014,,,,,,,2023-07-20,2026-08-19
"New Engagement ad set",6931642643997,25-34,female,not_delivering,ad,899,1051,1.16907675,"7-day click or 1-day view",,,44.1,,2026-05-20,Ongoing,3,14.7,41.96003806,0.47573739,,,,,,,2023-07-20,2026-08-19
"New Engagement ad set",6675260378797,35-44,female,not_delivering,ad,528,866,1.64015152,"7-day click or 1-day view","Messaging conversations started",1,43.98,43.98,2025-03-29,Ongoing,1,43.98,50.7852194,0.34642032,,1,,,,,2023-07-20,2026-08-19
"MMU MBA",6671478791597,35-44,male,not_delivering,ad,468,541,1.15598291,"7-day click or 1-day view","Messaging conversations started",1,43.83,43.83,2025-04-12,Ongoing,3,14.61,81.01663586,0.73937153,,1,,,,,2023-07-20,2026-08-19
"New Engagement ad set",6834727881197,18-24,female,not_delivering,ad,747,916,1.22623829,"7-day click or 1-day view",,,43.76,,2025-09-07,Ongoing,1,43.76,47.77292576,0.10917031,,,,,,,2023-07-20,2026-08-19
"Ad Online",6915913514997,18-24,male,not_delivering,ad,2115,2371,1.12104019,"7-day click or 1-day view",,,43.71,,2026-05-01,Ongoing,5,8.742,18.43525938,0.33741038,,,,,,,2023-07-20,2026-08-19
SET1,6675265142397,18-24,male,not_delivering,ad,652,719,1.10276074,"7-day click or 1-day view",,,43.5,,2025-04-17,Ongoing,1,43.5,60.50069541,0.13908206,,,,,,,2023-07-20,2026-08-19
"Ad Online",6914899011797,25-34,female,inactive,ad,542,714,1.31734317,"7-day click or 1-day view",,,43.12,,2026-05-01,Ongoing,1,43.12,60.39215686,0.28011204,,,,,,,2023-07-20,2026-08-19
SET1,6699121269397,35-44,female,not_delivering,ad,416,956,2.29807692,"7-day click or 1-day view",,,42.72,,2025-05-01,Ongoing,3,14.24,44.68619247,0.31380753,,,,,,,2023-07-20,2026-08-19
"ad set 1",6861112894797,45-54,male,not_delivering,ad,612,740,1.20915033,"7-day click or 1-day view",,,42.69,,2026-01-31,Ongoing,1,42.69,57.68918919,0.27027027,,,,,,,2023-07-20,2026-08-19
"Ad set 1",6959700316597,35-44,female,not_delivering,ad,736,736,1,"7-day click or 1-day view",,,42.68,,2026-06-14,Ongoing,2,21.34,57.98913043,0.67934783,,,,,,,2023-07-20,2026-08-19
"Ads - Punjab",6911093707997,35-44,male,inactive,ad,880,1098,1.24772727,"7-day click or 1-day view","Messaging conversations started",2,42.46,21.23,2026-04-27,Ongoing,6,7.07666667,38.67030965,0.91074681,,2,,,,,2023-07-20,2026-08-19
"Ad Set 1",6915949742397,18-24,female,not_delivering,ad,198,345,1.74242424,"7-day click or 1-day view",,,42.13,,2026-05-03,Ongoing,,,122.11594203,0.28985507,,,,,,,2023-07-20,2026-08-19
"New Engagement ad set - 1",6832547839397,45-54,female,not_delivering,ad,17,20,1.17647059,"7-day click or 1-day view",,,41.58,,2025-11-21,Ongoing,,,2079,0,,,,,,,2023-07-20,2026-08-19
"Ads - City",6941448197797,25-34,female,not_delivering,ad,743,807,1.08613728,"7-day click or 1-day view",,,41.53,,2026-05-30,Ongoing,6,6.92166667,51.4622057,0.74349442,,,,,,,2023-07-20,2026-08-19
"New Engagement ad set",6769019704797,35-44,female,inactive,ad,184,248,1.34782609,"7-day click or 1-day view",,,41.52,,2025-07-15,Ongoing,1,41.52,167.41935484,1.20967742,,,,,,,2023-07-20,2026-08-19
"New Engagement ad set",6675807606197,35-44,male,not_delivering,ad,544,1086,1.99632353,"7-day click or 1-day view","Messaging conversations started",2,41.48,20.74,2025-04-18,Ongoing,2,20.74,38.19521179,0.55248619,,2,,,,,2023-07-20,2026-08-19
"ad set 1",6857978483197,45-54,male,not_delivering,ad,184,297,1.61413043,"7-day click or 1-day view",,,41.06,,2026-01-23,Ongoing,1,41.06,138.24915825,0.67340067,,,,,,,2023-07-20,2026-08-19
"Ads - HP+Jammu",6910462870797,25-34,male,not_delivering,ad,1169,1264,1.08126604,"7-day click or 1-day view",,,40.75,,2026-04-26,Ongoing,1,40.75,32.23892405,0.15822785,,,,,,,2023-07-20,2026-08-19
"ad set 1",6861114057597,65+,female,not_delivering,ad,256,955,3.73046875,"7-day click or 1-day view",,,40.63,,2026-01-31,Ongoing,6,6.77166667,42.54450262,1.15183246,,,,,,,2023-07-20,2026-08-19
"New Engagement ad set",6612225768597,25-34,male,not_delivering,ad,152,181,1.19078947,"7-day click or 1-day view",,,40.47,,2025-02-16,Ongoing,2,20.235,223.59116022,1.10497238,,,,,,,2023-07-20,2026-08-19
"Ads - Punjab – Online",6917755073397,25-34,female,not_delivering,ad,890,950,1.06741573,"7-day click or 1-day view",,,40.44,,2026-05-06,Ongoing,1,40.44,42.56842105,0.31578947,,,,,,,2023-07-20,2026-08-19
"Ad set",6887028625797,18-24,male,not_delivering,ad,611,814,1.33224223,"7-day click or 1-day view","Messaging conversations started",1,40.21,40.21,2026-03-22,Ongoing,3,13.40333333,49.3980344,0.61425061,,1,,,,,2023-07-20,2026-08-19
"ad set 1",6872929829797,18-24,female,inactive,ad,1718,2215,1.28928987,"7-day click or 1-day view","Messaging conversations started",1,39.85,39.85,2026-01-31,Ongoing,12,3.32083333,17.99097065,0.63205418,,1,,,,,2023-07-20,2026-08-19
LPU,6989431969397,25-34,male,not_delivering,ad,971,1072,1.10401648,"7-day click or 1-day view",,,39.77,,2026-08-07,Ongoing,,,37.0988806,0,,,,,,,2023-07-20,2026-08-19
SET1,6675281097197,18-24,female,not_delivering,ad,688,820,1.19186047,"7-day click or 1-day view",,,39.64,,2025-04-17,Ongoing,2,19.82,48.34146341,0.48780488,,,,,,,2023-07-20,2026-08-19
"Ad Set 1",6915949742397,45-54,female,not_delivering,ad,127,236,1.85826772,"7-day click or 1-day view",,,39.3,,2026-05-03,Ongoing,,,166.52542373,0.42372881,,,,,,,2023-07-20,2026-08-19
"Tailored messages campaign 06/05/2025 Ad set",6710313106197,25-34,female,not_delivering,ad,870,1022,1.17471264,"7-day click or 1-day view",,,39.13,,2025-05-06,Ongoing,3,13.04333333,38.28767123,1.07632094,,,,,,,2023-07-20,2026-08-19
"Ad set 1",6953168678397,25-34,male,not_delivering,ad,988,1064,1.07692308,"7-day click or 1-day view",,,39.09,,2026-06-09,Ongoing,2,19.545,36.7387218,0.28195489,,,,,,,2023-07-20,2026-08-19
"Post: ""Want to Study Overseas?""",6881723905597,18-24,male,not_delivering,ad,1051,1173,1.11607992,"7-day click or 1-day view","Link clicks",11,38.6,3.50909091,2026-03-13,Ongoing,11,3.50909091,32.90707587,1.44927536,,,,,,,2023-07-20,2026-08-19
"Ad set 1",6953162565597,25-34,male,not_delivering,ad,1478,1595,1.07916103,"7-day click or 1-day view",,,38.53,,2026-06-09,Ongoing,2,19.265,24.15673981,0.12539185,,,,,,,2023-07-20,2026-08-19
"Ad Online",6915913764397,35-44,male,not_delivering,ad,516,726,1.40697674,"7-day click or 1-day view",,,38.36,,2026-05-01,Ongoing,3,12.78666667,52.83746556,0.82644628,,,,,,,2023-07-20,2026-08-19
"New Engagement ad set",6790435815797,25-34,female,not_delivering,ad,313,360,1.15015974,"7-day click or 1-day view",,,38.31,,2025-07-15,Ongoing,,,106.41666667,0.27777778,,,,,,,2023-07-20,2026-08-19
SET1,6723531168597,25-34,male,inactive,ad,316,436,1.37974684,"7-day click or 1-day view","Messaging conversations started",1,38.12,38.12,2025-05-19,Ongoing,1,38.12,87.43119266,0.2293578,,1,,,,,2023-07-20,2026-08-19
"Ads - Punjab",6941440448797,18-24,male,not_delivering,ad,2524,2628,1.04120444,"7-day click or 1-day view","Messaging conversations started",2,38.03,19.015,2026-05-30,Ongoing,14,2.71642857,14.47108067,0.57077626,,2,,,,,2023-07-20,2026-08-19
SET1,6734947246397,25-34,female,not_delivering,ad,1056,1174,1.11174242,"7-day click or 1-day view",,,37.99,,2025-05-19,Ongoing,2,18.995,32.35945486,0.3407155,,,,,,,2023-07-20,2026-08-19
"New Set",6703426842997,25-34,female,not_delivering,ad,417,520,1.2470024,"7-day click or 1-day view",,,37.9,,2025-05-03,Ongoing,1,37.9,72.88461538,0.19230769,,,,,,,2023-07-20,2026-08-19
"New Engagement ad set",6834727221197,18-24,female,not_delivering,ad,455,587,1.29010989,"7-day click or 1-day view",,,37.47,,2025-09-07,Ongoing,2,18.735,63.8330494,0.3407155,,,,,,,2023-07-20,2026-08-19
"Ad set 1",6987226896597,18-24,male,not_delivering,ad,1240,1372,1.10645161,"7-day click or 1-day view",,,36.91,,2026-08-03,Ongoing,4,9.2275,26.90233236,0.29154519,,,,,,,2023-07-20,2026-08-19
"ad set 1",6861084796397,Unknown,unknown,inactive,ad,38940,39527,1.01507447,"7-day click or 1-day view","Messaging conversations started",13,36.67,2.82076923,2026-01-31,Ongoing,86,0.42639535,0.92772029,0.62741923,,13,,,,,2023-07-20,2026-08-19
LPU,6826445864997,18-24,female,not_delivering,ad,504,607,1.20436508,"7-day click or 1-day view",,,36.55,,2025-11-08,Ongoing,,,60.21416804,0,,,,,,,2023-07-20,2026-08-19
"Ads - HP+Jammu",6910462870797,18-24,male,not_delivering,ad,1145,1252,1.09344978,"7-day click or 1-day view","Messaging conversations started",2,36.35,18.175,2026-04-26,Ongoing,6,6.05833333,29.03354633,0.55910543,,2,,,,,2023-07-20,2026-08-19
"Ad set 1",6976611089397,35-44,male,inactive,ad,816,911,1.11642157,"7-day click or 1-day view",,,36.21,,2026-07-01,Ongoing,5,7.242,39.74753019,0.76838639,,,,,,,2023-07-20,2026-08-19
"Ad Set 1",6915941077397,25-34,male,not_delivering,ad,140,193,1.37857143,"7-day click or 1-day view","Messaging conversations started",1,36.2,36.2,2026-05-03,Ongoing,2,18.1,187.56476684,1.55440415,,1,,,,,2023-07-20,2026-08-19
"ad set 1",6988775509197,25-34,male,not_delivering,ad,484,595,1.22933884,"7-day click or 1-day view",,,35.81,,2026-08-05,Ongoing,4,8.9525,60.18487395,0.84033613,,,,,,,2023-07-20,2026-08-19
SET1,6723531169197,25-34,female,inactive,ad,226,307,1.35840708,"7-day click or 1-day view",,,35.81,,2025-05-19,Ongoing,3,11.93666667,116.64495114,0.9771987,,,,,,,2023-07-20,2026-08-19
"New Engagement ad set",6834727881197,25-34,female,not_delivering,ad,260,327,1.25769231,"7-day click or 1-day view",,,35.54,,2025-09-07,Ongoing,2,17.77,108.68501529,0.6116208,,,,,,,2023-07-20,2026-08-19
SET1,6675281097197,35-44,female,not_delivering,ad,242,316,1.30578512,"7-day click or 1-day view",,,35.47,,2025-04-17,Ongoing,1,35.47,112.24683544,0.63291139,,,,,,,2023-07-20,2026-08-19
"Ads - HP+Jammu",6910460698197,18-24,male,not_delivering,ad,1540,1715,1.11363636,"7-day click or 1-day view",,,35.47,,2026-04-26,Ongoing,4,8.8675,20.68221574,0.23323615,,,,,,,2023-07-20,2026-08-19
"Ad Online",6915920572797,18-24,male,not_delivering,ad,1172,1451,1.23805461,"7-day click or 1-day view",,,35.45,,2026-05-01,Ongoing,4,8.8625,24.4314266,0.41350793,,,,,,,2023-07-20,2026-08-19
"Ads - Punjab – Online",6917755072997,25-34,male,not_delivering,ad,649,718,1.10631741,"7-day click or 1-day view",,,35.27,,2026-05-06,Ongoing,3,11.75666667,49.12256267,0.55710306,,,,,,,2023-07-20,2026-08-19
"Ads - City",6941448197797,18-24,male,not_delivering,ad,1048,1126,1.07442748,"7-day click or 1-day view","Messaging conversations started",1,34.99,34.99,2026-05-30,Ongoing,3,11.66333333,31.07460036,0.44404973,,1,,,,,2023-07-20,2026-08-19
"Ad set 1",6882906767797,18-24,male,not_delivering,ad,266,321,1.20676692,"7-day click or 1-day view","Messaging conversations started",1,34.93,34.93,2026-03-15,Ongoing,4,8.7325,108.81619938,1.24610592,,1,,,,,2023-07-20,2026-08-19
LPU,6986175747197,25-34,male,not_delivering,ad,261,335,1.2835249,"7-day click or 1-day view",,,34.83,,2026-07-31,Ongoing,2,17.415,103.97014925,1.19402985,,,,,,,2023-07-20,2026-08-19
"Ads - Punjab",6911093707997,35-44,female,inactive,ad,648,794,1.22530864,"7-day click or 1-day view",,,34.67,,2026-04-27,Ongoing,3,11.55666667,43.66498741,0.37783375,,,,,,,2023-07-20,2026-08-19
LPU,6989431969397,18-24,male,not_delivering,ad,1569,1731,1.10325048,"7-day click or 1-day view",,,34.63,,2026-08-07,Ongoing,9,3.84777778,20.00577701,0.51993068,,,,,,,2023-07-20,2026-08-19
SET1,6723531168597,18-24,female,inactive,ad,549,769,1.4007286,"7-day click or 1-day view",,,34.6,,2025-05-19,Ongoing,1,34.6,44.99349805,0.26007802,,,,,,,2023-07-20,2026-08-19
"Ad Set 1",6915936952997,25-34,male,not_delivering,ad,329,389,1.18237082,"7-day click or 1-day view",,,34.34,,2026-05-03,Ongoing,2,17.17,88.27763496,1.02827763,,,,,,,2023-07-20,2026-08-19
"Ad Online",6915913514997,25-34,male,not_delivering,ad,823,946,1.14945322,"7-day click or 1-day view",,,34.29,,2026-05-01,Ongoing,3,11.43,36.24735729,0.31712474,,,,,,,2023-07-20,2026-08-19
"Ad Online",6915643995197,25-34,female,not_delivering,ad,1092,1293,1.18406593,"7-day click or 1-day view","Messaging conversations started",1,34.22,34.22,2026-05-01,Ongoing,7,4.88857143,26.46558391,0.61871616,,1,,,,,2023-07-20,2026-08-19
SET1,6699345237797,25-34,female,not_delivering,ad,504,656,1.3015873,"7-day click or 1-day view",,,34.18,,2025-05-01,Ongoing,,,52.10365854,0.45731707,,,,,,,2023-07-20,2026-08-19
"Ads - HP+Jammu",6910462870797,25-34,female,not_delivering,ad,713,770,1.0799439,"7-day click or 1-day view","Messaging conversations started",1,34.18,34.18,2026-04-26,Ongoing,6,5.69666667,44.38961039,0.77922078,,1,,,,,2023-07-20,2026-08-19
"Ad set 1",6987226896597,25-34,male,not_delivering,ad,812,899,1.10714286,"7-day click or 1-day view","Messaging conversations started",1,34.05,34.05,2026-08-03,Ongoing,2,17.025,37.87541713,0.22246941,,1,,,,,2023-07-20,2026-08-19
"Ad set 1",6986709879597,35-44,male,active,ad,392,527,1.34438776,"7-day click or 1-day view",,,33.98,,2026-07-01,Ongoing,1,33.98,64.47817837,0.37950664,,,,,,,2023-07-20,2026-08-19
"Ad Online",6914896859797,25-34,female,inactive,ad,395,519,1.31392405,"7-day click or 1-day view",,,33.93,,2026-05-01,Ongoing,1,33.93,65.37572254,0.19267823,,,,,,,2023-07-20,2026-08-19
"New Engagement ad set - 1",6832548169597,18-24,unknown,not_delivering,ad,5,7,1.4,"7-day click or 1-day view","Messaging conversations started",1,33.81,33.81,2025-11-21,Ongoing,3,11.27,4830,14.28571429,,1,,,,,2023-07-20,2026-08-19
"Ads - Punjab",6941440448597,25-34,female,not_delivering,ad,917,981,1.0697928,"7-day click or 1-day view",,,33.8,,2026-05-30,Ongoing,4,8.45,34.45463812,0.509684,,,,,,,2023-07-20,2026-08-19
"Ads - Punjab – Online",6920851258197,35-44,female,not_delivering,ad,616,788,1.27922078,"7-day click or 1-day view",,,33.75,,2026-05-06,Ongoing,2,16.875,42.82994924,0.25380711,,,,,,,2023-07-20,2026-08-19
"ad set 1",6861113921397,45-54,male,inactive,ad,268,486,1.81343284,"7-day click or 1-day view",,,33.64,,2026-01-31,Ongoing,3,11.21333333,69.218107,1.02880658,,,,,,,2023-07-20,2026-08-19
"ad set 1",6858002122997,55-64,male,not_delivering,ad,304,683,2.24671053,"7-day click or 1-day view",,,33.5,,2026-01-23,Ongoing,5,6.7,49.04831625,1.31771596,,,,,,,2023-07-20,2026-08-19
AMITY,6986105760397,35-44,male,not_delivering,ad,372,489,1.31451613,"7-day click or 1-day view",,,33.37,,2026-07-31,Ongoing,2,16.685,68.24130879,0.81799591,,,,,,,2023-07-20,2026-08-19
"Ad set 1",6953165576197,18-24,male,not_delivering,ad,1718,1844,1.07334109,"7-day click or 1-day view",,,32.74,,2026-06-09,Ongoing,5,6.548,17.75488069,0.27114967,,,,,,,2023-07-20,2026-08-19
"New Engagement ad set - 1",6832547839397,55-64,male,not_delivering,ad,24,33,1.375,"7-day click or 1-day view",,,32.68,,2025-11-21,Ongoing,1,32.68,990.3030303,3.03030303,,,,,,,2023-07-20,2026-08-19
SET1,6675265142397,25-34,male,not_delivering,ad,464,533,1.1487069,"7-day click or 1-day view",,,32.58,,2025-04-17,Ongoing,2,16.29,61.12570356,0.37523452,,,,,,,2023-07-20,2026-08-19
"ad set 1",6872930110397,35-44,female,inactive,ad,520,671,1.29038462,"7-day click or 1-day view",,,32.4,,2026-01-31,Ongoing,2,16.2,48.28614009,0.44709389,,,,,,,2023-07-20,2026-08-19
"New Engagement ad set",6768967611597,35-44,female,not_delivering,ad,280,394,1.40714286,"7-day click or 1-day view",,,32.37,,2025-07-15,Ongoing,,,82.15736041,0,,,,,,,2023-07-20,2026-08-19
"Ad set",6924474197197,18-24,female,not_delivering,ad,1046,1205,1.15200765,"7-day click or 1-day view","Messaging conversations started",1,32.33,32.33,2026-05-13,Ongoing,2,16.165,26.82987552,0.24896266,,1,,,,,2023-07-20,2026-08-19
"ad set 1",6857977080197,35-44,male,not_delivering,ad,334,449,1.34431138,"7-day click or 1-day view",,,31.74,,2026-01-23,Ongoing,,,70.69042316,0,,,,,,,2023-07-20,2026-08-19
SET1,6675265142397,18-24,female,not_delivering,ad,721,813,1.12760055,"7-day click or 1-day view",,,31.58,,2025-04-17,Ongoing,1,31.58,38.84378844,0.24600246,,,,,,,2023-07-20,2026-08-19
"Ads - Punjab",6941440448797,18-24,female,not_delivering,ad,1824,1929,1.05756579,"7-day click or 1-day view",,,31.41,,2026-05-30,Ongoing,6,5.235,16.28304821,0.36288232,,,,,,,2023-07-20,2026-08-19
"Ad set",6924471431597,25-34,female,not_delivering,ad,426,549,1.28873239,"7-day click or 1-day view",,,31.39,,2026-05-13,Ongoing,2,15.695,57.17668488,0.36429872,,,,,,,2023-07-20,2026-08-19
"Ads - HP+Jammu",6910462870797,18-24,female,not_delivering,ad,1036,1108,1.06949807,"7-day click or 1-day view",,,31.1,,2026-04-26,Ongoing,5,6.22,28.06859206,0.45126354,,,,,,,2023-07-20,2026-08-19
"Ad set 1",6953165576197,35-44,female,not_delivering,ad,544,635,1.16727941,"7-day click or 1-day view",,,30.97,,2026-06-09,Ongoing,,,48.77165354,0,,,,,,,2023-07-20,2026-08-19
"Ads - Punjab",6941440448797,25-34,female,not_delivering,ad,1256,1300,1.03503185,"7-day click or 1-day view",,,30.85,,2026-05-30,Ongoing,1,30.85,23.73076923,0.15384615,,,,,,,2023-07-20,2026-08-19
"Ad set 1",6953168678397,25-34,female,not_delivering,ad,803,858,1.06849315,"7-day click or 1-day view",,,30.79,,2026-06-09,Ongoing,9,3.42111111,35.88578089,0.81585082,,,,,,,2023-07-20,2026-08-19
"New Engagement ad set",6804632076397,18-24,unknown,not_delivering,ad,672,914,1.36011905,"7-day click or 1-day view",,,30.78,,2025-09-07,Ongoing,1,30.78,33.6761488,0.21881838,,,,,,,2023-07-20,2026-08-19
SET1,6732747696197,35-44,female,not_delivering,ad,416,479,1.15144231,"7-day click or 1-day view",,,30.78,,2025-05-13,Ongoing,3,10.26,64.25887265,0.6263048,,,,,,,2023-07-20,2026-08-19
SET1,6805961615397,25-34,female,not_delivering,ad,652,694,1.06441718,"7-day click or 1-day view",,,30.72,,2025-05-13,Ongoing,1,30.72,44.26512968,0.14409222,,,,,,,2023-07-20,2026-08-19
"New Set",6703423974597,35-44,female,not_delivering,ad,362,452,1.24861878,"7-day click or 1-day view",,,30.31,,2025-05-03,Ongoing,,,67.05752212,0,,,,,,,2023-07-20,2026-08-19
"New Engagement ad set",6612224241597,35-44,male,not_delivering,ad,123,157,1.27642276,"7-day click or 1-day view","Messaging conversations started",1,30.07,30.07,2025-02-16,Ongoing,2,15.035,191.52866242,1.27388535,,1,,,,,2023-07-20,2026-08-19
"Ad Online",6915913514997,18-24,female,not_delivering,ad,1303,1472,1.12970069,"7-day click or 1-day view",,,29.97,,2026-05-01,Ongoing,5,5.994,20.36005435,0.33967391,,,,,,,2023-07-20,2026-08-19
"New Engagement ad set",6834713224997,25-34,female,not_delivering,ad,351,415,1.18233618,"7-day click or 1-day view",,,29.9,,2025-09-07,Ongoing,1,29.9,72.04819277,0.24096386,,,,,,,2023-07-20,2026-08-19
"Ad Online",6915920572797,25-34,male,not_delivering,ad,553,715,1.29294756,"7-day click or 1-day view",,,29.89,,2026-05-01,Ongoing,1,29.89,41.8041958,0.13986014,,,,,,,2023-07-20,2026-08-19
"New Engagement ad set",6685447204197,18-24,male,not_delivering,ad,723,781,1.0802213,"7-day click or 1-day view",,,29.76,,2025-04-26,Ongoing,1,29.76,38.1049936,0.12804097,,,,,,,2023-07-20,2026-08-19
SET1,6699359479597,35-44,male,not_delivering,ad,84,171,2.03571429,"7-day click or 1-day view",,,29.76,,2025-05-01,Ongoing,,,174.03508772,0,,,,,,,2023-07-20,2026-08-19
"Ad set 1",6953162565597,18-24,female,not_delivering,ad,1592,1722,1.08165829,"7-day click or 1-day view",,,29.26,,2026-06-09,Ongoing,2,14.63,16.99186992,0.11614402,,,,,,,2023-07-20,2026-08-19
"New Engagement ad set",6685447204197,25-34,male,not_delivering,ad,294,341,1.15986395,"7-day click or 1-day view",,,29.18,,2025-04-26,Ongoing,1,29.18,85.57184751,0.58651026,,,,,,,2023-07-20,2026-08-19
"New Engagement ad set",6769019900397,18-24,female,inactive,ad,211,249,1.18009479,"7-day click or 1-day view",,,29.18,,2025-07-15,Ongoing,,,117.18875502,0,,,,,,,2023-07-20,2026-08-19
"New Engagement ad set - 1",6832539425597,25-34,female,not_delivering,ad,78,102,1.30769231,"7-day click or 1-day view",,,28.64,,2025-11-21,Ongoing,1,28.64,280.78431373,0.98039216,,,,,,,2023-07-20,2026-08-19
LPU,6826445864997,25-34,female,not_delivering,ad,259,304,1.17374517,"7-day click or 1-day view",,,28.63,,2025-11-08,Ongoing,1,28.63,94.17763158,0.65789474,,,,,,,2023-07-20,2026-08-19
"New Engagement ad set",6612224241597,18-24,female,not_delivering,ad,259,312,1.2046332,"7-day click or 1-day view",,,28.57,,2025-02-16,Ongoing,,,91.57051282,0,,,,,,,2023-07-20,2026-08-19
"New Engagement ad set - 1",6832547839397,45-54,male,not_delivering,ad,60,94,1.56666667,"7-day click or 1-day view",,,28.02,,2025-11-21,Ongoing,2,14.01,298.08510638,1.06382979,,,,,,,2023-07-20,2026-08-19
SET1,6715762376997,18-24,unknown,archived,ad,1280,1665,1.30078125,"7-day click or 1-day view",,,27.7,,2025-05-13,Ongoing,4,6.925,16.63663664,0.3003003,,,,,,,2023-07-20,2026-08-19
"Ad set 1",6979195968397,25-34,male,not_delivering,ad,944,947,1.00317797,"7-day click or 1-day view",,,27.67,,2026-07-08,Ongoing,1,27.67,29.21858501,0.10559662,,,,,,,2023-07-20,2026-08-19
"ad set 1",6988775509197,25-34,female,not_delivering,ad,337,400,1.18694362,"7-day click or 1-day view",,,27.67,,2026-08-05,Ongoing,,,69.175,0,,,,,,,2023-07-20,2026-08-19
"New Engagement ad set",6810171527597,35-44,female,not_delivering,ad,264,325,1.23106061,"7-day click or 1-day view",,,27.32,,2025-09-07,Ongoing,1,27.32,84.06153846,0.61538462,,,,,,,2023-07-20,2026-08-19
"New Engagement ad set",6685447204197,18-24,female,not_delivering,ad,573,628,1.09598604,"7-day click or 1-day view","Messaging conversations started",1,27.2,27.2,2025-04-26,Ongoing,2,13.6,43.31210191,0.47770701,,1,,,,,2023-07-20,2026-08-19
"Ads - City",6941448197797,18-24,female,not_delivering,ad,891,955,1.07182941,"7-day click or 1-day view","Messaging conversations started",1,27.17,27.17,2026-05-30,Ongoing,2,13.585,28.45026178,0.31413613,,1,,,,,2023-07-20,2026-08-19
"ad set 1",6988775509197,35-44,male,not_delivering,ad,244,313,1.28278689,"7-day click or 1-day view","Messaging conversations started",1,26.86,26.86,2026-08-05,Ongoing,3,8.95333333,85.81469649,0.95846645,,1,,,,,2023-07-20,2026-08-19
AMITY,6986105760397,35-44,female,not_delivering,ad,172,241,1.40116279,"7-day click or 1-day view",,,26.69,,2026-07-31,Ongoing,2,13.345,110.74688797,1.24481328,,,,,,,2023-07-20,2026-08-19
"New Engagement ad set",6768975019797,35-44,female,not_delivering,ad,180,233,1.29444444,"7-day click or 1-day view",,,26.58,,2025-07-15,Ongoing,1,26.58,114.07725322,0.42918455,,,,,,,2023-07-20,2026-08-19
"Ad set 1",6953168678397,18-24,female,not_delivering,ad,837,905,1.08124253,"7-day click or 1-day view",,,26.53,,2026-06-09,Ongoing,3,8.84333333,29.31491713,0.44198895,,,,,,,2023-07-20,2026-08-19
SET1,6668294202797,25-34,female,not_delivering,ad,136,157,1.15441176,"7-day click or 1-day view",,,26.43,,2025-04-09,Ongoing,2,13.215,168.34394904,1.27388535,,,,,,,2023-07-20,2026-08-19
"New Engagement ad set",6612224241597,25-34,female,not_delivering,ad,124,160,1.29032258,"7-day click or 1-day view",,,26.42,,2025-02-16,Ongoing,,,165.125,0,,,,,,,2023-07-20,2026-08-19
"Ads - HP+Jammu",6910460698197,18-24,female,not_delivering,ad,1256,1360,1.08280255,"7-day click or 1-day view",,,26.42,,2026-04-26,Ongoing,5,5.284,19.42647059,0.66176471,,,,,,,2023-07-20,2026-08-19
"Ad Online",6915920572797,18-24,female,not_delivering,ad,451,530,1.1751663,"7-day click or 1-day view",,,26.41,,2026-05-01,Ongoing,3,8.80333333,49.83018868,0.94339623,,,,,,,2023-07-20,2026-08-19
SET1,6805961553997,35-44,male,not_delivering,ad,456,585,1.28289474,"7-day click or 1-day view","Messaging conversations started",1,26.36,26.36,2025-05-13,Ongoing,1,26.36,45.05982906,0.51282051,,1,,,,,2023-07-20,2026-08-19
"ad set 1",6861084796397,35-44,female,inactive,ad,328,433,1.32012195,"7-day click or 1-day view",,,26.22,,2026-01-31,Ongoing,1,26.22,60.55427252,0.92378753,,,,,,,2023-07-20,2026-08-19
"Ads - Punjab – Online",6917755072997,18-24,female,not_delivering,ad,784,881,1.12372449,"7-day click or 1-day view",,,26.17,,2026-05-06,Ongoing,1,26.17,29.70488082,0.22701476,,,,,,,2023-07-20,2026-08-19
SET1,6715760430597,18-24,unknown,not_delivering,ad,352,586,1.66477273,"7-day click or 1-day view",,,26.01,,2025-05-13,Ongoing,2,13.005,44.38566553,0.34129693,,,,,,,2023-07-20,2026-08-19
"New Engagement ad set - 1",6833677863397,45-54,female,not_delivering,ad,48,88,1.83333333,"7-day click or 1-day view",,,25.94,,2025-11-21,Ongoing,1,25.94,294.77272727,3.40909091,,,,,,,2023-07-20,2026-08-19
LPU,6989431969797,35-44,female,not_delivering,ad,360,414,1.15,"7-day click or 1-day view","Messaging conversations started",1,25.68,25.68,2026-08-07,Ongoing,3,8.56,62.02898551,0.72463768,,1,,,,,2023-07-20,2026-08-19
SET1,6668298026597,18-24,male,not_delivering,ad,340,393,1.15588235,"7-day click or 1-day view","Messaging conversations started",1,25.57,25.57,2025-04-09,Ongoing,3,8.52333333,65.06361323,1.0178117,,1,,,,,2023-07-20,2026-08-19
SET1,6723531168397,35-44,female,not_delivering,ad,200,329,1.645,"7-day click or 1-day view",,,25.51,,2025-05-19,Ongoing,,,77.53799392,0.60790274,,,,,,,2023-07-20,2026-08-19
"New Engagement ad set",6699157892597,65+,male,not_delivering,ad,480,574,1.19583333,"7-day click or 1-day view","Messaging conversations started",1,25.44,25.44,2025-05-01,Ongoing,3,8.48,44.32055749,1.56794425,,1,,,,,2023-07-20,2026-08-19
"Ad set 1",6953165576197,35-44,male,not_delivering,ad,614,657,1.07003257,"7-day click or 1-day view",,,25.4,,2026-06-09,Ongoing,,,38.66057839,0.456621,,,,,,,2023-07-20,2026-08-19
"Ad set 1",6979195968397,25-34,female,not_delivering,ad,546,549,1.00549451,"7-day click or 1-day view",,,25.32,,2026-07-08,Ongoing,,,46.12021858,0.36429872,,,,,,,2023-07-20,2026-08-19
"Post: ""Want to Study Overseas?""",6881723905597,25-34,female,not_delivering,ad,354,409,1.15536723,"7-day click or 1-day view","Link clicks",7,25.13,3.59,2026-03-13,Ongoing,7,3.59,61.44254279,1.71149144,,,,,,,2023-07-20,2026-08-19
"New Engagement ad set",6612219196997,35-44,female,not_delivering,ad,144,187,1.29861111,"7-day click or 1-day view","Messaging conversations started",1,24.87,24.87,2025-02-16,Ongoing,2,12.435,132.99465241,1.60427807,,1,,,,,2023-07-20,2026-08-19
LPU,6989431969997,18-24,female,not_delivering,ad,752,904,1.20212766,"7-day click or 1-day view",,,24.74,,2026-08-07,Ongoing,,,27.36725664,0,,,,,,,2023-07-20,2026-08-19
"New Engagement ad set",6834727881197,35-44,male,not_delivering,ad,164,222,1.35365854,"7-day click or 1-day view",,,24.69,,2025-09-07,Ongoing,2,12.345,111.21621622,0.9009009,,,,,,,2023-07-20,2026-08-19
"New Engagement ad set",6769019900397,35-44,male,inactive,ad,37,41,1.10810811,"7-day click or 1-day view",,,24.67,,2025-07-15,Ongoing,,,601.70731707,0,,,,,,,2023-07-20,2026-08-19
SET1,6668298026597,25-34,male,not_delivering,ad,208,246,1.18269231,"7-day click or 1-day view",,,24.59,,2025-04-09,Ongoing,2,12.295,99.95934959,0.81300813,,,,,,,2023-07-20,2026-08-19
"MMU MBA",6671478791597,35-44,female,not_delivering,ad,236,307,1.30084746,"7-day click or 1-day view",,,24.59,,2025-04-12,Ongoing,,,80.09771987,0.3257329,,,,,,,2023-07-20,2026-08-19
"ad set 1",6989195918997,25-34,male,not_delivering,ad,182,211,1.15934066,"7-day click or 1-day view",,,24.59,,2026-08-05,Ongoing,,,116.54028436,0,,,,,,,2023-07-20,2026-08-19
"Ads - HP+Jammu",6910460698197,25-34,female,not_delivering,ad,782,800,1.0230179,"7-day click or 1-day view",,,24.23,,2026-04-26,Ongoing,3,8.07666667,30.2875,0.5,,,,,,,2023-07-20,2026-08-19
"Ad Online",6915913764397,35-44,female,not_delivering,ad,188,320,1.70212766,"7-day click or 1-day view",,,23.98,,2026-05-01,Ongoing,1,23.98,74.9375,0.9375,,,,,,,2023-07-20,2026-08-19
"Ad set",6887028625797,18-24,female,not_delivering,ad,270,362,1.34074074,"7-day click or 1-day view",,,23.69,,2026-03-22,Ongoing,1,23.69,65.44198895,0.55248619,,,,,,,2023-07-20,2026-08-19
"Ad set 1",6976611089397,35-44,female,inactive,ad,448,456,1.01785714,"7-day click or 1-day view",,,23.28,,2026-07-01,Ongoing,3,7.76,51.05263158,0.65789474,,,,,,,2023-07-20,2026-08-19
"Messages Ad: 🎓Admission Open for - Distance & Online Learning...",6703091319197,25-34,male,not_delivering,ad,736,872,1.18478261,"7-day click or 1-day view",,,23.24,,2025-05-03,2025-05-07,2,11.62,26.65137615,0.2293578,,,,,,,2023-07-20,2026-08-19
LPU,6986170907797,18-24,female,not_delivering,ad,285,346,1.21403509,"7-day click or 1-day view",,,23.1,,2026-07-31,Ongoing,1,23.1,66.76300578,0.57803468,,,,,,,2023-07-20,2026-08-19
LPU,6989431969997,35-44,male,not_delivering,ad,189,225,1.19047619,"7-day click or 1-day view","Messaging conversations started",1,23.09,23.09,2026-08-07,Ongoing,1,23.09,102.62222222,0.44444444,,1,,,,,2023-07-20,2026-08-19
"New Engagement ad set - 1",6832539425597,35-44,male,not_delivering,ad,122,165,1.35245902,"7-day click or 1-day view",,,23.05,,2025-11-21,Ongoing,,,139.6969697,0,,,,,,,2023-07-20,2026-08-19
"New Engagement ad set",6715699674797,45-54,female,not_delivering,ad,200,251,1.255,"7-day click or 1-day view",,,23.03,,2025-05-01,Ongoing,2,11.515,91.75298805,0.79681275,,,,,,,2023-07-20,2026-08-19
"ad set 1",6872929385597,18-24,male,inactive,ad,200,213,1.065,"7-day click or 1-day view",,,22.89,,2026-01-31,Ongoing,1,22.89,107.46478873,0.46948357,,,,,,,2023-07-20,2026-08-19
"ad set 1",6857977080197,35-44,female,not_delivering,ad,190,259,1.36315789,"7-day click or 1-day view",,,22.8,,2026-01-23,Ongoing,2,11.4,88.03088803,0.77220077,,,,,,,2023-07-20,2026-08-19
SET1,6732744864597,35-44,female,not_delivering,ad,208,522,2.50961538,"7-day click or 1-day view",,,22.45,,2025-05-20,Ongoing,1,22.45,43.00766284,0.19157088,,,,,,,2023-07-20,2026-08-19
SET1,6768966430597,35-44,male,not_delivering,ad,296,315,1.06418919,"7-day click or 1-day view",,,22.34,,2025-05-13,Ongoing,1,22.34,70.92063492,0.63492063,,,,,,,2023-07-20,2026-08-19
SET1,6707077774397,35-44,male,not_delivering,ad,148,196,1.32432432,"7-day click or 1-day view","Messaging conversations started",1,22.34,22.34,2025-05-01,Ongoing,2,11.17,113.97959184,2.04081633,,1,,,,,2023-07-20,2026-08-19
SET1,6668292481797,18-24,male,not_delivering,ad,406,458,1.12807882,"7-day click or 1-day view",,,22.28,,2025-04-09,Ongoing,2,11.14,48.64628821,0.43668122,,,,,,,2023-07-20,2026-08-19
"Ad set",6924474197197,25-34,female,not_delivering,ad,254,297,1.16929134,"7-day click or 1-day view",,,22.25,,2026-05-13,Ongoing,1,22.25,74.91582492,1.34680135,,,,,,,2023-07-20,2026-08-19
"Ad set 1",6987226896597,25-34,female,not_delivering,ad,303,326,1.07590759,"7-day click or 1-day view",,,22.2,,2026-08-03,Ongoing,3,7.4,68.09815951,0.9202454,,,,,,,2023-07-20,2026-08-19
"Ads - HP+Jammu",6915646915997,35-44,female,not_delivering,ad,352,492,1.39772727,"7-day click or 1-day view",,,22,,2026-04-26,Ongoing,2,11,44.71544715,0.40650407,,,,,,,2023-07-20,2026-08-19
"Ad set",6924471431597,18-24,unknown,not_delivering,ad,8,12,1.5,"7-day click or 1-day view",,,21.96,,2026-05-13,Ongoing,,,1830,0,,,,,,,2023-07-20,2026-08-19
"Ad Online",6914899011797,35-44,male,inactive,ad,220,296,1.34545455,"7-day click or 1-day view","Messaging conversations started",1,21.92,21.92,2026-05-01,Ongoing,2,10.96,74.05405405,1.68918919,,1,,,,,2023-07-20,2026-08-19
LPU,6986175747197,35-44,male,not_delivering,ad,31,36,1.16129032,"7-day click or 1-day view","Messaging conversations started",1,21.92,21.92,2026-07-31,Ongoing,1,21.92,608.88888889,2.77777778,,1,,,,,2023-07-20,2026-08-19
"Ad set 1",6987226896597,18-24,female,not_delivering,ad,792,871,1.09974747,"7-day click or 1-day view",,,21.76,,2026-08-03,Ongoing,2,10.88,24.98277842,0.34443169,,,,,,,2023-07-20,2026-08-19
"Ad set 1",6976611089797,25-34,unknown,active,ad,512,666,1.30078125,"7-day click or 1-day view",,,21.64,,2026-07-01,Ongoing,1,21.64,32.49249249,0.15015015,,,,,,,2023-07-20,2026-08-19
"ad set 1",6861113921397,45-54,female,inactive,ad,152,257,1.69078947,"7-day click or 1-day view","Messaging conversations started",1,21.63,21.63,2026-01-31,Ongoing,2,10.815,84.16342412,0.77821012,,1,,,,,2023-07-20,2026-08-19
"ad set 1",6861112894797,45-54,female,not_delivering,ad,296,396,1.33783784,"7-day click or 1-day view","Messaging conversations started",1,21.56,21.56,2026-01-31,Ongoing,4,5.39,54.44444444,1.01010101,,1,,,,,2023-07-20,2026-08-19
"ad set 1",6857822967997,25-34,male,not_delivering,ad,241,282,1.17012448,"7-day click or 1-day view",,,21.52,,2026-01-23,Ongoing,1,21.52,76.31205674,0.35460993,,,,,,,2023-07-20,2026-08-19
"New Engagement ad set",6707055838397,35-44,female,not_delivering,ad,456,604,1.3245614,"7-day click or 1-day view",,,21.4,,2025-04-18,Ongoing,1,21.4,35.43046358,0.33112583,,,,,,,2023-07-20,2026-08-19
LPU,6989431969397,18-24,female,not_delivering,ad,1136,1247,1.09771127,"7-day click or 1-day view",,,21.29,,2026-08-07,Ongoing,2,10.645,17.07297514,0.16038492,,,,,,,2023-07-20,2026-08-19
SET1,6700709797997,25-34,female,inactive,ad,200,245,1.225,"7-day click or 1-day view",,,21.24,,2025-05-01,Ongoing,,,86.69387755,0,,,,,,,2023-07-20,2026-08-19
"Ads - Punjab",6911093708597,18-24,unknown,not_delivering,ad,384,742,1.93229167,"7-day click or 1-day view",,,21.23,,2026-04-27,Ongoing,2,10.615,28.61185984,0.40431267,,,,,,,2023-07-20,2026-08-19
SET1,6668292481797,25-34,male,not_delivering,ad,273,315,1.15384615,"7-day click or 1-day view",,,20.99,,2025-04-09,Ongoing,2,10.495,66.63492063,1.26984127,,,,,,,2023-07-20,2026-08-19
"Ads - Punjab",6941440448597,18-24,female,not_delivering,ad,942,997,1.05838641,"7-day click or 1-day view","Messaging conversations started",1,20.95,20.95,2026-05-30,Ongoing,4,5.2375,21.01303912,0.40120361,,1,,,,,2023-07-20,2026-08-19
SET1,6675261136397,25-34,female,not_delivering,ad,163,180,1.10429448,"7-day click or 1-day view","Messaging conversations started",1,20.93,20.93,2025-04-17,Ongoing,2,10.465,116.27777778,2.22222222,,1,,,,,2023-07-20,2026-08-19
SET1,6675265142397,25-34,female,not_delivering,ad,370,412,1.11351351,"7-day click or 1-day view",,,20.89,,2025-04-17,Ongoing,,,50.7038835,0.48543689,,,,,,,2023-07-20,2026-08-19
LPU,6986175747197,18-24,male,not_delivering,ad,452,579,1.28097345,"7-day click or 1-day view",,,20.85,,2026-07-31,Ongoing,2,10.425,36.01036269,0.34542314,,,,,,,2023-07-20,2026-08-19
"Ad Set 1",6915941077397,18-24,male,not_delivering,ad,78,105,1.34615385,"7-day click or 1-day view",,,20.82,,2026-05-03,Ongoing,,,198.28571429,0,,,,,,,2023-07-20,2026-08-19
"Ad set",6924458397797,18-24,unknown,not_delivering,ad,24,37,1.54166667,"7-day click or 1-day view",,,20.73,,2026-05-13,Ongoing,2,10.365,560.27027027,2.7027027,,,,,,,2023-07-20,2026-08-19
"Ad Set 1",6915936952997,35-44,female,not_delivering,ad,195,228,1.16923077,"7-day click or 1-day view","Messaging conversations started",2,20.73,10.365,2026-05-03,Ongoing,3,6.91,90.92105263,1.75438596,,2,,,,,2023-07-20,2026-08-19
"Ad Set 1",6915941077397,25-34,female,not_delivering,ad,33,64,1.93939394,"7-day click or 1-day view",,,20.51,,2026-05-03,Ongoing,,,320.46875,0,,,,,,,2023-07-20,2026-08-19
"New Engagement ad set - 1",6833677863397,55-64,male,not_delivering,ad,69,95,1.37681159,"7-day click or 1-day view",,,20.41,,2025-11-21,Ongoing,1,20.41,214.84210526,1.05263158,,,,,,,2023-07-20,2026-08-19
"Ad set",6924474197197,25-34,male,not_delivering,ad,505,565,1.11881188,"7-day click or 1-day view",,,20.27,,2026-05-13,Ongoing,3,6.75666667,35.87610619,0.7079646,,,,,,,2023-07-20,2026-08-19
"Ads - City",6941573216797,25-34,male,inactive,ad,698,745,1.06733524,"7-day click or 1-day view","Messaging conversations started",1,20.06,20.06,2026-05-30,Ongoing,5,4.012,26.9261745,0.80536913,,1,,,,,2023-07-20,2026-08-19
"ad set 1",6872929829797,25-34,female,inactive,ad,646,727,1.125387,"7-day click or 1-day view","Messaging conversations started",1,19.94,19.94,2026-01-31,Ongoing,4,4.985,27.42778542,0.96286107,,1,,,,,2023-07-20,2026-08-19
LPU,6989431969997,18-24,male,not_delivering,ad,660,740,1.12121212,"7-day click or 1-day view",,,19.92,,2026-08-07,Ongoing,6,3.32,26.91891892,0.81081081,,,,,,,2023-07-20,2026-08-19
"New Engagement ad set",6789161764997,18-24,male,not_delivering,ad,215,263,1.22325581,"7-day click or 1-day view","Messaging conversations started",1,19.89,19.89,2025-07-15,Ongoing,1,19.89,75.62737643,0.38022814,,1,,,,,2023-07-20,2026-08-19
"ad set 1",6861112894797,55-64,male,not_delivering,ad,172,248,1.44186047,"7-day click or 1-day view",,,19.75,,2026-01-31,Ongoing,2,9.875,79.63709677,0.80645161,,,,,,,2023-07-20,2026-08-19
LPU,6986170907797,25-34,male,not_delivering,ad,151,179,1.18543046,"7-day click or 1-day view",,,19.68,,2026-07-31,Ongoing,1,19.68,109.94413408,1.11731844,,,,,,,2023-07-20,2026-08-19
SET1,6699094078397,25-34,male,not_delivering,ad,233,287,1.23175966,"7-day click or 1-day view",,,19.44,,2025-05-01,Ongoing,,,67.73519164,0.34843206,,,,,,,2023-07-20,2026-08-19
"Ad Online",6915913764397,18-24,unknown,not_delivering,ad,0,14,0,"7-day click or 1-day view",,,19.41,,2026-05-01,Ongoing,,,1386.42857143,0,,,,,,,2023-07-20,2026-08-19
"New Engagement ad set",6804632076397,65+,male,not_delivering,ad,128,291,2.2734375,"7-day click or 1-day view","Messaging conversations started",1,19.31,19.31,2025-09-07,Ongoing,2,9.655,66.35738832,1.03092784,,1,,,,,2023-07-20,2026-08-19
"New Engagement ad set - 1",6832548474197,25-34,female,not_delivering,ad,84,114,1.35714286,"7-day click or 1-day view",,,19.25,,2025-11-21,Ongoing,,,168.85964912,0,,,,,,,2023-07-20,2026-08-19
"New Engagement ad set",6612225768597,18-24,female,not_delivering,ad,199,221,1.11055276,"7-day click or 1-day view",,,19.13,,2025-02-16,Ongoing,3,6.37666667,86.56108597,1.35746606,,,,,,,2023-07-20,2026-08-19
SET1,6732746421397,35-44,male,not_delivering,ad,156,265,1.69871795,"7-day click or 1-day view",,,19.07,,2025-05-20,Ongoing,,,71.96226415,0.37735849,,,,,,,2023-07-20,2026-08-19
"Messages Ad: 🎓Admission Open for - Distance & Online Learning...",6703091319197,25-34,female,not_delivering,ad,762,795,1.04330709,"7-day click or 1-day view",,,19,,2025-05-03,2025-05-07,,,23.89937107,0.12578616,,,,,,,2023-07-20,2026-08-19
"ad set 1",6861084796397,45-54,male,inactive,ad,174,249,1.43103448,"7-day click or 1-day view",,,18.86,,2026-01-31,Ongoing,,,75.74297189,0.40160643,,,,,,,2023-07-20,2026-08-19
"New Engagement ad set - 1",6832548169597,45-54,female,not_delivering,ad,28,50,1.78571429,"7-day click or 1-day view","Messaging conversations started",2,18.73,9.365,2025-11-21,Ongoing,2,9.365,374.6,4,,2,,,,,2023-07-20,2026-08-19
SET1,6732747399197,18-24,female,archived,ad,146,158,1.08219178,"7-day click or 1-day view",,,18.55,,2025-05-13,Ongoing,,,117.40506329,0,,,,,,,2023-07-20,2026-08-19
"New Engagement ad set",6675809957397,35-44,male,not_delivering,ad,416,517,1.24278846,"7-day click or 1-day view",,,18.49,,2025-04-18,Ongoing,,,35.76402321,0,,,,,,,2023-07-20,2026-08-19
"New Set",6703426842997,35-44,female,not_delivering,ad,155,210,1.35483871,"7-day click or 1-day view",,,18.24,,2025-05-03,Ongoing,,,86.85714286,0,,,,,,,2023-07-20,2026-08-19
"Ads - Punjab",6941440448597,18-24,male,not_delivering,ad,960,1005,1.046875,"7-day click or 1-day view",,,18.2,,2026-05-30,Ongoing,3,6.06666667,18.10945274,0.49751244,,,,,,,2023-07-20,2026-08-19
"New Engagement ad set - 1",6832539425597,18-24,unknown,not_delivering,ad,3,5,1.66666667,"7-day click or 1-day view",,,18.17,,2025-11-21,Ongoing,,,3634,0,,,,,,,2023-07-20,2026-08-19
"Ad set 1",6977309658397,35-44,male,inactive,ad,332,371,1.11746988,"7-day click or 1-day view",,,18.14,,2026-07-01,Ongoing,,,48.89487871,0.26954178,,,,,,,2023-07-20,2026-08-19
"ad set 1",6861114057597,25-34,unknown,not_delivering,ad,192,429,2.234375,"7-day click or 1-day view",,,18.14,,2026-01-31,Ongoing,1,18.14,42.28438228,0.6993007,,,,,,,2023-07-20,2026-08-19
"ad set 1",6881705351597,45-54,female,not_delivering,ad,264,426,1.61363636,"7-day click or 1-day view",,,18.07,,2026-01-31,Ongoing,2,9.035,42.41784038,0.70422535,,,,,,,2023-07-20,2026-08-19
"New Engagement ad set",6685419928797,35-44,male,not_delivering,ad,272,325,1.19485294,"7-day click or 1-day view",,,18.05,,2025-04-26,Ongoing,2,9.025,55.53846154,0.92307692,,,,,,,2023-07-20,2026-08-19
"New Traffic ad set",6641565898597,35-44,male,not_delivering,ad,2704,3704,1.36982249,"7-day click or 1-day view","Link clicks",29,17.98,0.62,2025-03-29,Ongoing,29,0.62,4.85421166,0.78293737,,,,,,,2023-07-20,2026-08-19
"Ad Set 1",6915936952997,18-24,male,not_delivering,ad,148,184,1.24324324,"7-day click or 1-day view","Messaging conversations started",3,17.94,5.98,2026-05-03,Ongoing,3,5.98,97.5,2.7173913,,3,,,,,2023-07-20,2026-08-19
"Ad Set 1",6915941077397,35-44,female,not_delivering,ad,48,66,1.375,"7-day click or 1-day view",,,17.93,,2026-05-03,Ongoing,,,271.66666667,0,,,,,,,2023-07-20,2026-08-19
"New Engagement ad set - 1",6833677863397,35-44,female,not_delivering,ad,77,123,1.5974026,"7-day click or 1-day view",,,17.52,,2025-11-21,Ongoing,,,142.43902439,0,,,,,,,2023-07-20,2026-08-19
"ad set 1",6988775509197,35-44,female,not_delivering,ad,172,211,1.22674419,"7-day click or 1-day view",,,17.5,,2026-08-05,Ongoing,1,17.5,82.93838863,0.47393365,,,,,,,2023-07-20,2026-08-19
"Post: ""Want to Study Overseas?""",6881723905597,35-44,male,not_delivering,ad,491,554,1.12830957,"7-day click or 1-day view","Link clicks",5,17.44,3.488,2026-03-13,Ongoing,5,3.488,31.4801444,0.90252708,,,,,,,2023-07-20,2026-08-19
"New Engagement ad set",6790435815797,35-44,male,not_delivering,ad,172,198,1.15116279,"7-day click or 1-day view",,,17.44,,2025-07-15,Ongoing,1,17.44,88.08080808,1.01010101,,,,,,,2023-07-20,2026-08-19
"Ad set 1",6976611089197,25-34,male,inactive,ad,581,616,1.06024096,"7-day click or 1-day view",,,17.33,,2026-07-01,Ongoing,,,28.13311688,0.32467532,,,,,,,2023-07-20,2026-08-19
"New Engagement ad set",6810171527597,65+,male,not_delivering,ad,168,222,1.32142857,"7-day click or 1-day view",,,17.28,,2025-09-07,Ongoing,,,77.83783784,0,,,,,,,2023-07-20,2026-08-19
"New Engagement ad set - City",6830713058797,35-44,female,not_delivering,ad,66,104,1.57575758,"7-day click or 1-day view",,,17.13,,2025-11-18,Ongoing,1,17.13,164.71153846,0.96153846,,,,,,,2023-07-20,2026-08-19
"New Engagement ad set",6834727221197,35-44,male,not_delivering,ad,108,166,1.53703704,"7-day click or 1-day view",,,17.05,,2025-09-07,Ongoing,,,102.71084337,0,,,,,,,2023-07-20,2026-08-19
"Ad set",6887946017597,25-34,male,not_delivering,ad,206,260,1.26213592,"7-day click or 1-day view",,,16.86,,2026-03-22,Ongoing,,,64.84615385,0,,,,,,,2023-07-20,2026-08-19
"ad set 1",6872929829797,35-44,male,inactive,ad,552,669,1.21195652,"7-day click or 1-day view",,,16.6,,2026-01-31,Ongoing,3,5.53333333,24.81315396,0.59790732,,,,,,,2023-07-20,2026-08-19
"ad set 1",6858002122997,65+,male,not_delivering,ad,160,376,2.35,"7-day click or 1-day view",,,16.57,,2026-01-23,Ongoing,1,16.57,44.06914894,0.53191489,,,,,,,2023-07-20,2026-08-19
"ad set 1",6861114057597,18-24,unknown,not_delivering,ad,128,533,4.1640625,"7-day click or 1-day view",,,16.5,,2026-01-31,Ongoing,4,4.125,30.95684803,0.75046904,,,,,,,2023-07-20,2026-08-19
SET1,6699045415197,18-24,male,not_delivering,ad,698,753,1.07879656,"7-day click or 1-day view",,,16.26,,2025-05-01,Ongoing,1,16.26,21.5936255,0.13280212,,,,,,,2023-07-20,2026-08-19
"New Engagement ad set",6789161764997,25-34,male,not_delivering,ad,129,176,1.36434109,"7-day click or 1-day view",,,16.25,,2025-07-15,Ongoing,,,92.32954545,0.56818182,,,,,,,2023-07-20,2026-08-19
SET1,6668298026597,18-24,female,not_delivering,ad,250,278,1.112,"7-day click or 1-day view","Messaging conversations started",1,16.12,16.12,2025-04-09,Ongoing,2,8.06,57.98561151,0.71942446,,1,,,,,2023-07-20,2026-08-19
"Ad Online",6915920572797,25-34,female,not_delivering,ad,165,214,1.2969697,"7-day click or 1-day view",,,16.11,,2026-05-01,Ongoing,2,8.055,75.28037383,0.93457944,,,,,,,2023-07-20,2026-08-19
"New Engagement ad set",6834727221197,25-34,female,not_delivering,ad,159,223,1.40251572,"7-day click or 1-day view",,,16.03,,2025-09-07,Ongoing,1,16.03,71.88340807,0.89686099,,,,,,,2023-07-20,2026-08-19
LPU,6986175747197,18-24,female,not_delivering,ad,274,349,1.27372263,"7-day click or 1-day view",,,15.92,,2026-07-31,Ongoing,,,45.61604585,0,,,,,,,2023-07-20,2026-08-19
"Ad set 1",6882906767797,18-24,female,not_delivering,ad,107,118,1.10280374,"7-day click or 1-day view",,,15.87,,2026-03-15,Ongoing,,,134.49152542,0,,,,,,,2023-07-20,2026-08-19
"ad set 1",6881705351597,55-64,male,not_delivering,ad,176,299,1.69886364,"7-day click or 1-day view",,,15.79,,2026-01-31,Ongoing,,,52.80936455,0.33444816,,,,,,,2023-07-20,2026-08-19
"ad set 1",6989195918997,18-24,male,not_delivering,ad,217,260,1.19815668,"7-day click or 1-day view",,,15.72,,2026-08-05,Ongoing,1,15.72,60.46153846,0.38461538,,,,,,,2023-07-20,2026-08-19
"Ad set 1",6953162565597,18-24,male,not_delivering,ad,882,976,1.10657596,"7-day click or 1-day view",,,15.62,,2026-06-09,Ongoing,,,16.00409836,0,,,,,,,2023-07-20,2026-08-19
"Ad set 1",6882908247597,18-24,male,not_delivering,ad,474,542,1.14345992,"7-day click or 1-day view",,,15.6,,2026-03-15,Ongoing,6,2.6,28.78228782,1.10701107,,,,,,,2023-07-20,2026-08-19
SET1,6675264991797,18-24,male,not_delivering,ad,300,342,1.14,"7-day click or 1-day view",,,15.59,,2025-04-17,Ongoing,1,15.59,45.58479532,0.29239766,,,,,,,2023-07-20,2026-08-19
"Ad set 1",6953168678397,18-24,male,not_delivering,ad,685,737,1.07591241,"7-day click or 1-day view",,,15.49,,2026-06-09,Ongoing,4,3.8725,21.01763908,0.54274084,,,,,,,2023-07-20,2026-08-19
SET1,6699045415197,25-34,male,not_delivering,ad,430,502,1.16744186,"7-day click or 1-day view",,,15.37,,2025-05-01,Ongoing,1,15.37,30.61752988,0.19920319,,,,,,,2023-07-20,2026-08-19
SET1,6668292481797,18-24,female,not_delivering,ad,389,441,1.13367609,"7-day click or 1-day view",,,15.29,,2025-04-09,Ongoing,1,15.29,34.67120181,0.45351474,,,,,,,2023-07-20,2026-08-19
SET1,6723191440197,25-34,male,not_delivering,ad,187,217,1.16042781,"7-day click or 1-day view",,,15.26,,2025-05-19,Ongoing,,,70.32258065,0,,,,,,,2023-07-20,2026-08-19
"New Engagement ad set",6769019900397,25-34,female,inactive,ad,66,76,1.15151515,"7-day click or 1-day view",,,15.23,,2025-07-15,Ongoing,,,200.39473684,0,,,,,,,2023-07-20,2026-08-19
SET1,6699102684197,25-34,male,not_delivering,ad,147,169,1.14965986,"7-day click or 1-day view",,,15.2,,2025-05-01,Ongoing,,,89.9408284,0.59171598,,,,,,,2023-07-20,2026-08-19
"Ad Online",6915643995197,35-44,male,not_delivering,ad,392,502,1.28061224,"7-day click or 1-day view",,,15.2,,2026-05-01,Ongoing,4,3.8,30.27888446,1.19521912,,,,,,,2023-07-20,2026-08-19
"ad set 1",6857977080197,45-54,male,not_delivering,ad,126,161,1.27777778,"7-day click or 1-day view",,,15.2,,2026-01-23,Ongoing,2,7.6,94.40993789,1.24223602,,,,,,,2023-07-20,2026-08-19
"SET2 - MBA",6729393133197,25-34,unknown,not_delivering,ad,164,164,1,"7-day click or 1-day view",,,15.14,,2025-05-25,Ongoing,1,15.14,92.31707317,0.6097561,,,,,,,2023-07-20,2026-08-19
"Ads - City",6941573216797,25-34,female,inactive,ad,307,334,1.08794788,"7-day click or 1-day view",,,15.11,,2026-05-30,Ongoing,,,45.23952096,0.2994012,,,,,,,2023-07-20,2026-08-19
"Ads - Punjab – Online",6917755072997,35-44,male,not_delivering,ad,80,86,1.075,"7-day click or 1-day view",,,15,,2026-05-06,Ongoing,,,174.41860465,0,,,,,,,2023-07-20,2026-08-19
"New Engagement ad set",6805961224197,18-24,unknown,not_delivering,ad,80,170,2.125,"7-day click or 1-day view",,,14.99,,2025-09-07,Ongoing,,,88.17647059,0.58823529,,,,,,,2023-07-20,2026-08-19
SET1,6668294202797,25-34,male,not_delivering,ad,238,273,1.14705882,"7-day click or 1-day view",,,14.94,,2025-04-09,Ongoing,,,54.72527473,0.36630037,,,,,,,2023-07-20,2026-08-19
"ad set 1",6881705351597,65+,male,not_delivering,ad,192,240,1.25,"7-day click or 1-day view",,,14.86,,2026-01-31,Ongoing,4,3.715,61.91666667,1.66666667,,,,,,,2023-07-20,2026-08-19
SET1,6699045415197,18-24,female,not_delivering,ad,777,845,1.08751609,"7-day click or 1-day view",,,14.59,,2025-05-01,Ongoing,2,7.295,17.26627219,0.23668639,,,,,,,2023-07-20,2026-08-19
"Ad set 1",6977309658397,35-44,female,inactive,ad,218,241,1.10550459,"7-day click or 1-day view",,,14.55,,2026-07-01,Ongoing,1,14.55,60.37344398,0.82987552,,,,,,,2023-07-20,2026-08-19
"New Engagement ad set",6612226281997,18-24,female,not_delivering,ad,169,196,1.15976331,"7-day click or 1-day view",,,14.54,,2025-02-16,Ongoing,1,14.54,74.18367347,0.51020408,,,,,,,2023-07-20,2026-08-19
"SET2 - MBA",6729393133197,18-24,unknown,not_delivering,ad,128,199,1.5546875,"7-day click or 1-day view",,,14.53,,2025-05-25,Ongoing,,,73.01507538,0,,,,,,,2023-07-20,2026-08-19
SET1,6723531168597,25-34,female,inactive,ad,122,147,1.20491803,"7-day click or 1-day view",,,14.52,,2025-05-19,Ongoing,,,98.7755102,0,,,,,,,2023-07-20,2026-08-19
LPU,6826445864997,35-44,male,not_delivering,ad,107,124,1.1588785,"7-day click or 1-day view","Messaging conversations started",1,14.5,14.5,2025-11-08,Ongoing,1,14.5,116.93548387,1.61290323,,1,,,,,2023-07-20,2026-08-19
"New Engagement ad set - 1",6832548474197,45-54,male,not_delivering,ad,27,41,1.51851852,"7-day click or 1-day view",,,14.49,,2025-11-21,Ongoing,,,353.41463415,0,,,,,,,2023-07-20,2026-08-19
"Ads - Punjab – Online",6917755073397,35-44,male,not_delivering,ad,250,301,1.204,"7-day click or 1-day view",,,14.45,,2026-05-06,Ongoing,,,48.00664452,0,,,,,,,2023-07-20,2026-08-19
SET1,6675261136397,18-24,female,not_delivering,ad,276,310,1.12318841,"7-day click or 1-day view",,,14.45,,2025-04-17,Ongoing,1,14.45,46.61290323,0.32258065,,,,,,,2023-07-20,2026-08-19
"ad set 1",6857822967997,18-24,male,not_delivering,ad,223,264,1.1838565,"7-day click or 1-day view",,,14.43,,2026-01-23,Ongoing,,,54.65909091,0,,,,,,,2023-07-20,2026-08-19
SET1,6732747399197,18-24,male,archived,ad,197,214,1.08629442,"7-day click or 1-day view",,,14.42,,2025-05-13,Ongoing,,,67.38317757,0.46728972,,,,,,,2023-07-20,2026-08-19
"New Engagement ad set - 1",6832548474197,35-44,male,not_delivering,ad,69,89,1.28985507,"7-day click or 1-day view",,,14.4,,2025-11-21,Ongoing,,,161.79775281,1.12359551,,,,,,,2023-07-20,2026-08-19
"New Engagement ad set",6612226281997,25-34,female,not_delivering,ad,57,76,1.33333333,"7-day click or 1-day view","Messaging conversations started",1,14.38,14.38,2025-02-16,Ongoing,2,7.19,189.21052632,2.63157895,,1,,,,,2023-07-20,2026-08-19
"Ad set 1",6976611089197,25-34,female,inactive,ad,404,423,1.0470297,"7-day click or 1-day view",,,14.36,,2026-07-01,Ongoing,1,14.36,33.94799054,0.23640662,,,,,,,2023-07-20,2026-08-19
LPU,6986170907797,18-24,male,not_delivering,ad,297,390,1.31313131,"7-day click or 1-day view",,,14.3,,2026-07-31,Ongoing,3,4.76666667,36.66666667,0.76923077,,,,,,,2023-07-20,2026-08-19
"New Engagement ad set",6834713224997,35-44,male,not_delivering,ad,135,176,1.3037037,"7-day click or 1-day view",,,14.3,,2025-09-07,Ongoing,1,14.3,81.25,0.56818182,,,,,,,2023-07-20,2026-08-19
"ad set 1",6861114057597,35-44,unknown,not_delivering,ad,128,307,2.3984375,"7-day click or 1-day view",,,14.28,,2026-01-31,Ongoing,1,14.28,46.51465798,1.6286645,,,,,,,2023-07-20,2026-08-19
"Ad Set 1",6915936952997,45-54,female,not_delivering,ad,71,85,1.1971831,"7-day click or 1-day view",,,14.24,,2026-05-03,Ongoing,,,167.52941176,0,,,,,,,2023-07-20,2026-08-19
"Ad set 1",6882906767797,25-34,male,not_delivering,ad,126,138,1.0952381,"7-day click or 1-day view",,,14.24,,2026-03-15,Ongoing,,,103.1884058,0,,,,,,,2023-07-20,2026-08-19
"Ads - City",6941573216797,18-24,female,inactive,ad,424,460,1.08490566,"7-day click or 1-day view",,,14.21,,2026-05-30,Ongoing,2,7.105,30.89130435,0.43478261,,,,,,,2023-07-20,2026-08-19
"Ad Set 1",6915949742397,18-24,unknown,not_delivering,ad,3,3,1,"7-day click or 1-day view",,,14.15,,2026-05-03,Ongoing,,,4716.66666667,0,,,,,,,2023-07-20,2026-08-19
"Ad Set 1",6915936952997,25-34,female,not_delivering,ad,110,127,1.15454545,"7-day click or 1-day view",,,14.14,,2026-05-03,Ongoing,,,111.33858268,0.78740157,,,,,,,2023-07-20,2026-08-19
"New Engagement ad set",6612226281997,35-44,male,not_delivering,ad,56,83,1.48214286,"7-day click or 1-day view",,,14.12,,2025-02-16,Ongoing,,,170.12048193,1.20481928,,,,,,,2023-07-20,2026-08-19
"Ad set",6887946017597,18-24,male,not_delivering,ad,381,461,1.20997375,"7-day click or 1-day view",,,14.08,,2026-03-22,Ongoing,3,4.69333333,30.54229935,0.65075922,,,,,,,2023-07-20,2026-08-19
"New Engagement ad set - 1",6832548169597,35-44,female,not_delivering,ad,36,60,1.66666667,"7-day click or 1-day view",,,14.01,,2025-11-21,Ongoing,1,14.01,233.5,1.66666667,,,,,,,2023-07-20,2026-08-19
"New Engagement ad set",6685419928797,35-44,female,not_delivering,ad,216,289,1.33796296,"7-day click or 1-day view",,,13.94,,2025-04-26,Ongoing,,,48.23529412,0,,,,,,,2023-07-20,2026-08-19
"Ads - HP+Jammu",6910462158797,35-44,male,not_delivering,ad,228,276,1.21052632,"7-day click or 1-day view",,,13.93,,2026-04-26,Ongoing,,,50.47101449,0,,,,,,,2023-07-20,2026-08-19
"ad set 1",6872930110397,45-54,male,inactive,ad,344,427,1.24127907,"7-day click or 1-day view",,,13.92,,2026-01-31,Ongoing,4,3.48,32.59953162,0.93676815,,,,,,,2023-07-20,2026-08-19
"MMU MBA",6673302606997,55-64,male,not_delivering,ad,148,178,1.2027027,"7-day click or 1-day view",,,13.9,,2025-04-14,Ongoing,2,6.95,78.08988764,1.12359551,,,,,,,2023-07-20,2026-08-19
"New Engagement ad set",6675810692397,35-44,male,not_delivering,ad,216,268,1.24074074,"7-day click or 1-day view",,,13.89,,2025-04-18,Ongoing,1,13.89,51.82835821,1.49253731,,,,,,,2023-07-20,2026-08-19
LPU,6986170908197,18-24,male,not_delivering,ad,462,556,1.2034632,"7-day click or 1-day view",,,13.89,,2026-07-31,Ongoing,2,6.945,24.98201439,0.35971223,,,,,,,2023-07-20,2026-08-19
"Ad set 1",6976611089797,18-24,unknown,active,ad,128,590,4.609375,"7-day click or 1-day view","Messaging conversations started",1,13.75,13.75,2026-07-01,Ongoing,6,2.29166667,23.30508475,1.18644068,,1,,,,,2023-07-20,2026-08-19
"Ad set 1",6882908247597,25-34,male,not_delivering,ad,218,247,1.13302752,"7-day click or 1-day view",,,13.74,,2026-03-15,Ongoing,1,13.74,55.62753036,0.4048583,,,,,,,2023-07-20,2026-08-19
SET1,6675261136397,18-24,male,not_delivering,ad,218,246,1.12844037,"7-day click or 1-day view",,,13.65,,2025-04-17,Ongoing,1,13.65,55.48780488,0.40650407,,,,,,,2023-07-20,2026-08-19
"Ads - City",6941448197797,35-44,male,not_delivering,ad,305,323,1.05901639,"7-day click or 1-day view",,,13.62,,2026-05-30,Ongoing,1,13.62,42.16718266,0.61919505,,,,,,,2023-07-20,2026-08-19
LPU,6986175747197,25-34,female,not_delivering,ad,73,87,1.19178082,"7-day click or 1-day view",,,13.58,,2026-07-31,Ongoing,1,13.58,156.09195402,1.14942529,,,,,,,2023-07-20,2026-08-19
"Ads - Punjab",6935496751997,35-44,male,inactive,ad,304,330,1.08552632,"7-day click or 1-day view",,,13.48,,2026-04-27,Ongoing,2,6.74,40.84848485,0.60606061,,,,,,,2023-07-20,2026-08-19
"Ad Online",6914899011797,35-44,female,inactive,ad,102,121,1.18627451,"7-day click or 1-day view",,,13.44,,2026-05-01,Ongoing,,,111.07438017,0.82644628,,,,,,,2023-07-20,2026-08-19
"Ads - Punjab",6941440448597,35-44,male,not_delivering,ad,337,358,1.06231454,"7-day click or 1-day view",,,13.42,,2026-05-30,Ongoing,1,13.42,37.48603352,0.83798883,,,,,,,2023-07-20,2026-08-19
"New Engagement ad set",6612225768597,35-44,female,not_delivering,ad,14,19,1.35714286,"7-day click or 1-day view",,,13.35,,2025-02-16,Ongoing,,,702.63157895,0,,,,,,,2023-07-20,2026-08-19
SET1,6699045415197,25-34,female,not_delivering,ad,353,389,1.101983,"7-day click or 1-day view",,,13.17,,2025-05-01,Ongoing,,,33.85604113,0.25706941,,,,,,,2023-07-20,2026-08-19
SET1,6675261136397,25-34,male,not_delivering,ad,170,182,1.07058824,"7-day click or 1-day view",,,13.13,,2025-04-17,Ongoing,,,72.14285714,0,,,,,,,2023-07-20,2026-08-19
"New Set",6703410326397,18-24,female,not_delivering,ad,292,328,1.12328767,"7-day click or 1-day view",,,12.79,,2025-05-03,Ongoing,,,38.99390244,0.6097561,,,,,,,2023-07-20,2026-08-19
"New Engagement ad set - 1",6832539425597,45-54,male,not_delivering,ad,53,67,1.26415094,"7-day click or 1-day view",,,12.74,,2025-11-21,Ongoing,1,12.74,190.14925373,1.49253731,,,,,,,2023-07-20,2026-08-19
"Ad set 1",6979195968397,18-24,female,not_delivering,ad,650,653,1.00461538,"7-day click or 1-day view",,,12.68,,2026-07-08,Ongoing,,,19.41807044,0.15313936,,,,,,,2023-07-20,2026-08-19
"Ad set 1",6953162565597,35-44,female,not_delivering,ad,422,423,1.00236967,"7-day click or 1-day view",,,12.58,,2026-06-09,Ongoing,1,12.58,29.73995272,0.23640662,,,,,,,2023-07-20,2026-08-19
"Ads - City",6941573216797,18-24,male,inactive,ad,667,719,1.07796102,"7-day click or 1-day view",,,12.43,,2026-05-30,Ongoing,5,2.486,17.28789986,0.97357441,,,,,,,2023-07-20,2026-08-19
SET1,6723191440197,18-24,male,not_delivering,ad,212,228,1.0754717,"7-day click or 1-day view",,,12.42,,2025-05-19,Ongoing,,,54.47368421,0,,,,,,,2023-07-20,2026-08-19
"Ad set 1",6979195968397,18-24,male,not_delivering,ad,627,629,1.00318979,"7-day click or 1-day view",,,12.42,,2026-07-08,Ongoing,,,19.74562798,0,,,,,,,2023-07-20,2026-08-19
SET1,6699087848997,18-24,male,not_delivering,ad,506,544,1.07509881,"7-day click or 1-day view",,,12.37,,2025-05-01,Ongoing,,,22.73897059,0,,,,,,,2023-07-20,2026-08-19
"New Engagement ad set - 1",6833678886597,25-34,male,not_delivering,ad,47,60,1.27659574,"7-day click or 1-day view",,,12.26,,2025-11-21,Ongoing,1,12.26,204.33333333,1.66666667,,,,,,,2023-07-20,2026-08-19
SET1,6668294202797,18-24,male,not_delivering,ad,317,359,1.13249211,"7-day click or 1-day view",,,12.1,,2025-04-09,Ongoing,2,6.05,33.70473538,0.55710306,,,,,,,2023-07-20,2026-08-19
"New Engagement ad set",6805961224197,65+,male,not_delivering,ad,181,181,1,"7-day click or 1-day view",,,12.06,,2025-09-07,Ongoing,1,12.06,66.62983425,0.55248619,,,,,,,2023-07-20,2026-08-19
SET1,6668282296197,35-44,male,not_delivering,ad,96,141,1.46875,"7-day click or 1-day view",,,12,,2025-04-09,Ongoing,,,85.10638298,0,,,,,,,2023-07-20,2026-08-19
"Ads - Punjab",6911093708597,25-34,unknown,not_delivering,ad,256,440,1.71875,"7-day click or 1-day view",,,11.95,,2026-04-27,Ongoing,2,5.975,27.15909091,0.45454545,,,,,,,2023-07-20,2026-08-19
"ad set 1",6988775509197,18-24,male,not_delivering,ad,211,243,1.15165877,"7-day click or 1-day view",,,11.89,,2026-08-05,Ongoing,2,5.945,48.93004115,0.82304527,,,,,,,2023-07-20,2026-08-19
"New Engagement ad set - 1",6832547839397,65+,male,not_delivering,ad,16,26,1.625,"7-day click or 1-day view","Messaging conversations started",1,11.86,11.86,2025-11-21,Ongoing,2,5.93,456.15384615,7.69230769,,1,,,,,2023-07-20,2026-08-19
SET1,6675264991797,25-34,male,not_delivering,ad,141,163,1.15602837,"7-day click or 1-day view",,,11.85,,2025-04-17,Ongoing,,,72.6993865,0,,,,,,,2023-07-20,2026-08-19
SET1,6734947246397,35-44,male,not_delivering,ad,164,204,1.24390244,"7-day click or 1-day view",,,11.84,,2025-05-19,Ongoing,3,3.94666667,58.03921569,2.45098039,,,,,,,2023-07-20,2026-08-19
"Post: ""Want to Study Overseas?""",6881723905597,65+,male,not_delivering,ad,186,214,1.15053763,"7-day click or 1-day view","Link clicks",4,11.83,2.9575,2026-03-13,Ongoing,4,2.9575,55.28037383,2.80373832,,,,,,,2023-07-20,2026-08-19
"New Engagement ad set",6834726579597,18-24,unknown,not_delivering,ad,4,9,2.25,"7-day click or 1-day view","Messaging conversations started",1,11.83,11.83,2025-09-07,Ongoing,1,11.83,1314.44444444,0,,1,,,,,2023-07-20,2026-08-19
SET1,6699087848997,25-34,male,not_delivering,ad,277,303,1.09386282,"7-day click or 1-day view",,,11.76,,2025-05-01,Ongoing,,,38.81188119,0,,,,,,,2023-07-20,2026-08-19
"New Engagement ad set - 1",6833677863397,65+,male,not_delivering,ad,42,58,1.38095238,"7-day click or 1-day view",,,11.69,,2025-11-21,Ongoing,,,201.55172414,0,,,,,,,2023-07-20,2026-08-19
"Ad set 1",6953168678397,35-44,male,not_delivering,ad,248,269,1.08467742,"7-day click or 1-day view","Messaging conversations started",1,11.6,11.6,2026-06-09,Ongoing,3,3.86666667,43.12267658,1.11524164,,1,,,,,2023-07-20,2026-08-19
"New Engagement ad set",6685447204197,25-34,female,not_delivering,ad,146,150,1.02739726,"7-day click or 1-day view",,,11.6,,2025-04-26,Ongoing,,,77.33333333,0,,,,,,,2023-07-20,2026-08-19
SET1,6675264991797,18-24,female,not_delivering,ad,244,267,1.0942623,"7-day click or 1-day view",,,11.52,,2025-04-17,Ongoing,,,43.14606742,0.37453184,,,,,,,2023-07-20,2026-08-19
LPU,6989431969397,25-34,female,not_delivering,ad,395,424,1.07341772,"7-day click or 1-day view",,,11.49,,2026-08-07,Ongoing,6,1.915,27.0990566,1.41509434,,,,,,,2023-07-20,2026-08-19
"Ads - Punjab",6941440448797,35-44,male,not_delivering,ad,334,360,1.07784431,"7-day click or 1-day view",,,11.48,,2026-05-30,Ongoing,1,11.48,31.88888889,0.27777778,,,,,,,2023-07-20,2026-08-19
"Ads - Punjab",6935496751997,35-44,female,inactive,ad,234,280,1.1965812,"7-day click or 1-day view",,,11.46,,2026-04-27,Ongoing,,,40.92857143,0,,,,,,,2023-07-20,2026-08-19
"Ads - HP+Jammu",6910462870797,35-44,female,not_delivering,ad,153,162,1.05882353,"7-day click or 1-day view",,,11.42,,2026-04-26,Ongoing,2,5.71,70.49382716,1.2345679,,,,,,,2023-07-20,2026-08-19
"ad set 1",6857978483197,55-64,male,not_delivering,ad,36,36,1,"7-day click or 1-day view",,,11.4,,2026-01-23,Ongoing,,,316.66666667,2.77777778,,,,,,,2023-07-20,2026-08-19
"New Engagement ad set",6675809957397,35-44,female,not_delivering,ad,304,309,1.01644737,"7-day click or 1-day view",,,11.39,,2025-04-18,Ongoing,1,11.39,36.86084142,0.3236246,,,,,,,2023-07-20,2026-08-19
LPU,6986170908197,25-34,male,not_delivering,ad,255,304,1.19215686,"7-day click or 1-day view","Messaging conversations started",1,11.39,11.39,2026-07-31,Ongoing,1,11.39,37.46710526,0.32894737,,1,,,,,2023-07-20,2026-08-19
"Post: ""Want to Study Overseas?""",6881723905597,18-24,female,not_delivering,ad,270,317,1.17407407,"7-day click or 1-day view","Link clicks",2,11.38,5.69,2026-03-13,Ongoing,2,5.69,35.89905363,1.89274448,,,,,,,2023-07-20,2026-08-19
"MMU MBA",6673302606997,45-54,female,not_delivering,ad,144,184,1.27777778,"7-day click or 1-day view",,,11.29,,2025-04-14,Ongoing,,,61.35869565,0,,,,,,,2023-07-20,2026-08-19
"Ad set 1",6990852904797,25-34,unknown,active,ad,256,481,1.87890625,"7-day click or 1-day view",,,11.28,,2026-07-01,Ongoing,6,1.88,23.45114345,1.66320166,,,,,,,2023-07-20,2026-08-19
"SET2 - MBA",6729393132997,18-24,unknown,not_delivering,ad,202,202,1,"7-day click or 1-day view",,,11.21,,2025-05-25,Ongoing,,,55.4950495,0,,,,,,,2023-07-20,2026-08-19
"SET2 - MBA",6729393132997,25-34,unknown,not_delivering,ad,201,201,1,"7-day click or 1-day view",,,11.19,,2025-05-25,Ongoing,1,11.19,55.67164179,0.49751244,,,,,,,2023-07-20,2026-08-19
"ad set 1",6858002122997,55-64,female,not_delivering,ad,208,277,1.33173077,"7-day click or 1-day view",,,11.17,,2026-01-23,Ongoing,,,40.32490975,0,,,,,,,2023-07-20,2026-08-19
"ad set 1",6861113921397,55-64,male,inactive,ad,84,105,1.25,"7-day click or 1-day view",,,11.16,,2026-01-31,Ongoing,,,106.28571429,0.95238095,,,,,,,2023-07-20,2026-08-19
SET1,6699087848997,18-24,female,not_delivering,ad,506,546,1.07905138,"7-day click or 1-day view",,,11.14,,2025-05-01,Ongoing,1,11.14,20.4029304,0.18315018,,,,,,,2023-07-20,2026-08-19
"New Engagement ad set",6685444541597,25-34,male,not_delivering,ad,69,73,1.05797101,"7-day click or 1-day view",,,11.1,,2025-04-26,Ongoing,,,152.05479452,0,,,,,,,2023-07-20,2026-08-19
SET1,6715762376997,25-34,unknown,archived,ad,256,580,2.265625,"7-day click or 1-day view",,,10.97,,2025-05-13,Ongoing,1,10.97,18.9137931,0.34482759,,,,,,,2023-07-20,2026-08-19
"Post: ""Want to Study Overseas?""",6881723905597,45-54,male,not_delivering,ad,320,359,1.121875,"7-day click or 1-day view","Link clicks",5,10.85,2.17,2026-03-13,Ongoing,5,2.17,30.22284123,1.94986072,,,,,,,2023-07-20,2026-08-19
"Ad set 1",6953166520997,25-34,female,not_delivering,ad,155,168,1.08387097,"7-day click or 1-day view",,,10.81,,2026-06-09,Ongoing,,,64.3452381,0.5952381,,,,,,,2023-07-20,2026-08-19
"Ads - Punjab – Online",6917755073397,35-44,female,not_delivering,ad,142,147,1.03521127,"7-day click or 1-day view",,,10.59,,2026-05-06,Ongoing,,,72.04081633,0,,,,,,,2023-07-20,2026-08-19
"ad set 1",6989195918997,25-34,female,not_delivering,ad,89,104,1.16853933,"7-day click or 1-day view",,,10.54,,2026-08-05,Ongoing,1,10.54,101.34615385,0.96153846,,,,,,,2023-07-20,2026-08-19
"ad set 1",6857977080197,55-64,male,not_delivering,ad,29,29,1,"7-day click or 1-day view",,,10.51,,2026-01-23,Ongoing,,,362.4137931,0,,,,,,,2023-07-20,2026-08-19
"Ad set",6887030217397,18-24,male,not_delivering,ad,219,259,1.1826484,"7-day click or 1-day view",,,10.51,,2026-03-22,Ongoing,1,10.51,40.57915058,0.38610039,,,,,,,2023-07-20,2026-08-19
"Ad set 1",6986709879597,35-44,female,active,ad,168,214,1.27380952,"7-day click or 1-day view",,,10.46,,2026-07-01,Ongoing,2,5.23,48.87850467,1.40186916,,,,,,,2023-07-20,2026-08-19
SET1,6732747696197,65+,male,not_delivering,ad,196,196,1,"7-day click or 1-day view",,,10.44,,2025-05-13,Ongoing,,,53.26530612,0,,,,,,,2023-07-20,2026-08-19
SET1,6699075335397,35-44,male,not_delivering,ad,216,216,1,"7-day click or 1-day view",,,10.36,,2025-05-01,Ongoing,1,10.36,47.96296296,0.46296296,,,,,,,2023-07-20,2026-08-19
"Ads - HP+Jammu",6910462158797,35-44,female,not_delivering,ad,86,110,1.27906977,"7-day click or 1-day view","Messaging conversations started",1,10.31,10.31,2026-04-26,Ongoing,1,10.31,93.72727273,1.81818182,,1,,,,,2023-07-20,2026-08-19
SET1,6715760430597,25-34,unknown,not_delivering,ad,160,223,1.39375,"7-day click or 1-day view",,,10.23,,2025-05-13,Ongoing,2,5.115,45.87443946,0.89686099,,,,,,,2023-07-20,2026-08-19
"New Engagement ad set - 1",6833678886597,18-24,female,not_delivering,ad,56,63,1.125,"7-day click or 1-day view",,,10.22,,2025-11-21,Ongoing,,,162.22222222,0,,,,,,,2023-07-20,2026-08-19
"Ad Online",6915913514997,25-34,female,not_delivering,ad,316,361,1.14240506,"7-day click or 1-day view",,,10.15,,2026-05-01,Ongoing,,,28.11634349,0.27700831,,,,,,,2023-07-20,2026-08-19
"Ads - Punjab – Online",6917755072997,25-34,female,not_delivering,ad,281,308,1.09608541,"7-day click or 1-day view",,,10.13,,2026-05-06,Ongoing,2,5.065,32.88961039,0.64935065,,,,,,,2023-07-20,2026-08-19
"ad set 1",6988775509197,18-24,female,not_delivering,ad,196,235,1.19897959,"7-day click or 1-day view",,,10.13,,2026-08-05,Ongoing,,,43.10638298,0,,,,,,,2023-07-20,2026-08-19
"Ad set 1",6953166520997,25-34,male,not_delivering,ad,186,203,1.09139785,"7-day click or 1-day view",,,10.06,,2026-06-09,Ongoing,,,49.55665025,0,,,,,,,2023-07-20,2026-08-19
"Ad set 1",6959678385597,25-34,unknown,not_delivering,ad,192,257,1.33854167,"7-day click or 1-day view",,,10.01,,2026-06-14,Ongoing,,,38.94941634,0,,,,,,,2023-07-20,2026-08-19
"New Engagement ad set",6612226281997,35-44,female,not_delivering,ad,12,14,1.16666667,"7-day click or 1-day view",,,9.93,,2025-02-16,Ongoing,,,709.28571429,0,,,,,,,2023-07-20,2026-08-19
"New Engagement ad set",6612225768597,25-34,female,not_delivering,ad,45,55,1.22222222,"7-day click or 1-day view",,,9.92,,2025-02-16,Ongoing,1,9.92,180.36363636,1.81818182,,,,,,,2023-07-20,2026-08-19
SET1,6675271324797,25-34,male,not_delivering,ad,93,104,1.11827957,"7-day click or 1-day view",,,9.89,,2025-04-17,Ongoing,,,95.09615385,0,,,,,,,2023-07-20,2026-08-19
SET1,6699102684197,18-24,male,not_delivering,ad,296,324,1.09459459,"7-day click or 1-day view",,,9.84,,2025-05-01,Ongoing,,,30.37037037,0,,,,,,,2023-07-20,2026-08-19
SET1,6699102684197,18-24,female,not_delivering,ad,279,300,1.07526882,"7-day click or 1-day view",,,9.79,,2025-05-01,Ongoing,1,9.79,32.63333333,0.33333333,,,,,,,2023-07-20,2026-08-19
"Ad set",6887030217397,18-24,female,not_delivering,ad,96,134,1.39583333,"7-day click or 1-day view",,,9.78,,2026-03-22,Ongoing,,,72.98507463,0,,,,,,,2023-07-20,2026-08-19
"Ad set 1",6882908661197,35-44,female,not_delivering,ad,124,159,1.28225806,"7-day click or 1-day view",,,9.72,,2026-03-15,Ongoing,1,9.72,61.13207547,1.88679245,,,,,,,2023-07-20,2026-08-19
"New Engagement ad set - 1",6833677863397,18-24,unknown,not_delivering,ad,9,15,1.66666667,"7-day click or 1-day view",,,9.71,,2025-11-21,Ongoing,,,647.33333333,0,,,,,,,2023-07-20,2026-08-19
"New Engagement ad set - 1",6832539425597,35-44,female,not_delivering,ad,24,26,1.08333333,"7-day click or 1-day view",,,9.71,,2025-11-21,Ongoing,,,373.46153846,0,,,,,,,2023-07-20,2026-08-19
SET1,6732747696197,18-24,unknown,not_delivering,ad,288,349,1.21180556,"7-day click or 1-day view",,,9.67,,2025-05-13,Ongoing,,,27.70773639,0,,,,,,,2023-07-20,2026-08-19
SET1,6675271324797,18-24,male,not_delivering,ad,170,187,1.1,"7-day click or 1-day view",,,9.66,,2025-04-17,Ongoing,,,51.65775401,0,,,,,,,2023-07-20,2026-08-19
"New Engagement ad set - 1",6833678886597,18-24,male,not_delivering,ad,81,94,1.16049383,"7-day click or 1-day view",,,9.65,,2025-11-21,Ongoing,,,102.65957447,0,,,,,,,2023-07-20,2026-08-19
"Ad set 1",6976611089197,18-24,female,inactive,ad,324,347,1.07098765,"7-day click or 1-day view",,,9.54,,2026-07-01,Ongoing,1,9.54,27.49279539,0.28818444,,,,,,,2023-07-20,2026-08-19
SET1,6668292481797,25-34,female,not_delivering,ad,149,168,1.12751678,"7-day click or 1-day view",,,9.43,,2025-04-09,Ongoing,1,9.43,56.13095238,0.5952381,,,,,,,2023-07-20,2026-08-19
LPU,6986170907797,25-34,female,not_delivering,ad,85,103,1.21176471,"7-day click or 1-day view",,,9.41,,2026-07-31,Ongoing,,,91.3592233,0,,,,,,,2023-07-20,2026-08-19
"ad set 1",6989195918997,18-24,female,not_delivering,ad,195,228,1.16923077,"7-day click or 1-day view",,,9.41,,2026-08-05,Ongoing,4,2.3525,41.27192982,1.75438596,,,,,,,2023-07-20,2026-08-19
"Ad set 1",6953168678397,35-44,female,not_delivering,ad,190,203,1.06842105,"7-day click or 1-day view",,,9.34,,2026-06-09,Ongoing,1,9.34,46.00985222,0.49261084,,,,,,,2023-07-20,2026-08-19
"ad set 1",6872929829797,45-54,male,inactive,ad,220,288,1.30909091,"7-day click or 1-day view","Messaging conversations started",1,9.31,9.31,2026-01-31,Ongoing,1,9.31,32.32638889,0.34722222,,1,,,,,2023-07-20,2026-08-19
"Ad Online",6915920572797,35-44,male,not_delivering,ad,146,187,1.28082192,"7-day click or 1-day view","Messaging conversations started",2,9.3,4.65,2026-05-01,Ongoing,4,2.325,49.73262032,3.20855615,,2,,,,,2023-07-20,2026-08-19
"Ads - HP+Jammu",6910462870797,35-44,male,not_delivering,ad,221,234,1.05882353,"7-day click or 1-day view",,,9.29,,2026-04-26,Ongoing,,,39.7008547,0,,,,,,,2023-07-20,2026-08-19
SET1,6668294202797,18-24,female,not_delivering,ad,265,300,1.13207547,"7-day click or 1-day view",,,9.27,,2025-04-09,Ongoing,1,9.27,30.9,0.66666667,,,,,,,2023-07-20,2026-08-19
SET1,6732747696197,25-34,unknown,not_delivering,ad,126,126,1,"7-day click or 1-day view",,,9.22,,2025-05-13,Ongoing,1,9.22,73.17460317,0.79365079,,,,,,,2023-07-20,2026-08-19
SET1,6699094078397,25-34,female,not_delivering,ad,147,183,1.24489796,"7-day click or 1-day view",,,9.14,,2025-05-01,Ongoing,,,49.94535519,0,,,,,,,2023-07-20,2026-08-19
"Ads - HP+Jammu",6910460698197,35-44,male,not_delivering,ad,218,244,1.11926606,"7-day click or 1-day view","Messaging conversations started",1,9.07,9.07,2026-04-26,Ongoing,1,9.07,37.17213115,0.40983607,,1,,,,,2023-07-20,2026-08-19
"Ads - City",6941448197797,35-44,female,not_delivering,ad,150,165,1.1,"7-day click or 1-day view",,,9.07,,2026-05-30,Ongoing,,,54.96969697,0.60606061,,,,,,,2023-07-20,2026-08-19
"Post: ""Want to Study Overseas?""",6881723905597,55-64,male,not_delivering,ad,216,259,1.19907407,"7-day click or 1-day view","Link clicks",3,9.01,3.00333333,2026-03-13,Ongoing,3,3.00333333,34.78764479,1.93050193,,,,,,,2023-07-20,2026-08-19
"Ad set",6887946017597,25-34,female,not_delivering,ad,63,90,1.42857143,"7-day click or 1-day view",,,8.92,,2026-03-22,Ongoing,,,99.11111111,2.22222222,,,,,,,2023-07-20,2026-08-19
SET1,6768966430597,35-44,female,not_delivering,ad,114,114,1,"7-day click or 1-day view",,,8.9,,2025-05-13,Ongoing,,,78.07017544,0,,,,,,,2023-07-20,2026-08-19
"New Engagement ad set",6804632076397,65+,female,not_delivering,ad,288,296,1.02777778,"7-day click or 1-day view",,,8.83,,2025-09-07,Ongoing,,,29.83108108,0,,,,,,,2023-07-20,2026-08-19
"ad set 1",6861084796397,45-54,female,inactive,ad,88,94,1.06818182,"7-day click or 1-day view",,,8.81,,2026-01-31,Ongoing,,,93.72340426,0,,,,,,,2023-07-20,2026-08-19
LPU,6986170908197,18-24,female,not_delivering,ad,291,346,1.18900344,"7-day click or 1-day view",,,8.8,,2026-07-31,Ongoing,,,25.43352601,0,,,,,,,2023-07-20,2026-08-19
"Ad Online",6914896859797,35-44,male,inactive,ad,162,198,1.22222222,"7-day click or 1-day view",,,8.65,,2026-05-01,Ongoing,,,43.68686869,0,,,,,,,2023-07-20,2026-08-19
SET1,6723191440197,25-34,female,not_delivering,ad,82,94,1.14634146,"7-day click or 1-day view",,,8.63,,2025-05-19,Ongoing,1,8.63,91.80851064,1.06382979,,,,,,,2023-07-20,2026-08-19
"New Engagement ad set - 1",6832548169597,55-64,male,not_delivering,ad,21,40,1.9047619,"7-day click or 1-day view",,,8.51,,2025-11-21,Ongoing,1,8.51,212.75,2.5,,,,,,,2023-07-20,2026-08-19
"ad set 1",6872929829797,35-44,female,inactive,ad,234,277,1.18376068,"7-day click or 1-day view",,,8.49,,2026-01-31,Ongoing,1,8.49,30.64981949,0.36101083,,,,,,,2023-07-20,2026-08-19
"Ad Online",6914899011797,18-24,unknown,inactive,ad,6,6,1,"7-day click or 1-day view",,,8.35,,2026-05-01,Ongoing,,,1391.66666667,0,,,,,,,2023-07-20,2026-08-19
"Ad set 1",6979195968397,35-44,male,not_delivering,ad,236,236,1,"7-day click or 1-day view",,,8.31,,2026-07-08,Ongoing,,,35.21186441,0,,,,,,,2023-07-20,2026-08-19
"Ad set",6887028625797,35-44,male,not_delivering,ad,64,85,1.328125,"7-day click or 1-day view",,,8.3,,2026-03-22,Ongoing,,,97.64705882,0,,,,,,,2023-07-20,2026-08-19
"ad set 1",6988775707397,18-24,unknown,not_delivering,ad,64,96,1.5,"7-day click or 1-day view","Messaging conversations started",1,8.21,8.21,2026-08-05,Ongoing,1,8.21,85.52083333,1.04166667,,1,,,,,2023-07-20,2026-08-19
"SET2 - MBA",6729393132597,25-34,unknown,not_delivering,ad,64,148,2.3125,"7-day click or 1-day view",,,8.16,,2025-05-25,Ongoing,1,8.16,55.13513514,0.67567568,,,,,,,2023-07-20,2026-08-19
SET1,6732746421397,35-44,female,not_delivering,ad,100,169,1.69,"7-day click or 1-day view",,,8.12,,2025-05-20,Ongoing,,,48.04733728,0,,,,,,,2023-07-20,2026-08-19
"Ads - City",6941573216797,35-44,male,inactive,ad,184,198,1.07608696,"7-day click or 1-day view",,,8.11,,2026-05-30,Ongoing,2,4.055,40.95959596,1.51515152,,,,,,,2023-07-20,2026-08-19
"New Engagement ad set",6810171527597,18-24,unknown,not_delivering,ad,8,28,3.5,"7-day click or 1-day view",,,8.07,,2025-09-07,Ongoing,,,288.21428571,0,,,,,,,2023-07-20,2026-08-19
"New Engagement ad set",6804632076397,25-34,unknown,not_delivering,ad,160,250,1.5625,"7-day click or 1-day view",,,8.06,,2025-09-07,Ongoing,,,32.24,0.4,,,,,,,2023-07-20,2026-08-19
"Ad Online",6914896859797,18-24,unknown,inactive,ad,3,4,1.33333333,"7-day click or 1-day view",,,7.96,,2026-05-01,Ongoing,,,1990,0,,,,,,,2023-07-20,2026-08-19
"Ad set 1",6976611089797,35-44,unknown,active,ad,0,202,0,"7-day click or 1-day view",,,7.91,,2026-07-01,Ongoing,,,39.15841584,0,,,,,,,2023-07-20,2026-08-19
"New Engagement ad set",6715699674797,55-64,male,not_delivering,ad,94,140,1.4893617,"7-day click or 1-day view",,,7.91,,2025-05-01,Ongoing,1,7.91,56.5,0.71428571,,,,,,,2023-07-20,2026-08-19
"ad set 1",6991650447397,25-34,unknown,not_delivering,ad,32,90,2.8125,"7-day click or 1-day view",,,7.91,,2026-08-05,Ongoing,2,3.955,87.88888889,1.11111111,,,,,,,2023-07-20,2026-08-19
"New Engagement ad set",6612223448397,25-34,unknown,not_delivering,ad,8,26,3.25,"7-day click or 1-day view",,,7.91,,2025-02-16,Ongoing,,,304.23076923,0,,,,,,,2023-07-20,2026-08-19
"New Engagement ad set",6768975019797,18-24,unknown,not_delivering,ad,56,73,1.30357143,"7-day click or 1-day view",,,7.78,,2025-07-15,Ongoing,1,7.78,106.57534247,1.36986301,,,,,,,2023-07-20,2026-08-19
"Ad set",6887946017597,18-24,female,not_delivering,ad,119,150,1.2605042,"7-day click or 1-day view",,,7.65,,2026-03-22,Ongoing,,,51,0,,,,,,,2023-07-20,2026-08-19
"New Set",6703410326397,25-34,female,not_delivering,ad,69,87,1.26086957,"7-day click or 1-day view",,,7.62,,2025-05-03,Ongoing,,,87.5862069,0,,,,,,,2023-07-20,2026-08-19
"Ad set 1",6953162565597,35-44,male,not_delivering,ad,312,324,1.03846154,"7-day click or 1-day view",,,7.61,,2026-06-09,Ongoing,1,7.61,23.48765432,0.61728395,,,,,,,2023-07-20,2026-08-19
SET1,6699099098397,18-24,male,not_delivering,ad,277,302,1.09025271,"7-day click or 1-day view",,,7.61,,2025-05-01,Ongoing,1,7.61,25.1986755,0.33112583,,,,,,,2023-07-20,2026-08-19
"ad set 1",6989195918997,35-44,male,not_delivering,ad,45,53,1.17777778,"7-day click or 1-day view",,,7.52,,2026-08-05,Ongoing,,,141.88679245,0,,,,,,,2023-07-20,2026-08-19
"Ad set",6887028625797,35-44,female,not_delivering,ad,36,57,1.58333333,"7-day click or 1-day view",,,7.41,,2026-03-22,Ongoing,2,3.705,130,1.75438596,,,,,,,2023-07-20,2026-08-19
SET1,6729387108797,25-34,unknown,not_delivering,ad,80,95,1.1875,"7-day click or 1-day view",,,7.3,,2025-05-19,Ongoing,1,7.3,76.84210526,1.05263158,,,,,,,2023-07-20,2026-08-19
"ad set 1",6872930110397,55-64,male,inactive,ad,172,213,1.23837209,"7-day click or 1-day view",,,7.28,,2026-01-31,Ongoing,1,7.28,34.17840376,0.46948357,,,,,,,2023-07-20,2026-08-19
"New Traffic ad set",6641565898597,35-44,female,not_delivering,ad,1104,1306,1.18297101,"7-day click or 1-day view","Link clicks",8,7.16,0.895,2025-03-29,Ongoing,8,0.895,5.48238897,0.68912711,,,,,,,2023-07-20,2026-08-19
"Ad set 1",6953166520997,18-24,female,not_delivering,ad,288,312,1.08333333,"7-day click or 1-day view",,,7.14,,2026-06-09,Ongoing,1,7.14,22.88461538,0.96153846,,,,,,,2023-07-20,2026-08-19
"MMU MBA",6673302606997,55-64,female,not_delivering,ad,32,36,1.125,"7-day click or 1-day view",,,7.14,,2025-04-14,Ongoing,1,7.14,198.33333333,2.77777778,,,,,,,2023-07-20,2026-08-19
"ad set 1",6857978483197,45-54,female,not_delivering,ad,84,122,1.45238095,"7-day click or 1-day view",,,7.13,,2026-01-23,Ongoing,1,7.13,58.44262295,0.81967213,,,,,,,2023-07-20,2026-08-19
"New Engagement ad set - 1",6833678886597,25-34,female,not_delivering,ad,21,22,1.04761905,"7-day click or 1-day view",,,7.12,,2025-11-21,Ongoing,1,7.12,323.63636364,4.54545455,,,,,,,2023-07-20,2026-08-19
"Ad set 1",6976611089197,35-44,male,inactive,ad,171,184,1.07602339,"7-day click or 1-day view",,,7.04,,2026-07-01,Ongoing,1,7.04,38.26086957,0.54347826,,,,,,,2023-07-20,2026-08-19
"Ad set",6887028625797,18-24,unknown,not_delivering,ad,2,2,1,"7-day click or 1-day view",,,7.04,,2026-03-22,Ongoing,,,3520,0,,,,,,,2023-07-20,2026-08-19
"Ad set 1",6953166520997,18-24,male,not_delivering,ad,174,182,1.04597701,"7-day click or 1-day view","Messaging conversations started",1,7,7,2026-06-09,Ongoing,1,7,38.46153846,0.54945055,,1,,,,,2023-07-20,2026-08-19
"Ads - Punjab",6941440448797,35-44,female,not_delivering,ad,216,224,1.03703704,"7-day click or 1-day view",,,6.99,,2026-05-30,Ongoing,1,6.99,31.20535714,0.44642857,,,,,,,2023-07-20,2026-08-19
SET1,6699102684197,25-34,female,not_delivering,ad,99,113,1.14141414,"7-day click or 1-day view",,,6.94,,2025-05-01,Ongoing,2,3.47,61.4159292,3.53982301,,,,,,,2023-07-20,2026-08-19
SET1,6707077774397,35-44,female,not_delivering,ad,44,66,1.5,"7-day click or 1-day view",,,6.86,,2025-05-01,Ongoing,,,103.93939394,0,,,,,,,2023-07-20,2026-08-19
"Ad set 1",6987226896597,35-44,male,not_delivering,ad,143,153,1.06993007,"7-day click or 1-day view",,,6.8,,2026-08-03,Ongoing,,,44.44444444,1.30718954,,,,,,,2023-07-20,2026-08-19
LPU,6989431969997,35-44,female,not_delivering,ad,100,126,1.26,"7-day click or 1-day view",,,6.77,,2026-08-07,Ongoing,1,6.77,53.73015873,0.79365079,,,,,,,2023-07-20,2026-08-19
SET1,6724323110397,18-24,unknown,not_delivering,ad,160,192,1.2,"7-day click or 1-day view",,,6.72,,2025-05-20,Ongoing,,,35,0,,,,,,,2023-07-20,2026-08-19
SET1,6668298026597,25-34,female,not_delivering,ad,68,79,1.16176471,"7-day click or 1-day view",,,6.7,,2025-04-09,Ongoing,1,6.7,84.81012658,0,,,,,,,2023-07-20,2026-08-19
"New Engagement ad set",6834727881197,35-44,female,not_delivering,ad,52,69,1.32692308,"7-day click or 1-day view",,,6.67,,2025-09-07,Ongoing,,,96.66666667,1.44927536,,,,,,,2023-07-20,2026-08-19
LPU,6826445864997,35-44,female,not_delivering,ad,50,60,1.2,"7-day click or 1-day view",,,6.61,,2025-11-08,Ongoing,,,110.16666667,3.33333333,,,,,,,2023-07-20,2026-08-19
SET1,6805961553997,35-44,female,not_delivering,ad,152,164,1.07894737,"7-day click or 1-day view","Messaging conversations started",2,6.56,3.28,2025-05-13,Ongoing,1,6.56,40,0.6097561,,2,,,,,2023-07-20,2026-08-19
"New Engagement ad set",6685447117797,18-24,male,not_delivering,ad,119,126,1.05882353,"7-day click or 1-day view",,,6.53,,2025-04-26,Ongoing,,,51.82539683,0,,,,,,,2023-07-20,2026-08-19
"ad set 1",6861114057597,Unknown,unknown,not_delivering,ad,7719,7769,1.00647752,"7-day click or 1-day view","Messaging conversations started",3,6.51,2.17,2026-01-31,Ongoing,20,0.3255,0.83794568,0.91388853,,3,,,,,2023-07-20,2026-08-19
LPU,6986170907797,35-44,female,not_delivering,ad,20,23,1.15,"7-day click or 1-day view",,,6.5,,2026-07-31,Ongoing,,,282.60869565,0,,,,,,,2023-07-20,2026-08-19
LPU,6989431969397,35-44,male,not_delivering,ad,119,129,1.08403361,"7-day click or 1-day view",,,6.45,,2026-08-07,Ongoing,,,50,0,,,,,,,2023-07-20,2026-08-19
"New Engagement ad set",6699157892597,55-64,female,not_delivering,ad,275,275,1,"7-day click or 1-day view",,,6.37,,2025-05-01,Ongoing,,,23.16363636,0.36363636,,,,,,,2023-07-20,2026-08-19
"Ad set 1",6882908247597,18-24,female,not_delivering,ad,200,225,1.125,"7-day click or 1-day view",,,6.32,,2026-03-15,Ongoing,1,6.32,28.08888889,0.44444444,,,,,,,2023-07-20,2026-08-19
SET1,6723191440197,18-24,female,not_delivering,ad,178,193,1.08426966,"7-day click or 1-day view",,,6.28,,2025-05-19,Ongoing,,,32.5388601,0.51813472,,,,,,,2023-07-20,2026-08-19
"MMU MBA",6673302606997,65+,male,not_delivering,ad,60,104,1.73333333,"7-day click or 1-day view",,,6.28,,2025-04-14,Ongoing,1,6.28,60.38461538,0.96153846,,,,,,,2023-07-20,2026-08-19
"Ads - Punjab",6941440448197,18-24,unknown,not_delivering,ad,87,87,1,"7-day click or 1-day view",,,6.28,,2026-05-30,Ongoing,2,3.14,72.18390805,2.29885057,,,,,,,2023-07-20,2026-08-19
"ad set 1",6857822967997,35-44,male,not_delivering,ad,56,68,1.21428571,"7-day click or 1-day view",,,6.26,,2026-01-23,Ongoing,,,92.05882353,1.47058824,,,,,,,2023-07-20,2026-08-19
"Ad set 1",6976611089197,18-24,male,inactive,ad,347,365,1.0518732,"7-day click or 1-day view",,,6.22,,2026-07-01,Ongoing,3,2.07333333,17.04109589,1.09589041,,,,,,,2023-07-20,2026-08-19
"New Engagement ad set",6699157892597,65+,female,not_delivering,ad,96,179,1.86458333,"7-day click or 1-day view",,,6.19,,2025-05-01,Ongoing,,,34.58100559,0,,,,,,,2023-07-20,2026-08-19
"Ads - City",6941572270197,25-34,male,inactive,ad,121,130,1.07438017,"7-day click or 1-day view",,,6.18,,2026-05-30,Ongoing,,,47.53846154,0,,,,,,,2023-07-20,2026-08-19
"New Engagement ad set",6810171527597,65+,female,not_delivering,ad,112,208,1.85714286,"7-day click or 1-day view",,,6.18,,2025-09-07,Ongoing,,,29.71153846,0.48076923,,,,,,,2023-07-20,2026-08-19
"Ad Set 1",6915941077397,18-24,female,not_delivering,ad,18,20,1.11111111,"7-day click or 1-day view",,,6.14,,2026-05-03,Ongoing,,,307,0,,,,,,,2023-07-20,2026-08-19
"ad set 1",6872929829797,45-54,female,inactive,ad,88,111,1.26136364,"7-day click or 1-day view",,,6.1,,2026-01-31,Ongoing,1,6.1,54.95495495,0.9009009,,,,,,,2023-07-20,2026-08-19
"ad set 1",6881705351597,55-64,female,not_delivering,ad,115,115,1,"7-day click or 1-day view",,,6.09,,2026-01-31,Ongoing,1,6.09,52.95652174,2.60869565,,,,,,,2023-07-20,2026-08-19
SET1,6699359479597,35-44,female,not_delivering,ad,40,52,1.3,"7-day click or 1-day view",,,6.06,,2025-05-01,Ongoing,2,3.03,116.53846154,3.84615385,,,,,,,2023-07-20,2026-08-19
"New Engagement ad set",6834726579597,35-44,female,not_delivering,ad,78,97,1.24358974,"7-day click or 1-day view",,,6.04,,2025-09-07,Ongoing,1,6.04,62.26804124,1.03092784,,,,,,,2023-07-20,2026-08-19
"ad set 1",6872929385597,25-34,male,inactive,ad,101,110,1.08910891,"7-day click or 1-day view",,,6.02,,2026-01-31,Ongoing,,,54.72727273,0,,,,,,,2023-07-20,2026-08-19
"ad set 1",6861113921397,65+,male,inactive,ad,16,65,4.0625,"7-day click or 1-day view",,,6.01,,2026-01-31,Ongoing,,,92.46153846,0,,,,,,,2023-07-20,2026-08-19
"Ad Set 1",6915941077397,45-54,female,not_delivering,ad,24,31,1.29166667,"7-day click or 1-day view",,,5.9,,2026-05-03,Ongoing,,,190.32258065,0,,,,,,,2023-07-20,2026-08-19
"ad set 1",6857822967997,18-24,female,not_delivering,ad,118,133,1.12711864,"7-day click or 1-day view",,,5.9,,2026-01-23,Ongoing,,,44.36090226,0,,,,,,,2023-07-20,2026-08-19
"ad set 1",6872930110397,45-54,female,inactive,ad,124,225,1.81451613,"7-day click or 1-day view",,,5.82,,2026-01-31,Ongoing,,,25.86666667,0,,,,,,,2023-07-20,2026-08-19
"Ad Online",6915643995197,35-44,female,not_delivering,ad,124,180,1.4516129,"7-day click or 1-day view",,,5.74,,2026-05-01,Ongoing,1,5.74,31.88888889,1.11111111,,,,,,,2023-07-20,2026-08-19
SET1,6699087848997,25-34,female,not_delivering,ad,152,170,1.11842105,"7-day click or 1-day view",,,5.68,,2025-05-01,Ongoing,,,33.41176471,0,,,,,,,2023-07-20,2026-08-19
SET1,6699099098397,25-34,male,not_delivering,ad,82,93,1.13414634,"7-day click or 1-day view",,,5.65,,2025-05-01,Ongoing,1,5.65,60.75268817,1.07526882,,,,,,,2023-07-20,2026-08-19
"Ads - Punjab",6941440448597,35-44,female,not_delivering,ad,191,201,1.05235602,"7-day click or 1-day view",,,5.64,,2026-05-30,Ongoing,,,28.05970149,0,,,,,,,2023-07-20,2026-08-19
SET1,6732747696197,65+,female,not_delivering,ad,187,187,1,"7-day click or 1-day view",,,5.64,,2025-05-13,Ongoing,,,30.16042781,0,,,,,,,2023-07-20,2026-08-19
SET1,6668286970397,18-24,unknown,not_delivering,ad,192,197,1.02604167,"7-day click or 1-day view",,,5.62,,2025-04-09,Ongoing,2,2.81,28.52791878,1.01522843,,,,,,,2023-07-20,2026-08-19
"Ads - Punjab",6915640775197,25-34,unknown,not_delivering,ad,64,148,2.3125,"7-day click or 1-day view",,,5.62,,2026-04-27,Ongoing,2,2.81,37.97297297,1.35135135,,,,,,,2023-07-20,2026-08-19
"Tailored messages campaign 06/05/2025 Ad set",6710313106197,35-44,female,not_delivering,ad,44,63,1.43181818,"7-day click or 1-day view",,,5.6,,2025-05-06,Ongoing,,,88.88888889,3.17460317,,,,,,,2023-07-20,2026-08-19
"Ad set 1",6976611089197,35-44,female,inactive,ad,123,129,1.04878049,"7-day click or 1-day view",,,5.57,,2026-07-01,Ongoing,,,43.17829457,1.5503876,,,,,,,2023-07-20,2026-08-19
"ad set 1",6988772271397,18-24,male,not_delivering,ad,35,38,1.08571429,"7-day click or 1-day view",,,5.54,,2026-08-05,Ongoing,,,145.78947368,0,,,,,,,2023-07-20,2026-08-19
"Ad Online",6915913514997,35-44,male,not_delivering,ad,125,147,1.176,"7-day click or 1-day view",,,5.52,,2026-05-01,Ongoing,1,5.52,37.55102041,1.36054422,,,,,,,2023-07-20,2026-08-19
"New Engagement ad set",6789161764997,18-24,female,not_delivering,ad,96,117,1.21875,"7-day click or 1-day view",,,5.48,,2025-07-15,Ongoing,1,5.48,46.83760684,0.85470085,,,,,,,2023-07-20,2026-08-19
"New Engagement ad set - 1",6832547839397,35-44,female,not_delivering,ad,25,47,1.88,"7-day click or 1-day view",,,5.48,,2025-11-21,Ongoing,,,116.59574468,0,,,,,,,2023-07-20,2026-08-19
"New Engagement ad set",6612225065997,35-44,unknown,not_delivering,ad,2,2,1,"7-day click or 1-day view",,,5.46,,2025-02-16,Ongoing,,,2730,0,,,,,,,2023-07-20,2026-08-19
"New Engagement ad set",6685444541597,18-24,male,not_delivering,ad,108,112,1.03703704,"7-day click or 1-day view",,,5.46,,2025-04-26,Ongoing,,,48.75,0,,,,,,,2023-07-20,2026-08-19
SET1,6675264991797,25-34,female,not_delivering,ad,54,57,1.05555556,"7-day click or 1-day view",,,5.44,,2025-04-17,Ongoing,,,95.43859649,0,,,,,,,2023-07-20,2026-08-19
"New Engagement ad set",6834727881197,18-24,unknown,not_delivering,ad,4,4,1,"7-day click or 1-day view",,,5.43,,2025-09-07,Ongoing,,,1357.5,0,,,,,,,2023-07-20,2026-08-19
"SET2 - MBA",6729393132597,18-24,unknown,not_delivering,ad,144,188,1.30555556,"7-day click or 1-day view",,,5.42,,2025-05-25,Ongoing,,,28.82978723,0.53191489,,,,,,,2023-07-20,2026-08-19
"New Engagement ad set",6612224241597,35-44,female,not_delivering,ad,31,36,1.16129032,"7-day click or 1-day view",,,5.41,,2025-02-16,Ongoing,,,150.27777778,0,,,,,,,2023-07-20,2026-08-19
SET1,6668282296197,35-44,female,not_delivering,ad,42,64,1.52380952,"7-day click or 1-day view",,,5.34,,2025-04-09,Ongoing,,,83.4375,0,,,,,,,2023-07-20,2026-08-19
"Ads - Punjab",6915640775197,18-24,unknown,not_delivering,ad,0,149,0,"7-day click or 1-day view",,,5.33,,2026-04-27,Ongoing,1,5.33,35.77181208,0.67114094,,,,,,,2023-07-20,2026-08-19
SET1,6723191768797,18-24,male,not_delivering,ad,142,150,1.05633803,"7-day click or 1-day view",,,5.29,,2025-05-19,Ongoing,,,35.26666667,0.66666667,,,,,,,2023-07-20,2026-08-19
"New Engagement ad set - 1",6833678886597,35-44,male,not_delivering,ad,12,14,1.16666667,"7-day click or 1-day view",,,5.29,,2025-11-21,Ongoing,,,377.85714286,0,,,,,,,2023-07-20,2026-08-19
"ad set 1",6861112894797,65+,male,not_delivering,ad,135,135,1,"7-day click or 1-day view",,,5.26,,2026-01-31,Ongoing,1,5.26,38.96296296,0.74074074,,,,,,,2023-07-20,2026-08-19
"Ad set",6887030217397,25-34,male,not_delivering,ad,98,123,1.25510204,"7-day click or 1-day view",,,5.25,,2026-03-22,Ongoing,1,5.25,42.68292683,0.81300813,,,,,,,2023-07-20,2026-08-19
"Ads - Punjab – Online",6917755072997,35-44,female,not_delivering,ad,50,56,1.12,"7-day click or 1-day view",,,5.18,,2026-05-06,Ongoing,,,92.5,0,,,,,,,2023-07-20,2026-08-19
SET1,6700709797997,35-44,male,inactive,ad,42,65,1.54761905,"7-day click or 1-day view",,,5.15,,2025-05-01,Ongoing,,,79.23076923,0,,,,,,,2023-07-20,2026-08-19
SET1,6715760430597,65+,female,not_delivering,ad,320,416,1.3,"7-day click or 1-day view",,,5.12,,2025-05-13,Ongoing,2,2.56,12.30769231,0.48076923,,,,,,,2023-07-20,2026-08-19
"Ad set 1",6959678385597,35-44,unknown,not_delivering,ad,64,105,1.640625,"7-day click or 1-day view",,,5.08,,2026-06-14,Ongoing,1,5.08,48.38095238,0.95238095,,,,,,,2023-07-20,2026-08-19
"Ads - Punjab – Online",6920851258197,18-24,unknown,not_delivering,ad,16,38,2.375,"7-day click or 1-day view","Messaging conversations started",1,5,5,2026-05-06,Ongoing,2,2.5,131.57894737,2.63157895,,1,,,,,2023-07-20,2026-08-19
"ad set 1",6858002122997,65+,female,not_delivering,ad,112,130,1.16071429,"7-day click or 1-day view",,,4.98,,2026-01-23,Ongoing,,,38.30769231,0,,,,,,,2023-07-20,2026-08-19
"ad set 1",6861114057597,45-54,unknown,not_delivering,ad,64,105,1.640625,"7-day click or 1-day view",,,4.96,,2026-01-31,Ongoing,,,47.23809524,0,,,,,,,2023-07-20,2026-08-19
SET1,6712664669597,35-44,male,not_delivering,ad,88,89,1.01136364,"7-day click or 1-day view",,,4.96,,2025-05-01,Ongoing,,,55.73033708,0,,,,,,,2023-07-20,2026-08-19
"New Engagement ad set",6612225768597,35-44,male,not_delivering,ad,41,46,1.12195122,"7-day click or 1-day view",,,4.96,,2025-02-16,Ongoing,1,4.96,107.82608696,4.34782609,,,,,,,2023-07-20,2026-08-19
"New Engagement ad set - 1",6832539425597,45-54,female,not_delivering,ad,21,25,1.19047619,"7-day click or 1-day view",,,4.95,,2025-11-21,Ongoing,1,4.95,198,4,,,,,,,2023-07-20,2026-08-19
"Ad Online",6915920572797,35-44,female,not_delivering,ad,39,50,1.28205128,"7-day click or 1-day view",,,4.88,,2026-05-01,Ongoing,,,97.6,0,,,,,,,2023-07-20,2026-08-19
"ad set 1",6857822967997,25-34,female,not_delivering,ad,60,70,1.16666667,"7-day click or 1-day view",,,4.83,,2026-01-23,Ongoing,,,69,0,,,,,,,2023-07-20,2026-08-19
"New Engagement ad set",6834713224997,35-44,female,not_delivering,ad,46,60,1.30434783,"7-day click or 1-day view",,,4.81,,2025-09-07,Ongoing,,,80.16666667,1.66666667,,,,,,,2023-07-20,2026-08-19
"Ad set 1",6882906767797,25-34,female,not_delivering,ad,52,58,1.11538462,"7-day click or 1-day view",,,4.75,,2026-03-15,Ongoing,,,81.89655172,0,,,,,,,2023-07-20,2026-08-19
"Ads - City",6941572270197,18-24,male,inactive,ad,172,183,1.06395349,"7-day click or 1-day view",,,4.73,,2026-05-30,Ongoing,,,25.84699454,0,,,,,,,2023-07-20,2026-08-19
"New Set",6703410326397,35-44,female,not_delivering,ad,23,24,1.04347826,"7-day click or 1-day view",,,4.71,,2025-05-03,Ongoing,,,196.25,0,,,,,,,2023-07-20,2026-08-19
"New Engagement ad set",6675810692397,35-44,female,not_delivering,ad,76,78,1.02631579,"7-day click or 1-day view",,,4.7,,2025-04-18,Ongoing,,,60.25641026,1.28205128,,,,,,,2023-07-20,2026-08-19
"Ad set 1",6882908247597,25-34,female,not_delivering,ad,92,100,1.08695652,"7-day click or 1-day view",,,4.63,,2026-03-15,Ongoing,,,46.3,0,,,,,,,2023-07-20,2026-08-19
"ad set 1",6872930110397,65+,male,inactive,ad,68,112,1.64705882,"7-day click or 1-day view",,,4.62,,2026-01-31,Ongoing,,,41.25,0,,,,,,,2023-07-20,2026-08-19
SET1,6723531169197,35-44,male,inactive,ad,33,40,1.21212121,"7-day click or 1-day view",,,4.59,,2025-05-19,Ongoing,,,114.75,0,,,,,,,2023-07-20,2026-08-19
"ad set 1",6988772271397,18-24,female,not_delivering,ad,41,44,1.07317073,"7-day click or 1-day view",,,4.5,,2026-08-05,Ongoing,1,4.5,102.27272727,2.27272727,,,,,,,2023-07-20,2026-08-19
"Ad set 1",6979195968397,35-44,female,not_delivering,ad,99,100,1.01010101,"7-day click or 1-day view",,,4.48,,2026-07-08,Ongoing,,,44.8,0,,,,,,,2023-07-20,2026-08-19
"Post: ""Want to Study Overseas?""",6881723905597,65+,female,not_delivering,ad,56,62,1.10714286,"7-day click or 1-day view",,,4.47,,2026-03-13,Ongoing,,,72.09677419,0,,,,,,,2023-07-20,2026-08-19
"Ad set",6887946017597,18-24,unknown,not_delivering,ad,3,4,1.33333333,"7-day click or 1-day view",,,4.45,,2026-03-22,Ongoing,,,1112.5,0,,,,,,,2023-07-20,2026-08-19
"Post: ""Want to Study Overseas?""",6881723905597,35-44,female,not_delivering,ad,112,129,1.15178571,"7-day click or 1-day view","Link clicks",1,4.41,4.41,2026-03-13,Ongoing,1,4.41,34.18604651,0.7751938,,,,,,,2023-07-20,2026-08-19
"ad set 1",6872929385597,35-44,male,inactive,ad,44,49,1.11363636,"7-day click or 1-day view",,,4.41,,2026-01-31,Ongoing,,,90,0,,,,,,,2023-07-20,2026-08-19
"Ad set 1",6990852904797,35-44,unknown,active,ad,128,161,1.2578125,"7-day click or 1-day view",,,4.37,,2026-07-01,Ongoing,,,27.14285714,0,,,,,,,2023-07-20,2026-08-19
"SET2 - MBA",6729393132997,35-44,unknown,not_delivering,ad,32,59,1.84375,"7-day click or 1-day view",,,4.35,,2025-05-25,Ongoing,1,4.35,73.72881356,1.69491525,,,,,,,2023-07-20,2026-08-19
SET1,6699345237797,35-44,male,not_delivering,ad,36,71,1.97222222,"7-day click or 1-day view",,,4.34,,2025-05-01,Ongoing,,,61.12676056,0,,,,,,,2023-07-20,2026-08-19
"ad set 1",6857978483197,65+,female,not_delivering,ad,15,15,1,"7-day click or 1-day view",,,4.33,,2026-01-23,Ongoing,,,288.66666667,0,,,,,,,2023-07-20,2026-08-19
"Post: ""Want to Study Overseas?""",6881723905597,45-54,female,not_delivering,ad,67,72,1.07462687,"7-day click or 1-day view",,,4.32,,2026-03-13,Ongoing,,,60,1.38888889,,,,,,,2023-07-20,2026-08-19
"Ad set 1",6959678385597,18-24,unknown,not_delivering,ad,0,256,0,"7-day click or 1-day view",,,4.26,,2026-06-14,Ongoing,3,1.42,16.640625,1.171875,,,,,,,2023-07-20,2026-08-19
LPU,6989431969397,35-44,female,not_delivering,ad,59,62,1.05084746,"7-day click or 1-day view",,,4.21,,2026-08-07,Ongoing,,,67.90322581,0,,,,,,,2023-07-20,2026-08-19
"New Engagement ad set",6805961224197,65+,female,not_delivering,ad,128,149,1.1640625,"7-day click or 1-day view",,,4.2,,2025-09-07,Ongoing,,,28.18791946,0,,,,,,,2023-07-20,2026-08-19
"Ad set 1",6979195968797,25-34,male,not_delivering,ad,166,166,1,"7-day click or 1-day view",,,4.18,,2026-07-08,Ongoing,1,4.18,25.18072289,0.60240964,,,,,,,2023-07-20,2026-08-19
"New Engagement ad set",6769019900397,35-44,female,inactive,ad,18,22,1.22222222,"7-day click or 1-day view",,,4.13,,2025-07-15,Ongoing,,,187.72727273,0,,,,,,,2023-07-20,2026-08-19
SET1,6715760430597,65+,male,not_delivering,ad,288,337,1.17013889,"7-day click or 1-day view",,,4.12,,2025-05-13,Ongoing,2,2.06,12.22551929,0.89020772,,,,,,,2023-07-20,2026-08-19
"Ad set 1",6989198212397,18-24,unknown,active,ad,64,104,1.625,"7-day click or 1-day view",,,4.12,,2026-07-01,Ongoing,,,39.61538462,0,,,,,,,2023-07-20,2026-08-19
SET1,6699099098397,18-24,female,not_delivering,ad,125,134,1.072,"7-day click or 1-day view",,,4.03,,2025-05-01,Ongoing,,,30.07462687,0.74626866,,,,,,,2023-07-20,2026-08-19
"New Engagement ad set",6805961224197,25-34,unknown,not_delivering,ad,64,86,1.34375,"7-day click or 1-day view",,,4.02,,2025-09-07,Ongoing,,,46.74418605,0,,,,,,,2023-07-20,2026-08-19
SET1,6675271324797,18-24,female,not_delivering,ad,135,146,1.08148148,"7-day click or 1-day view",,,3.98,,2025-04-17,Ongoing,,,27.26027397,0,,,,,,,2023-07-20,2026-08-19
SET1,6805961615397,35-44,male,not_delivering,ad,100,106,1.06,"7-day click or 1-day view",,,3.94,,2025-05-13,Ongoing,1,3.94,37.16981132,0.94339623,,,,,,,2023-07-20,2026-08-19
"Messages Ad: 🎓Admission Open for - Distance & Online Learning...",6703091319197,35-44,male,not_delivering,ad,66,74,1.12121212,"7-day click or 1-day view",,,3.94,,2025-05-03,2025-05-07,,,53.24324324,0,,,,,,,2023-07-20,2026-08-19
"ad set 1",6861112894797,55-64,female,not_delivering,ad,95,95,1,"7-day click or 1-day view",,,3.92,,2026-01-31,Ongoing,,,41.26315789,0,,,,,,,2023-07-20,2026-08-19
"New Engagement ad set",6675811563797,25-34,male,inactive,ad,46,51,1.10869565,"7-day click or 1-day view",,,3.9,,2025-04-18,Ongoing,1,3.9,76.47058824,3.92156863,,,,,,,2023-07-20,2026-08-19
"Ad set 1",6882908247597,35-44,female,not_delivering,ad,9,11,1.22222222,"7-day click or 1-day view",,,3.9,,2026-03-15,Ongoing,,,354.54545455,0,,,,,,,2023-07-20,2026-08-19
"Ad Set 1",6915936952997,18-24,female,not_delivering,ad,43,49,1.13953488,"7-day click or 1-day view",,,3.9,,2026-05-03,Ongoing,3,1.3,79.59183673,6.12244898,,,,,,,2023-07-20,2026-08-19
SET1,6699121269397,18-24,unknown,not_delivering,ad,64,148,2.3125,"7-day click or 1-day view",,,3.9,,2025-05-01,Ongoing,,,26.35135135,0,,,,,,,2023-07-20,2026-08-19
"New Engagement ad set",6685447117797,25-34,female,not_delivering,ad,36,39,1.08333333,"7-day click or 1-day view",,,3.86,,2025-04-26,Ongoing,,,98.97435897,0,,,,,,,2023-07-20,2026-08-19
"New Engagement ad set",6685444541597,18-24,female,not_delivering,ad,80,85,1.0625,"7-day click or 1-day view",,,3.84,,2025-04-26,Ongoing,1,3.84,45.17647059,1.17647059,,,,,,,2023-07-20,2026-08-19
"Ads - City",6941572270197,35-44,female,inactive,ad,14,14,1,"7-day click or 1-day view",,,3.84,,2026-05-30,Ongoing,,,274.28571429,0,,,,,,,2023-07-20,2026-08-19
"Ad set 1",6990852904797,18-24,unknown,active,ad,239,239,1,"7-day click or 1-day view",,,3.79,,2026-07-01,Ongoing,2,1.895,15.85774059,0.83682008,,,,,,,2023-07-20,2026-08-19
"New Engagement ad set",6685447117797,25-34,male,not_delivering,ad,42,45,1.07142857,"7-day click or 1-day view",,,3.73,,2025-04-26,Ongoing,,,82.88888889,0,,,,,,,2023-07-20,2026-08-19
SET1,6723191768797,25-34,male,not_delivering,ad,58,64,1.10344828,"7-day click or 1-day view",,,3.72,,2025-05-19,Ongoing,,,58.125,0,,,,,,,2023-07-20,2026-08-19
"New Engagement ad set",6789161764997,35-44,male,not_delivering,ad,23,29,1.26086957,"7-day click or 1-day view",,,3.7,,2025-07-15,Ongoing,,,127.5862069,3.44827586,,,,,,,2023-07-20,2026-08-19
SET1,6668286970397,25-34,unknown,not_delivering,ad,96,114,1.1875,"7-day click or 1-day view",,,3.69,,2025-04-09,Ongoing,,,32.36842105,0.87719298,,,,,,,2023-07-20,2026-08-19
"Ad set 1",6979195968797,18-24,male,not_delivering,ad,203,205,1.00985222,"7-day click or 1-day view",,,3.68,,2026-07-08,Ongoing,,,17.95121951,0,,,,,,,2023-07-20,2026-08-19
"ad set 1",6872929829797,55-64,male,inactive,ad,80,92,1.15,"7-day click or 1-day view",,,3.59,,2026-01-31,Ongoing,1,3.59,39.02173913,2.17391304,,,,,,,2023-07-20,2026-08-19
"Ad set 1",6989198212397,25-34,unknown,active,ad,96,107,1.11458333,"7-day click or 1-day view",,,3.55,,2026-07-01,Ongoing,,,33.17757009,0.93457944,,,,,,,2023-07-20,2026-08-19
"Tailored messages campaign 06/05/2025 Ad set",6710313106197,35-44,male,not_delivering,ad,86,125,1.45348837,"7-day click or 1-day view",,,3.55,,2025-05-06,Ongoing,1,3.55,28.4,0.8,,,,,,,2023-07-20,2026-08-19
"New Engagement ad set - 1",6832548474197,35-44,female,not_delivering,ad,30,36,1.2,"7-day click or 1-day view",,,3.5,,2025-11-21,Ongoing,,,97.22222222,0,,,,,,,2023-07-20,2026-08-19
SET1,6732747399197,25-34,male,archived,ad,57,60,1.05263158,"7-day click or 1-day view",,,3.48,,2025-05-13,Ongoing,,,58,0,,,,,,,2023-07-20,2026-08-19
"Ad Online",6915913764397,25-34,unknown,not_delivering,ad,8,13,1.625,"7-day click or 1-day view",,,3.48,,2026-05-01,Ongoing,,,267.69230769,0,,,,,,,2023-07-20,2026-08-19
"New Engagement ad set",6642089283997,25-34,unknown,not_delivering,ad,48,115,2.39583333,"7-day click or 1-day view",,,3.43,,2025-03-29,Ongoing,1,3.43,29.82608696,2.60869565,,,,,,,2023-07-20,2026-08-19
SET1,6699075335397,35-44,female,not_delivering,ad,52,97,1.86538462,"7-day click or 1-day view",,,3.42,,2025-05-01,Ongoing,,,35.25773196,0,,,,,,,2023-07-20,2026-08-19
"New Engagement ad set",6715699674797,65+,male,not_delivering,ad,50,76,1.52,"7-day click or 1-day view",,,3.4,,2025-05-01,Ongoing,,,44.73684211,0,,,,,,,2023-07-20,2026-08-19
"Ad set 1",6987226896397,25-34,male,not_delivering,ad,92,95,1.0326087,"7-day click or 1-day view",,,3.36,,2026-08-03,Ongoing,,,35.36842105,0,,,,,,,2023-07-20,2026-08-19
SET1,6723191440197,35-44,male,not_delivering,ad,7,8,1.14285714,"7-day click or 1-day view",,,3.34,,2025-05-19,Ongoing,,,417.5,0,,,,,,,2023-07-20,2026-08-19
"Ad set 1",6953152264197,25-34,unknown,not_delivering,ad,64,72,1.125,"7-day click or 1-day view",,,3.32,,2026-06-09,Ongoing,1,3.32,46.11111111,1.38888889,,,,,,,2023-07-20,2026-08-19
"New Engagement ad set - 1",6832548169597,65+,male,not_delivering,ad,18,25,1.38888889,"7-day click or 1-day view",,,3.31,,2025-11-21,Ongoing,,,132.4,0,,,,,,,2023-07-20,2026-08-19
"Ad Online",6915913514997,35-44,female,not_delivering,ad,49,53,1.08163265,"7-day click or 1-day view",,,3.3,,2026-05-01,Ongoing,,,62.26415094,1.88679245,,,,,,,2023-07-20,2026-08-19
SET1,6715753772797,18-24,male,archived,ad,31,34,1.09677419,"7-day click or 1-day view",,,3.29,,2025-05-13,Ongoing,,,96.76470588,0,,,,,,,2023-07-20,2026-08-19
"ad set 1",6857977080197,45-54,female,not_delivering,ad,32,51,1.59375,"7-day click or 1-day view",,,3.26,,2026-01-23,Ongoing,,,63.92156863,0,,,,,,,2023-07-20,2026-08-19
"New Engagement ad set - 1",6832548474197,65+,male,not_delivering,ad,9,14,1.55555556,"7-day click or 1-day view",,,3.26,,2025-11-21,Ongoing,,,232.85714286,0,,,,,,,2023-07-20,2026-08-19
"MMU MBA",6673302606997,35-44,unknown,not_delivering,ad,4,4,1,"7-day click or 1-day view",,,3.25,,2025-04-14,Ongoing,,,812.5,0,,,,,,,2023-07-20,2026-08-19
SET1,6729387108797,18-24,unknown,not_delivering,ad,64,101,1.578125,"7-day click or 1-day view",,,3.24,,2025-05-19,Ongoing,,,32.07920792,0,,,,,,,2023-07-20,2026-08-19
"ad set 1",6872929385597,18-24,female,inactive,ad,77,85,1.1038961,"7-day click or 1-day view",,,3.24,,2026-01-31,Ongoing,,,38.11764706,0,,,,,,,2023-07-20,2026-08-19
SET1,6790771111597,18-24,unknown,not_delivering,ad,81,81,1,"7-day click or 1-day view",,,3.23,,2025-05-13,Ongoing,,,39.87654321,0,,,,,,,2023-07-20,2026-08-19
"Messages Ad: 🎓Admission Open for - Distance & Online Learning...",6703091319197,35-44,female,not_delivering,ad,58,68,1.17241379,"7-day click or 1-day view",,,3.18,,2025-05-03,2025-05-07,,,46.76470588,0,,,,,,,2023-07-20,2026-08-19
"Ads - City",6941573216797,35-44,female,inactive,ad,64,71,1.109375,"7-day click or 1-day view",,,3.17,,2026-05-30,Ongoing,1,3.17,44.64788732,1.4084507,,,,,,,2023-07-20,2026-08-19
"New Engagement ad set",6685447117797,18-24,female,not_delivering,ad,178,185,1.03932584,"7-day click or 1-day view",,,3.15,,2025-04-26,Ongoing,,,17.02702703,1.08108108,,,,,,,2023-07-20,2026-08-19
"ad set 1",6861113921397,55-64,female,inactive,ad,56,78,1.39285714,"7-day click or 1-day view","Messaging conversations started",1,3.15,3.15,2026-01-31,Ongoing,1,3.15,40.38461538,1.28205128,,1,,,,,2023-07-20,2026-08-19
"New Engagement ad set",6834727221197,35-44,female,not_delivering,ad,32,44,1.375,"7-day click or 1-day view",,,3.13,,2025-09-07,Ongoing,,,71.13636364,0,,,,,,,2023-07-20,2026-08-19
"New Engagement ad set - City",6830723550797,18-24,unknown,not_delivering,ad,48,67,1.39583333,"7-day click or 1-day view",,,3.12,,2025-11-18,Ongoing,,,46.56716418,0,,,,,,,2023-07-20,2026-08-19
"Post: ""Want to Study Overseas?""",6881723905597,55-64,female,not_delivering,ad,66,71,1.07575758,"7-day click or 1-day view","Link clicks",1,3.11,3.11,2026-03-13,Ongoing,1,3.11,43.8028169,1.4084507,,,,,,,2023-07-20,2026-08-19
SET1,6699359479597,18-24,unknown,not_delivering,ad,8,10,1.25,"7-day click or 1-day view",,,3.11,,2025-05-01,Ongoing,,,311,0,,,,,,,2023-07-20,2026-08-19
"New Engagement ad set",6790435815797,35-44,female,not_delivering,ad,48,56,1.16666667,"7-day click or 1-day view",,,3.1,,2025-07-15,Ongoing,,,55.35714286,0,,,,,,,2023-07-20,2026-08-19
"New Engagement ad set",6805961224197,35-44,unknown,not_delivering,ad,32,33,1.03125,"7-day click or 1-day view",,,3.09,,2025-09-07,Ongoing,,,93.63636364,0,,,,,,,2023-07-20,2026-08-19
"New Engagement ad set",6790435815797,35-44,unknown,not_delivering,ad,2,2,1,"7-day click or 1-day view",,,3.09,,2025-07-15,Ongoing,,,1545,0,,,,,,,2023-07-20,2026-08-19
SET1,6715753772797,18-24,female,archived,ad,23,23,1,"7-day click or 1-day view",,,3.08,,2025-05-13,Ongoing,,,133.91304348,0,,,,,,,2023-07-20,2026-08-19
"Ad set 1",6977308709597,35-44,unknown,inactive,ad,8,8,1,"7-day click or 1-day view",,,3.07,,2026-07-01,Ongoing,,,383.75,0,,,,,,,2023-07-20,2026-08-19
SET1,6732747035197,18-24,female,archived,ad,77,82,1.06493506,"7-day click or 1-day view",,,3.07,,2025-05-13,Ongoing,,,37.43902439,0,,,,,,,2023-07-20,2026-08-19
SET1,6732744864597,25-34,unknown,not_delivering,ad,32,56,1.75,"7-day click or 1-day view",,,3.06,,2025-05-20,Ongoing,,,54.64285714,0,,,,,,,2023-07-20,2026-08-19
"Ads - City",6941572270197,18-24,female,inactive,ad,100,108,1.08,"7-day click or 1-day view",,,3.03,,2026-05-30,Ongoing,,,28.05555556,0,,,,,,,2023-07-20,2026-08-19
"Ads - Punjab",6911093708597,35-44,unknown,not_delivering,ad,78,78,1,"7-day click or 1-day view","Messaging conversations started",1,2.95,2.95,2026-04-27,Ongoing,1,2.95,37.82051282,1.28205128,,1,,,,,2023-07-20,2026-08-19
"Ad set 1",6987226896397,18-24,male,not_delivering,ad,102,106,1.03921569,"7-day click or 1-day view",,,2.93,,2026-08-03,Ongoing,,,27.64150943,0,,,,,,,2023-07-20,2026-08-19
"Ad set 1",6987226896397,25-34,female,not_delivering,ad,68,69,1.01470588,"7-day click or 1-day view",,,2.92,,2026-08-03,Ongoing,,,42.31884058,0,,,,,,,2023-07-20,2026-08-19
"Ad Online",6914896859797,35-44,female,inactive,ad,80,91,1.1375,"7-day click or 1-day view",,,2.91,,2026-05-01,Ongoing,,,31.97802198,0,,,,,,,2023-07-20,2026-08-19
"ad set 1",6861084796397,55-64,male,inactive,ad,30,37,1.23333333,"7-day click or 1-day view",,,2.91,,2026-01-31,Ongoing,,,78.64864865,0,,,,,,,2023-07-20,2026-08-19
SET1,6723531168397,18-24,unknown,not_delivering,ad,72,87,1.20833333,"7-day click or 1-day view",,,2.9,,2025-05-19,Ongoing,,,33.33333333,0,,,,,,,2023-07-20,2026-08-19
SET1,6699073695797,18-24,male,not_delivering,ad,71,83,1.16901408,"7-day click or 1-day view",,,2.9,,2025-05-01,Ongoing,,,34.93975904,0,,,,,,,2023-07-20,2026-08-19
SET1,6732747035197,18-24,male,archived,ad,96,101,1.05208333,"7-day click or 1-day view",,,2.85,,2025-05-13,Ongoing,,,28.21782178,0,,,,,,,2023-07-20,2026-08-19
"New Set",6703425364397,25-34,female,not_delivering,ad,9,11,1.22222222,"7-day click or 1-day view",,,2.84,,2025-05-03,Ongoing,,,258.18181818,0,,,,,,,2023-07-20,2026-08-19
"Ad set",6887946017597,35-44,male,not_delivering,ad,34,51,1.5,"7-day click or 1-day view",,,2.79,,2026-03-22,Ongoing,,,54.70588235,0,,,,,,,2023-07-20,2026-08-19
"ad set 1",6858002122997,18-24,unknown,not_delivering,ad,48,60,1.25,"7-day click or 1-day view",,,2.78,,2026-01-23,Ongoing,,,46.33333333,0,,,,,,,2023-07-20,2026-08-19
"ad set 1",6988775707397,25-34,unknown,not_delivering,ad,32,61,1.90625,"7-day click or 1-day view",,,2.77,,2026-08-05,Ongoing,,,45.40983607,0,,,,,,,2023-07-20,2026-08-19
"ad set 1",6857977080197,65+,male,not_delivering,ad,16,17,1.0625,"7-day click or 1-day view",,,2.76,,2026-01-23,Ongoing,,,162.35294118,11.76470588,,,,,,,2023-07-20,2026-08-19
SET1,6699345237797,35-44,female,not_delivering,ad,12,21,1.75,"7-day click or 1-day view",,,2.75,,2025-05-01,Ongoing,,,130.95238095,0,,,,,,,2023-07-20,2026-08-19
"ad set 1",6857822967997,45-54,male,not_delivering,ad,14,18,1.28571429,"7-day click or 1-day view",,,2.75,,2026-01-23,Ongoing,1,2.75,152.77777778,11.11111111,,,,,,,2023-07-20,2026-08-19
"New Engagement ad set",6715699674797,55-64,female,not_delivering,ad,25,25,1,"7-day click or 1-day view",,,2.7,,2025-05-01,Ongoing,,,108,0,,,,,,,2023-07-20,2026-08-19
"Ad set 1",6882908247597,35-44,male,not_delivering,ad,26,29,1.11538462,"7-day click or 1-day view",,,2.69,,2026-03-15,Ongoing,,,92.75862069,0,,,,,,,2023-07-20,2026-08-19
"Ads - HP+Jammu",6910460698197,35-44,female,not_delivering,ad,92,105,1.14130435,"7-day click or 1-day view",,,2.66,,2026-04-26,Ongoing,,,25.33333333,0,,,,,,,2023-07-20,2026-08-19
SET1,6805961553997,65+,female,not_delivering,ad,136,158,1.16176471,"7-day click or 1-day view",,,2.65,,2025-05-13,Ongoing,,,16.7721519,0,,,,,,,2023-07-20,2026-08-19
"Ad set 1",6987226896397,18-24,female,not_delivering,ad,115,120,1.04347826,"7-day click or 1-day view",,,2.61,,2026-08-03,Ongoing,1,2.61,21.75,1.66666667,,,,,,,2023-07-20,2026-08-19
SET1,6712664669597,35-44,female,not_delivering,ad,24,55,2.29166667,"7-day click or 1-day view",,,2.58,,2025-05-01,Ongoing,,,46.90909091,0,,,,,,,2023-07-20,2026-08-19
LPU,6986170908197,25-34,female,not_delivering,ad,66,80,1.21212121,"7-day click or 1-day view",,,2.53,,2026-07-31,Ongoing,,,31.625,0,,,,,,,2023-07-20,2026-08-19
"MMU MBA",6673302606997,65+,female,not_delivering,ad,32,41,1.28125,"7-day click or 1-day view",,,2.51,,2025-04-14,Ongoing,,,61.2195122,0,,,,,,,2023-07-20,2026-08-19
SET1,6723531168397,25-34,unknown,not_delivering,ad,40,40,1,"7-day click or 1-day view",,,2.5,,2025-05-19,Ongoing,,,62.5,0,,,,,,,2023-07-20,2026-08-19
SET1,6734947246397,35-44,female,not_delivering,ad,32,49,1.53125,"7-day click or 1-day view",,,2.48,,2025-05-19,Ongoing,1,2.48,50.6122449,2.04081633,,,,,,,2023-07-20,2026-08-19
SET1,6699073695797,18-24,female,not_delivering,ad,66,76,1.15151515,"7-day click or 1-day view",,,2.48,,2025-05-01,Ongoing,,,32.63157895,1.31578947,,,,,,,2023-07-20,2026-08-19
"New Engagement ad set - 1",6833678886597,35-44,female,not_delivering,ad,5,5,1,"7-day click or 1-day view",,,2.47,,2025-11-21,Ongoing,,,494,0,,,,,,,2023-07-20,2026-08-19
"MMU MBA",6671478791597,35-44,unknown,not_delivering,ad,2,2,1,"7-day click or 1-day view",,,2.45,,2025-04-12,Ongoing,,,1225,0,,,,,,,2023-07-20,2026-08-19
SET1,6724323110397,25-34,unknown,not_delivering,ad,94,94,1,"7-day click or 1-day view",,,2.44,,2025-05-20,Ongoing,,,25.95744681,1.06382979,,,,,,,2023-07-20,2026-08-19
"Ads - City",6941572270197,25-34,female,inactive,ad,42,42,1,"7-day click or 1-day view",,,2.41,,2026-05-30,Ongoing,,,57.38095238,0,,,,,,,2023-07-20,2026-08-19
SET1,6805961553997,65+,male,not_delivering,ad,174,174,1,"7-day click or 1-day view",,,2.38,,2025-05-13,Ongoing,,,13.67816092,0,,,,,,,2023-07-20,2026-08-19
SET1,6699099098397,25-34,female,not_delivering,ad,32,36,1.125,"7-day click or 1-day view",,,2.37,,2025-05-01,Ongoing,,,65.83333333,0,,,,,,,2023-07-20,2026-08-19
"Ad set 1",6979195968797,18-24,female,not_delivering,ad,139,141,1.01438849,"7-day click or 1-day view",,,2.36,,2026-07-08,Ongoing,1,2.36,16.73758865,0.70921986,,,,,,,2023-07-20,2026-08-19
"New Engagement ad set",6768974549597,18-24,unknown,not_delivering,ad,52,52,1,"7-day click or 1-day view",,,2.35,,2025-07-15,Ongoing,,,45.19230769,0,,,,,,,2023-07-20,2026-08-19
"ad set 1",6858002122997,35-44,unknown,not_delivering,ad,32,56,1.75,"7-day click or 1-day view",,,2.34,,2026-01-23,Ongoing,,,41.78571429,0,,,,,,,2023-07-20,2026-08-19
"New Engagement ad set",6789161764997,25-34,female,not_delivering,ad,29,37,1.27586207,"7-day click or 1-day view",,,2.33,,2025-07-15,Ongoing,,,62.97297297,0,,,,,,,2023-07-20,2026-08-19
"ad set 1",6872929829797,65+,male,inactive,ad,58,62,1.06896552,"7-day click or 1-day view",,,2.28,,2026-01-31,Ongoing,,,36.77419355,0,,,,,,,2023-07-20,2026-08-19
"New Engagement ad set",6685444541597,25-34,female,not_delivering,ad,19,19,1,"7-day click or 1-day view",,,2.24,,2025-04-26,Ongoing,,,117.89473684,0,,,,,,,2023-07-20,2026-08-19
"New Engagement ad set - 1",6832548474197,45-54,female,not_delivering,ad,14,16,1.14285714,"7-day click or 1-day view",,,2.23,,2025-11-21,Ongoing,,,139.375,0,,,,,,,2023-07-20,2026-08-19
"New Engagement ad set",6675807606197,18-24,unknown,not_delivering,ad,64,120,1.875,"7-day click or 1-day view",,,2.22,,2025-04-18,Ongoing,,,18.5,0,,,,,,,2023-07-20,2026-08-19
SET1,6790771111597,25-34,unknown,not_delivering,ad,32,46,1.4375,"7-day click or 1-day view",,,2.19,,2025-05-13,Ongoing,,,47.60869565,0,,,,,,,2023-07-20,2026-08-19
"ad set 1",6861114057597,55-64,unknown,not_delivering,ad,0,22,0,"7-day click or 1-day view",,,2.14,,2026-01-31,Ongoing,,,97.27272727,4.54545455,,,,,,,2023-07-20,2026-08-19
"Ad set 1",6979195968797,25-34,female,not_delivering,ad,83,83,1,"7-day click or 1-day view",,,2.13,,2026-07-08,Ongoing,,,25.6626506,0,,,,,,,2023-07-20,2026-08-19
"ad set 1",6872929385597,65+,male,inactive,ad,9,12,1.33333333,"7-day click or 1-day view",,,2.12,,2026-01-31,Ongoing,,,176.66666667,0,,,,,,,2023-07-20,2026-08-19
SET1,6699121269397,25-34,unknown,not_delivering,ad,93,93,1,"7-day click or 1-day view",,,2.09,,2025-05-01,Ongoing,,,22.47311828,0,,,,,,,2023-07-20,2026-08-19
"New Engagement ad set",6612223448397,18-24,unknown,not_delivering,ad,36,36,1,"7-day click or 1-day view",,,2.08,,2025-02-16,Ongoing,,,57.77777778,0,,,,,,,2023-07-20,2026-08-19
"Ad set 1",6987226896597,35-44,female,not_delivering,ad,41,45,1.09756098,"7-day click or 1-day view",,,2.07,,2026-08-03,Ongoing,,,46,0,,,,,,,2023-07-20,2026-08-19
LPU,6986170907997,25-34,unknown,not_delivering,ad,8,30,3.75,"7-day click or 1-day view",,,2.07,,2026-07-31,Ongoing,,,69,0,,,,,,,2023-07-20,2026-08-19
"New Engagement ad set - City",6830723550797,25-34,unknown,not_delivering,ad,50,50,1,"7-day click or 1-day view",,,2,,2025-11-18,Ongoing,,,40,0,,,,,,,2023-07-20,2026-08-19
LPU,6986170907797,35-44,male,not_delivering,ad,31,34,1.09677419,"7-day click or 1-day view",,,1.99,,2026-07-31,Ongoing,,,58.52941176,0,,,,,,,2023-07-20,2026-08-19
SET1,6732747399197,25-34,female,archived,ad,41,43,1.04878049,"7-day click or 1-day view",,,1.97,,2025-05-13,Ongoing,,,45.81395349,0,,,,,,,2023-07-20,2026-08-19
"New Engagement ad set - City",6830713058797,35-44,unknown,not_delivering,ad,3,3,1,"7-day click or 1-day view",,,1.96,,2025-11-18,Ongoing,,,653.33333333,0,,,,,,,2023-07-20,2026-08-19
"ad set 1",6861112894797,65+,female,not_delivering,ad,24,24,1,"7-day click or 1-day view",,,1.93,,2026-01-31,Ongoing,1,1.93,80.41666667,4.16666667,,,,,,,2023-07-20,2026-08-19
"New Engagement ad set - 1",6833678886597,55-64,male,not_delivering,ad,3,4,1.33333333,"7-day click or 1-day view",,,1.93,,2025-11-21,Ongoing,,,482.5,0,,,,,,,2023-07-20,2026-08-19
"ad set 1",6991650447397,18-24,unknown,not_delivering,ad,61,61,1,"7-day click or 1-day view",,,1.89,,2026-08-05,Ongoing,,,30.98360656,0,,,,,,,2023-07-20,2026-08-19
SET1,6723191768797,25-34,female,not_delivering,ad,12,12,1,"7-day click or 1-day view",,,1.89,,2025-05-19,Ongoing,,,157.5,0,,,,,,,2023-07-20,2026-08-19
"New Engagement ad set",6642089283997,18-24,unknown,not_delivering,ad,48,112,2.33333333,"7-day click or 1-day view",,,1.89,,2025-03-29,Ongoing,,,16.875,0,,,,,,,2023-07-20,2026-08-19
SET1,6699073695797,25-34,female,not_delivering,ad,17,18,1.05882353,"7-day click or 1-day view",,,1.88,,2025-05-01,Ongoing,,,104.44444444,0,,,,,,,2023-07-20,2026-08-19
"ad set 1",6857822967997,35-44,female,not_delivering,ad,27,29,1.07407407,"7-day click or 1-day view",,,1.88,,2026-01-23,Ongoing,,,64.82758621,0,,,,,,,2023-07-20,2026-08-19
"New Engagement ad set",6699157892597,18-24,unknown,not_delivering,ad,32,52,1.625,"7-day click or 1-day view",,,1.87,,2025-05-01,Ongoing,,,35.96153846,0,,,,,,,2023-07-20,2026-08-19
"Ads - City",6941448198397,25-34,unknown,not_delivering,ad,48,54,1.125,"7-day click or 1-day view",,,1.87,,2026-05-30,Ongoing,,,34.62962963,0,,,,,,,2023-07-20,2026-08-19
"New Engagement ad set - City",6830723550797,35-44,unknown,not_delivering,ad,0,12,0,"7-day click or 1-day view",,,1.86,,2025-11-18,Ongoing,,,155,0,,,,,,,2023-07-20,2026-08-19
"Ad set 1",6979195968797,35-44,female,not_delivering,ad,23,23,1,"7-day click or 1-day view",,,1.84,,2026-07-08,Ongoing,,,80,0,,,,,,,2023-07-20,2026-08-19
SET1,6723191768797,18-24,female,not_delivering,ad,50,53,1.06,"7-day click or 1-day view",,,1.78,,2025-05-19,Ongoing,,,33.58490566,0,,,,,,,2023-07-20,2026-08-19
"New Engagement ad set",6699157892597,35-44,unknown,not_delivering,ad,0,18,0,"7-day click or 1-day view","Messaging conversations started",1,1.78,1.78,2025-05-01,Ongoing,1,1.78,98.88888889,5.55555556,,1,,,,,2023-07-20,2026-08-19
SET1,6668298026597,35-44,female,not_delivering,ad,3,3,1,"7-day click or 1-day view",,,1.78,,2025-04-09,Ongoing,,,593.33333333,0,,,,,,,2023-07-20,2026-08-19
"ad set 1",6988779224197,18-24,unknown,not_delivering,ad,0,9,0,"7-day click or 1-day view",,,1.78,,2026-08-05,Ongoing,,,197.77777778,0,,,,,,,2023-07-20,2026-08-19
"New Engagement ad set - 1",6833678886597,45-54,male,not_delivering,ad,9,13,1.44444444,"7-day click or 1-day view",,,1.76,,2025-11-21,Ongoing,,,135.38461538,0,,,,,,,2023-07-20,2026-08-19
SET1,6699345237797,18-24,unknown,not_delivering,ad,8,16,2,"7-day click or 1-day view",,,1.74,,2025-05-01,Ongoing,,,108.75,0,,,,,,,2023-07-20,2026-08-19
"Ads - Punjab",6941440448197,25-34,unknown,not_delivering,ad,57,57,1,"7-day click or 1-day view",,,1.73,,2026-05-30,Ongoing,,,30.35087719,0,,,,,,,2023-07-20,2026-08-19
SET1,6732744864597,18-24,unknown,not_delivering,ad,32,69,2.15625,"7-day click or 1-day view",,,1.72,,2025-05-20,Ongoing,,,24.92753623,0,,,,,,,2023-07-20,2026-08-19
"Ad set",6887030430597,35-44,unknown,not_delivering,ad,8,14,1.75,"7-day click or 1-day view",,,1.68,,2026-03-22,Ongoing,1,1.68,120,14.28571429,,,,,,,2023-07-20,2026-08-19
"ad set 1",6872930110397,55-64,female,inactive,ad,43,43,1,"7-day click or 1-day view",,,1.67,,2026-01-31,Ongoing,,,38.8372093,0,,,,,,,2023-07-20,2026-08-19
"Ads - City",6941572270197,35-44,male,inactive,ad,35,39,1.11428571,"7-day click or 1-day view",,,1.63,,2026-05-30,Ongoing,,,41.79487179,0,,,,,,,2023-07-20,2026-08-19
SET1,6675265142397,35-44,male,not_delivering,ad,30,34,1.13333333,"7-day click or 1-day view",,,1.62,,2025-04-17,Ongoing,,,47.64705882,0,,,,,,,2023-07-20,2026-08-19
"New Engagement ad set",6707055838397,25-34,unknown,not_delivering,ad,24,52,2.16666667,"7-day click or 1-day view",,,1.62,,2025-04-18,Ongoing,,,31.15384615,0,,,,,,,2023-07-20,2026-08-19
"Ad set 1",6953166520997,35-44,male,not_delivering,ad,31,32,1.03225806,"7-day click or 1-day view",,,1.62,,2026-06-09,Ongoing,1,1.62,50.625,3.125,,,,,,,2023-07-20,2026-08-19
"ad set 1",6857978483197,35-44,unknown,not_delivering,ad,3,3,1,"7-day click or 1-day view",,,1.61,,2026-01-23,Ongoing,,,536.66666667,0,,,,,,,2023-07-20,2026-08-19
"ad set 1",6881705351597,65+,female,not_delivering,ad,48,68,1.41666667,"7-day click or 1-day view",,,1.58,,2026-01-31,Ongoing,1,1.58,23.23529412,1.47058824,,,,,,,2023-07-20,2026-08-19
"New Engagement ad set",6675811563797,18-24,male,inactive,ad,31,33,1.06451613,"7-day click or 1-day view",,,1.58,,2025-04-18,Ongoing,,,47.87878788,3.03030303,,,,,,,2023-07-20,2026-08-19
"ad set 1",6872929385597,35-44,female,inactive,ad,22,22,1,"7-day click or 1-day view",,,1.57,,2026-01-31,Ongoing,,,71.36363636,0,,,,,,,2023-07-20,2026-08-19
"MMU MBA",6671478791597,18-24,unknown,not_delivering,ad,12,19,1.58333333,"7-day click or 1-day view",,,1.57,,2025-04-12,Ongoing,,,82.63157895,0,,,,,,,2023-07-20,2026-08-19
"ad set 1",6858002122997,25-34,unknown,not_delivering,ad,16,51,3.1875,"7-day click or 1-day view",,,1.56,,2026-01-23,Ongoing,,,30.58823529,0,,,,,,,2023-07-20,2026-08-19
SET1,6805961615397,35-44,female,not_delivering,ad,24,26,1.08333333,"7-day click or 1-day view",,,1.55,,2025-05-13,Ongoing,,,59.61538462,0,,,,,,,2023-07-20,2026-08-19
"New Engagement ad set",6834727221197,18-24,unknown,not_delivering,ad,2,2,1,"7-day click or 1-day view",,,1.55,,2025-09-07,Ongoing,,,775,0,,,,,,,2023-07-20,2026-08-19
"New Engagement ad set",6768974549597,25-34,unknown,not_delivering,ad,15,15,1,"7-day click or 1-day view",,,1.54,,2025-07-15,Ongoing,,,102.66666667,0,,,,,,,2023-07-20,2026-08-19
"ad set 1",6861084796397,18-24,unknown,inactive,ad,0,6,0,"7-day click or 1-day view",,,1.52,,2026-01-31,Ongoing,,,253.33333333,0,,,,,,,2023-07-20,2026-08-19
"MMU MBA",6673302606997,25-34,unknown,not_delivering,ad,16,25,1.5625,"7-day click or 1-day view",,,1.51,,2025-04-14,Ongoing,,,60.4,4,,,,,,,2023-07-20,2026-08-19
"SET2 - MBA",6729393133197,35-44,unknown,not_delivering,ad,34,34,1,"7-day click or 1-day view",,,1.5,,2025-05-25,Ongoing,,,44.11764706,0,,,,,,,2023-07-20,2026-08-19
"Ad set 1",6981899481397,25-34,unknown,active,ad,64,66,1.03125,"7-day click or 1-day view",,,1.49,,2026-07-01,Ongoing,,,22.57575758,1.51515152,,,,,,,2023-07-20,2026-08-19
"Ad set 1",6987226895797,25-34,unknown,not_delivering,ad,18,18,1,"7-day click or 1-day view",,,1.49,,2026-08-03,Ongoing,,,82.77777778,0,,,,,,,2023-07-20,2026-08-19
"ad set 1",6872929385597,45-54,male,inactive,ad,18,20,1.11111111,"7-day click or 1-day view","Messaging conversations started",1,1.48,1.48,2026-01-31,Ongoing,1,1.48,74,5,,1,,,,,2023-07-20,2026-08-19
"ad set 1",6989195918997,35-44,female,not_delivering,ad,18,19,1.05555556,"7-day click or 1-day view",,,1.48,,2026-08-05,Ongoing,,,77.89473684,0,,,,,,,2023-07-20,2026-08-19
"New Engagement ad set",6769014077397,25-34,unknown,inactive,ad,16,27,1.6875,"7-day click or 1-day view",,,1.47,,2025-07-15,Ongoing,,,54.44444444,0,,,,,,,2023-07-20,2026-08-19
"New Engagement ad set - 1",6833677863397,65+,female,not_delivering,ad,13,19,1.46153846,"7-day click or 1-day view",,,1.44,,2025-11-21,Ongoing,,,75.78947368,0,,,,,,,2023-07-20,2026-08-19
"ad set 1",6861084796397,65+,male,inactive,ad,10,23,2.3,"7-day click or 1-day view",,,1.43,,2026-01-31,Ongoing,,,62.17391304,0,,,,,,,2023-07-20,2026-08-19
LPU,6986170908197,35-44,male,not_delivering,ad,38,49,1.28947368,"7-day click or 1-day view",,,1.41,,2026-07-31,Ongoing,,,28.7755102,0,,,,,,,2023-07-20,2026-08-19
"New Engagement ad set",6675807606197,25-34,unknown,not_delivering,ad,32,66,2.0625,"7-day click or 1-day view",,,1.41,,2025-04-18,Ongoing,,,21.36363636,0,,,,,,,2023-07-20,2026-08-19
"ad set 1",6872929385597,25-34,female,inactive,ad,34,35,1.02941176,"7-day click or 1-day view",,,1.4,,2026-01-31,Ongoing,,,40,0,,,,,,,2023-07-20,2026-08-19
"ad set 1",6988772271397,35-44,male,not_delivering,ad,5,7,1.4,"7-day click or 1-day view",,,1.4,,2026-08-05,Ongoing,,,200,0,,,,,,,2023-07-20,2026-08-19
"Ad set 1",6953152264197,18-24,unknown,not_delivering,ad,0,68,0,"7-day click or 1-day view",,,1.4,,2026-06-09,Ongoing,,,20.58823529,0,,,,,,,2023-07-20,2026-08-19
"New Engagement ad set",6675260378797,25-34,unknown,not_delivering,ad,32,55,1.71875,"7-day click or 1-day view","Messaging conversations started",1,1.39,1.39,2025-03-29,Ongoing,1,1.39,25.27272727,1.81818182,,1,,,,,2023-07-20,2026-08-19
"Ads - Punjab – Online",6917755073197,18-24,unknown,not_delivering,ad,40,40,1,"7-day click or 1-day view",,,1.39,,2026-05-06,Ongoing,,,34.75,0,,,,,,,2023-07-20,2026-08-19
"Ad set 1",6981899481397,18-24,unknown,active,ad,84,84,1,"7-day click or 1-day view",,,1.37,,2026-07-01,Ongoing,,,16.30952381,0,,,,,,,2023-07-20,2026-08-19
"Ad set 1",6953166520997,35-44,female,not_delivering,ad,17,17,1,"7-day click or 1-day view",,,1.32,,2026-06-09,Ongoing,,,77.64705882,0,,,,,,,2023-07-20,2026-08-19
"New Engagement ad set",6675811563797,18-24,female,inactive,ad,30,32,1.06666667,"7-day click or 1-day view",,,1.31,,2025-04-18,Ongoing,,,40.9375,0,,,,,,,2023-07-20,2026-08-19
"ad set 1",6857978483197,55-64,female,not_delivering,ad,16,29,1.8125,"7-day click or 1-day view",,,1.29,,2026-01-23,Ongoing,,,44.48275862,0,,,,,,,2023-07-20,2026-08-19
SET1,6712664669597,18-24,unknown,not_delivering,ad,8,27,3.375,"7-day click or 1-day view",,,1.29,,2025-05-01,Ongoing,,,47.77777778,0,,,,,,,2023-07-20,2026-08-19
"Ads - Punjab",6925557264397,18-24,unknown,not_delivering,ad,32,70,2.1875,"7-day click or 1-day view",,,1.28,,2026-04-27,Ongoing,1,1.28,18.28571429,1.42857143,,,,,,,2023-07-20,2026-08-19
"Ads - Punjab",6915640775197,35-44,unknown,not_delivering,ad,0,26,0,"7-day click or 1-day view",,,1.28,,2026-04-27,Ongoing,,,49.23076923,0,,,,,,,2023-07-20,2026-08-19
"Ad set 1",6989198212397,35-44,unknown,active,ad,32,42,1.3125,"7-day click or 1-day view",,,1.27,,2026-07-01,Ongoing,1,1.27,30.23809524,2.38095238,,,,,,,2023-07-20,2026-08-19
"ad set 1",6872930110397,65+,female,inactive,ad,40,45,1.125,"7-day click or 1-day view",,,1.26,,2026-01-31,Ongoing,,,28,0,,,,,,,2023-07-20,2026-08-19
SET1,6675265142397,35-44,female,not_delivering,ad,20,23,1.15,"7-day click or 1-day view",,,1.25,,2025-04-17,Ongoing,,,54.34782609,0,,,,,,,2023-07-20,2026-08-19
"ad set 1",6872929829797,55-64,female,inactive,ad,22,34,1.54545455,"7-day click or 1-day view","Messaging conversations started",1,1.24,1.24,2026-01-31,Ongoing,1,1.24,36.47058824,5.88235294,,1,,,,,2023-07-20,2026-08-19
"Ad set",6887030217397,25-34,female,not_delivering,ad,41,45,1.09756098,"7-day click or 1-day view",,,1.24,,2026-03-22,Ongoing,1,1.24,27.55555556,2.22222222,,,,,,,2023-07-20,2026-08-19
"ad set 1",6872929829797,65+,female,inactive,ad,24,29,1.20833333,"7-day click or 1-day view",,,1.23,,2026-01-31,Ongoing,,,42.4137931,0,,,,,,,2023-07-20,2026-08-19
SET1,6699345237797,25-34,unknown,not_delivering,ad,0,3,0,"7-day click or 1-day view",,,1.22,,2025-05-01,Ongoing,,,406.66666667,0,,,,,,,2023-07-20,2026-08-19
"ad set 1",6861114057597,Unknown,female,not_delivering,ad,0,18,0,"7-day click or 1-day view",,,1.2,,2026-01-31,Ongoing,,,66.66666667,0,,,,,,,2023-07-20,2026-08-19
"New Engagement ad set",6699157892597,45-54,unknown,not_delivering,ad,28,28,1,"7-day click or 1-day view",,,1.2,,2025-05-01,Ongoing,,,42.85714286,0,,,,,,,2023-07-20,2026-08-19
SET1,6699073695797,25-34,male,not_delivering,ad,36,41,1.13888889,"7-day click or 1-day view",,,1.19,,2025-05-01,Ongoing,,,29.02439024,0,,,,,,,2023-07-20,2026-08-19
SET1,6668298026597,35-44,male,not_delivering,ad,12,13,1.08333333,"7-day click or 1-day view",,,1.18,,2025-04-09,Ongoing,,,90.76923077,0,,,,,,,2023-07-20,2026-08-19
"Ads - Punjab",6925557264397,25-34,unknown,not_delivering,ad,31,31,1,"7-day click or 1-day view",,,1.18,,2026-04-27,Ongoing,,,38.06451613,0,,,,,,,2023-07-20,2026-08-19
"New Engagement ad set",6612225065997,18-24,unknown,not_delivering,ad,6,11,1.83333333,"7-day click or 1-day view",,,1.16,,2025-02-16,Ongoing,,,105.45454545,0,,,,,,,2023-07-20,2026-08-19
"Ad set 1",6976611089797,Unknown,female,active,ad,0,37,0,"7-day click or 1-day view",,,1.15,,2026-07-01,Ongoing,,,31.08108108,0,,,,,,,2023-07-20,2026-08-19
LPU,6986170907997,35-44,unknown,not_delivering,ad,8,17,2.125,"7-day click or 1-day view",,,1.14,,2026-07-31,Ongoing,,,67.05882353,0,,,,,,,2023-07-20,2026-08-19
"ad set 1",6872929385597,55-64,male,inactive,ad,9,10,1.11111111,"7-day click or 1-day view",,,1.14,,2026-01-31,Ongoing,,,114,0,,,,,,,2023-07-20,2026-08-19
"Ad set 1",6979195968797,35-44,male,not_delivering,ad,30,31,1.03333333,"7-day click or 1-day view",,,1.14,,2026-07-08,Ongoing,,,36.77419355,0,,,,,,,2023-07-20,2026-08-19
SET1,6768966430597,65+,female,not_delivering,ad,10,10,1,"7-day click or 1-day view",,,1.11,,2025-05-13,Ongoing,,,111,0,,,,,,,2023-07-20,2026-08-19
SET1,6700709797997,35-44,female,inactive,ad,12,18,1.5,"7-day click or 1-day view",,,1.1,,2025-05-01,Ongoing,,,61.11111111,0,,,,,,,2023-07-20,2026-08-19
"SET2 - MBA",6729393132597,35-44,unknown,not_delivering,ad,32,33,1.03125,"7-day click or 1-day view",,,1.09,,2025-05-25,Ongoing,,,33.03030303,0,,,,,,,2023-07-20,2026-08-19
SET1,6768966430597,25-34,unknown,not_delivering,ad,8,19,2.375,"7-day click or 1-day view",,,1.07,,2025-05-13,Ongoing,,,56.31578947,0,,,,,,,2023-07-20,2026-08-19
SET1,6675261136397,35-44,male,not_delivering,ad,9,10,1.11111111,"7-day click or 1-day view",,,1.03,,2025-04-17,Ongoing,,,103,0,,,,,,,2023-07-20,2026-08-19
"Ads - City",6941448198397,18-24,unknown,not_delivering,ad,32,48,1.5,"7-day click or 1-day view",,,1.02,,2026-05-30,Ongoing,,,21.25,0,,,,,,,2023-07-20,2026-08-19
"ad set 1",6857978483197,65+,male,not_delivering,ad,16,19,1.1875,"7-day click or 1-day view",,,1.02,,2026-01-23,Ongoing,,,53.68421053,0,,,,,,,2023-07-20,2026-08-19
"New Engagement ad set",6768967611597,18-24,unknown,not_delivering,ad,32,34,1.0625,"7-day click or 1-day view",,,1.02,,2025-07-15,Ongoing,,,30,0,,,,,,,2023-07-20,2026-08-19
"Messages Ad: 🎓Admission Open for - Distance & Online Learning...",6703091319197,45-54,female,not_delivering,ad,10,10,1,"7-day click or 1-day view",,,1.01,,2025-05-03,2025-05-07,,,101,0,,,,,,,2023-07-20,2026-08-19
SET1,6732747035197,25-34,female,archived,ad,9,9,1,"7-day click or 1-day view",,,1.01,,2025-05-13,Ongoing,,,112.22222222,0,,,,,,,2023-07-20,2026-08-19
"New Engagement ad set",6675809957397,25-34,unknown,not_delivering,ad,30,30,1,"7-day click or 1-day view",,,1.01,,2025-04-18,Ongoing,,,33.66666667,0,,,,,,,2023-07-20,2026-08-19
SET1,6723531168597,35-44,male,inactive,ad,14,15,1.07142857,"7-day click or 1-day view",,,1.01,,2025-05-19,Ongoing,,,67.33333333,0,,,,,,,2023-07-20,2026-08-19
"New Engagement ad set",6768974549597,35-44,unknown,not_delivering,ad,6,6,1,"7-day click or 1-day view",,,1.01,,2025-07-15,Ongoing,,,168.33333333,0,,,,,,,2023-07-20,2026-08-19
"ad set 1",6881705351597,18-24,unknown,not_delivering,ad,24,24,1,"7-day click or 1-day view",,,1,,2026-01-31,Ongoing,,,41.66666667,0,,,,,,,2023-07-20,2026-08-19
"Ads - HP+Jammu",6915646915997,35-44,unknown,not_delivering,ad,0,1,0,"7-day click or 1-day view",,,1,,2026-04-26,Ongoing,,,1000,0,,,,,,,2023-07-20,2026-08-19
"Ad set",6887030217397,35-44,male,not_delivering,ad,13,29,2.23076923,"7-day click or 1-day view",,,0.98,,2026-03-22,Ongoing,,,33.79310345,0,,,,,,,2023-07-20,2026-08-19
"Ad set 1",6882908661197,25-34,unknown,not_delivering,ad,14,21,1.5,"7-day click or 1-day view",,,0.98,,2026-03-15,Ongoing,,,46.66666667,0,,,,,,,2023-07-20,2026-08-19
SET1,6805961553997,35-44,unknown,not_delivering,ad,0,3,0,"7-day click or 1-day view",,,0.96,,2025-05-13,Ongoing,,,320,0,,,,,,,2023-07-20,2026-08-19
"New Engagement ad set",6699157892597,25-34,unknown,not_delivering,ad,16,22,1.375,"7-day click or 1-day view",,,0.96,,2025-05-01,Ongoing,,,43.63636364,0,,,,,,,2023-07-20,2026-08-19
SET1,6668282296197,25-34,unknown,not_delivering,ad,8,8,1,"7-day click or 1-day view",,,0.95,,2025-04-09,Ongoing,,,118.75,0,,,,,,,2023-07-20,2026-08-19
"New Engagement ad set - 1",6832548169597,35-44,unknown,not_delivering,ad,1,1,1,"7-day click or 1-day view",,,0.95,,2025-11-21,Ongoing,,,950,0,,,,,,,2023-07-20,2026-08-19
"Ads - HP+Jammu",6915646915997,18-24,unknown,not_delivering,ad,32,45,1.40625,"7-day click or 1-day view",,,0.94,,2026-04-26,Ongoing,,,20.88888889,0,,,,,,,2023-07-20,2026-08-19
"Ad set",6887946017597,35-44,female,not_delivering,ad,12,12,1,"7-day click or 1-day view",,,0.93,,2026-03-22,Ongoing,,,77.5,0,,,,,,,2023-07-20,2026-08-19
"New Engagement ad set",6715699674797,35-44,unknown,not_delivering,ad,4,5,1.25,"7-day click or 1-day view",,,0.93,,2025-05-01,Ongoing,,,186,0,,,,,,,2023-07-20,2026-08-19
"New Engagement ad set",6768975019797,25-34,unknown,not_delivering,ad,16,20,1.25,"7-day click or 1-day view",,,0.92,,2025-07-15,Ongoing,,,46,0,,,,,,,2023-07-20,2026-08-19
"New Engagement ad set - 1",6832539425597,65+,male,not_delivering,ad,15,22,1.46666667,"7-day click or 1-day view",,,0.91,,2025-11-21,Ongoing,,,41.36363636,0,,,,,,,2023-07-20,2026-08-19
SET1,6699102684197,35-44,male,not_delivering,ad,9,11,1.22222222,"7-day click or 1-day view",,,0.91,,2025-05-01,Ongoing,,,82.72727273,0,,,,,,,2023-07-20,2026-08-19
SET1,6723531169197,35-44,female,inactive,ad,11,13,1.18181818,"7-day click or 1-day view",,,0.9,,2025-05-19,Ongoing,,,69.23076923,0,,,,,,,2023-07-20,2026-08-19
"Ad set 1",6977308709597,25-34,unknown,inactive,ad,16,30,1.875,"7-day click or 1-day view",,,0.89,,2026-07-01,Ongoing,,,29.66666667,0,,,,,,,2023-07-20,2026-08-19
LPU,6986170908197,35-44,female,not_delivering,ad,18,22,1.22222222,"7-day click or 1-day view",,,0.88,,2026-07-31,Ongoing,,,40,0,,,,,,,2023-07-20,2026-08-19
SET1,6675261136397,35-44,female,not_delivering,ad,9,9,1,"7-day click or 1-day view",,,0.86,,2025-04-17,Ongoing,,,95.55555556,0,,,,,,,2023-07-20,2026-08-19
"ad set 1",6861114057597,65+,unknown,not_delivering,ad,0,17,0,"7-day click or 1-day view",,,0.86,,2026-01-31,Ongoing,,,50.58823529,0,,,,,,,2023-07-20,2026-08-19
LPU,6826134714397,18-24,female,not_delivering,ad,9,10,1.11111111,"7-day click or 1-day view",,,0.85,,2025-11-07,Ongoing,,,85,0,,,,,,,2023-07-20,2026-08-19
LPU,6986175747197,35-44,female,not_delivering,ad,7,8,1.14285714,"7-day click or 1-day view",,,0.85,,2026-07-31,Ongoing,,,106.25,0,,,,,,,2023-07-20,2026-08-19
AMITY,6986086788797,25-34,unknown,not_delivering,ad,10,10,1,"7-day click or 1-day view",,,0.83,,2026-07-31,Ongoing,,,83,0,,,,,,,2023-07-20,2026-08-19
"Ad set 1",6977308709597,18-24,unknown,inactive,ad,0,37,0,"7-day click or 1-day view",,,0.83,,2026-07-01,Ongoing,,,22.43243243,0,,,,,,,2023-07-20,2026-08-19
"Ad set 1",6959716531197,25-34,unknown,not_delivering,ad,0,25,0,"7-day click or 1-day view",,,0.82,,2026-06-14,Ongoing,1,0.82,32.8,4,,,,,,,2023-07-20,2026-08-19
"MMU MBA",6673302606997,18-24,unknown,not_delivering,ad,20,27,1.35,"7-day click or 1-day view",,,0.81,,2025-04-14,Ongoing,,,30,0,,,,,,,2023-07-20,2026-08-19
"Ad set",6887030430597,25-34,unknown,not_delivering,ad,8,24,3,"7-day click or 1-day view",,,0.81,,2026-03-22,Ongoing,,,33.75,0,,,,,,,2023-07-20,2026-08-19
"New Engagement ad set",6790435815797,18-24,unknown,not_delivering,ad,16,18,1.125,"7-day click or 1-day view",,,0.8,,2025-07-15,Ongoing,,,44.44444444,0,,,,,,,2023-07-20,2026-08-19
"Ad set 1",6987226895797,18-24,unknown,not_delivering,ad,0,19,0,"7-day click or 1-day view",,,0.78,,2026-08-03,Ongoing,,,41.05263158,0,,,,,,,2023-07-20,2026-08-19
"New Engagement ad set",6804632076397,35-44,unknown,not_delivering,ad,40,40,1,"7-day click or 1-day view",,,0.76,,2025-09-07,Ongoing,,,19,0,,,,,,,2023-07-20,2026-08-19
SET1,6675271324797,25-34,female,not_delivering,ad,33,34,1.03030303,"7-day click or 1-day view",,,0.74,,2025-04-17,Ongoing,,,21.76470588,0,,,,,,,2023-07-20,2026-08-19
"ad set 1",6988775707397,35-44,unknown,not_delivering,ad,0,33,0,"7-day click or 1-day view",,,0.74,,2026-08-05,Ongoing,,,22.42424242,0,,,,,,,2023-07-20,2026-08-19
"New Engagement ad set",6768967611597,25-34,unknown,not_delivering,ad,19,19,1,"7-day click or 1-day view",,,0.74,,2025-07-15,Ongoing,,,38.94736842,0,,,,,,,2023-07-20,2026-08-19
"ad set 1",6861113921397,65+,female,inactive,ad,12,15,1.25,"7-day click or 1-day view",,,0.73,,2026-01-31,Ongoing,,,48.66666667,0,,,,,,,2023-07-20,2026-08-19
SET1,6668294202797,35-44,female,not_delivering,ad,5,8,1.6,"7-day click or 1-day view",,,0.73,,2025-04-09,Ongoing,,,91.25,0,,,,,,,2023-07-20,2026-08-19
"Ads - Punjab",6929198152397,18-24,unknown,not_delivering,ad,24,28,1.16666667,"7-day click or 1-day view",,,0.72,,2026-04-27,Ongoing,,,25.71428571,0,,,,,,,2023-07-20,2026-08-19
"New Engagement ad set",6685419928797,25-34,unknown,not_delivering,ad,8,21,2.625,"7-day click or 1-day view",,,0.72,,2025-04-26,Ongoing,1,0.72,34.28571429,4.76190476,,,,,,,2023-07-20,2026-08-19
SET1,6732747035197,25-34,male,archived,ad,27,27,1,"7-day click or 1-day view",,,0.72,,2025-05-13,Ongoing,,,26.66666667,0,,,,,,,2023-07-20,2026-08-19
"Ad set 1",6987226896397,35-44,male,not_delivering,ad,19,19,1,"7-day click or 1-day view",,,0.71,,2026-08-03,Ongoing,,,37.36842105,0,,,,,,,2023-07-20,2026-08-19
SET1,6732746421397,18-24,unknown,not_delivering,ad,12,17,1.41666667,"7-day click or 1-day view",,,0.71,,2025-05-20,Ongoing,,,41.76470588,0,,,,,,,2023-07-20,2026-08-19
"Ads - HP+Jammu",6915646915997,25-34,unknown,not_delivering,ad,15,15,1,"7-day click or 1-day view",,,0.7,,2026-04-26,Ongoing,1,0.7,46.66666667,6.66666667,,,,,,,2023-07-20,2026-08-19
SET1,6668294202797,35-44,male,not_delivering,ad,11,12,1.09090909,"7-day click or 1-day view",,,0.7,,2025-04-09,Ongoing,,,58.33333333,0,,,,,,,2023-07-20,2026-08-19
SET1,6699087848997,35-44,male,not_delivering,ad,13,16,1.23076923,"7-day click or 1-day view",,,0.68,,2025-05-01,Ongoing,,,42.5,0,,,,,,,2023-07-20,2026-08-19
"New Engagement ad set",6789161764997,35-44,female,not_delivering,ad,8,9,1.125,"7-day click or 1-day view",,,0.67,,2025-07-15,Ongoing,,,74.44444444,0,,,,,,,2023-07-20,2026-08-19
"Ads - HP+Jammu",6910463660997,25-34,unknown,not_delivering,ad,24,24,1,"7-day click or 1-day view",,,0.66,,2026-04-26,Ongoing,,,27.5,0,,,,,,,2023-07-20,2026-08-19
SET1,6668282296197,18-24,unknown,not_delivering,ad,6,18,3,"7-day click or 1-day view",,,0.66,,2025-04-09,Ongoing,,,36.66666667,0,,,,,,,2023-07-20,2026-08-19
SET1,6675264991797,35-44,male,not_delivering,ad,8,9,1.125,"7-day click or 1-day view",,,0.65,,2025-04-17,Ongoing,,,72.22222222,0,,,,,,,2023-07-20,2026-08-19
"ad set 1",6861084796397,55-64,female,inactive,ad,10,17,1.7,"7-day click or 1-day view",,,0.65,,2026-01-31,Ongoing,,,38.23529412,0,,,,,,,2023-07-20,2026-08-19
"ad set 1",6858002122997,45-54,unknown,not_delivering,ad,13,13,1,"7-day click or 1-day view",,,0.65,,2026-01-23,Ongoing,,,50,0,,,,,,,2023-07-20,2026-08-19
"ad set 1",6857977080197,55-64,female,not_delivering,ad,6,11,1.83333333,"7-day click or 1-day view",,,0.64,,2026-01-23,Ongoing,,,58.18181818,0,,,,,,,2023-07-20,2026-08-19
"Ad set",6887030430597,18-24,unknown,not_delivering,ad,16,24,1.5,"7-day click or 1-day view",,,0.64,,2026-03-22,Ongoing,,,26.66666667,0,,,,,,,2023-07-20,2026-08-19
"Ad set 1",6979195967797,25-34,male,not_delivering,ad,24,24,1,"7-day click or 1-day view",,,0.64,,2026-07-08,Ongoing,,,26.66666667,0,,,,,,,2023-07-20,2026-08-19
SET1,6699094078397,35-44,male,not_delivering,ad,8,8,1,"7-day click or 1-day view",,,0.63,,2025-05-01,Ongoing,,,78.75,0,,,,,,,2023-07-20,2026-08-19
"ad set 1",6991650447397,35-44,unknown,not_delivering,ad,0,12,0,"7-day click or 1-day view",,,0.63,,2026-08-05,Ongoing,,,52.5,0,,,,,,,2023-07-20,2026-08-19
"Ad set 1",6976611089797,Unknown,male,active,ad,0,42,0,"7-day click or 1-day view",,,0.62,,2026-07-01,Ongoing,,,14.76190476,0,,,,,,,2023-07-20,2026-08-19
"Ad set 1",6981899481397,35-44,unknown,active,ad,0,22,0,"7-day click or 1-day view",,,0.62,,2026-07-01,Ongoing,,,28.18181818,0,,,,,,,2023-07-20,2026-08-19
"New Engagement ad set",6715699674797,65+,female,not_delivering,ad,16,20,1.25,"7-day click or 1-day view",,,0.62,,2025-05-01,Ongoing,,,31,5,,,,,,,2023-07-20,2026-08-19
SET1,6707077774397,18-24,unknown,not_delivering,ad,12,14,1.16666667,"7-day click or 1-day view",,,0.61,,2025-05-01,Ongoing,,,43.57142857,0,,,,,,,2023-07-20,2026-08-19
"ad set 1",6861114057597,Unknown,male,not_delivering,ad,0,21,0,"7-day click or 1-day view",,,0.61,,2026-01-31,Ongoing,,,29.04761905,0,,,,,,,2023-07-20,2026-08-19
SET1,6715753772797,25-34,male,archived,ad,15,15,1,"7-day click or 1-day view",,,0.61,,2025-05-13,Ongoing,,,40.66666667,0,,,,,,,2023-07-20,2026-08-19
"New Engagement ad set",6769019704797,18-24,unknown,inactive,ad,9,9,1,"7-day click or 1-day view",,,0.61,,2025-07-15,Ongoing,,,67.77777778,0,,,,,,,2023-07-20,2026-08-19
SET1,6768966430597,18-24,unknown,not_delivering,ad,24,32,1.33333333,"7-day click or 1-day view",,,0.59,,2025-05-13,Ongoing,,,18.4375,0,,,,,,,2023-07-20,2026-08-19
"Ad set 1",6882908081197,35-44,unknown,not_delivering,ad,8,14,1.75,"7-day click or 1-day view",,,0.59,,2026-03-15,Ongoing,,,42.14285714,0,,,,,,,2023-07-20,2026-08-19
AMITY,6986086788797,18-24,unknown,not_delivering,ad,9,9,1,"7-day click or 1-day view",,,0.59,,2026-07-31,Ongoing,,,65.55555556,0,,,,,,,2023-07-20,2026-08-19
SET1,6732747399197,35-44,male,archived,ad,3,4,1.33333333,"7-day click or 1-day view",,,0.59,,2025-05-13,Ongoing,,,147.5,0,,,,,,,2023-07-20,2026-08-19
"Ad set 1",6882908081197,25-34,unknown,not_delivering,ad,22,22,1,"7-day click or 1-day view",,,0.59,,2026-03-15,Ongoing,,,26.81818182,0,,,,,,,2023-07-20,2026-08-19
SET1,6805961553997,25-34,unknown,not_delivering,ad,24,32,1.33333333,"7-day click or 1-day view",,,0.58,,2025-05-13,Ongoing,,,18.125,0,,,,,,,2023-07-20,2026-08-19
"New Engagement ad set - 1",6833677863397,25-34,unknown,not_delivering,ad,3,4,1.33333333,"7-day click or 1-day view",,,0.57,,2025-11-21,Ongoing,,,142.5,0,,,,,,,2023-07-20,2026-08-19
"Ad Online",6914896859797,25-34,unknown,inactive,ad,2,3,1.5,"7-day click or 1-day view",,,0.57,,2026-05-01,Ongoing,,,190,0,,,,,,,2023-07-20,2026-08-19
"ad set 1",6861113921397,18-24,unknown,inactive,ad,11,11,1,"7-day click or 1-day view",,,0.57,,2026-01-31,Ongoing,,,51.81818182,0,,,,,,,2023-07-20,2026-08-19
SET1,6699045415197,35-44,male,not_delivering,ad,19,22,1.15789474,"7-day click or 1-day view",,,0.56,,2025-05-01,Ongoing,,,25.45454545,0,,,,,,,2023-07-20,2026-08-19
"Ads - Punjab",6911093708597,Unknown,female,not_delivering,ad,0,27,0,"7-day click or 1-day view",,,0.56,,2026-04-27,Ongoing,,,20.74074074,0,,,,,,,2023-07-20,2026-08-19
"New Engagement ad set - 1",6832539425597,55-64,male,not_delivering,ad,25,32,1.28,"7-day click or 1-day view",,,0.56,,2025-11-21,Ongoing,,,17.5,0,,,,,,,2023-07-20,2026-08-19
SET1,6723178659197,18-24,female,not_delivering,ad,4,5,1.25,"7-day click or 1-day view",,,0.56,,2025-05-19,Ongoing,,,112,0,,,,,,,2023-07-20,2026-08-19
SET1,6805961553997,18-24,unknown,not_delivering,ad,37,37,1,"7-day click or 1-day view",,,0.55,,2025-05-13,Ongoing,,,14.86486486,0,,,,,,,2023-07-20,2026-08-19
"New Engagement ad set",6715699674797,25-34,unknown,not_delivering,ad,5,5,1,"7-day click or 1-day view",,,0.54,,2025-05-01,Ongoing,,,108,0,,,,,,,2023-07-20,2026-08-19
SET1,6699075335397,18-24,unknown,not_delivering,ad,12,20,1.66666667,"7-day click or 1-day view",,,0.53,,2025-05-01,Ongoing,,,26.5,0,,,,,,,2023-07-20,2026-08-19
SET1,6675281097197,25-34,unknown,not_delivering,ad,8,9,1.125,"7-day click or 1-day view",,,0.53,,2025-04-17,Ongoing,,,58.88888889,0,,,,,,,2023-07-20,2026-08-19
"Ad set 1",6979195967797,18-24,female,not_delivering,ad,23,23,1,"7-day click or 1-day view",,,0.52,,2026-07-08,Ongoing,,,22.60869565,0,,,,,,,2023-07-20,2026-08-19
"ad set 1",6857977080197,65+,female,not_delivering,ad,4,9,2.25,"7-day click or 1-day view",,,0.51,,2026-01-23,Ongoing,,,56.66666667,0,,,,,,,2023-07-20,2026-08-19
"Ads - HP+Jammu",6910462158797,35-44,unknown,not_delivering,ad,1,1,1,"7-day click or 1-day view",,,0.5,,2026-04-26,Ongoing,,,500,0,,,,,,,2023-07-20,2026-08-19
"Ads - Punjab",6925557264397,35-44,unknown,not_delivering,ad,0,7,0,"7-day click or 1-day view",,,0.5,,2026-04-27,Ongoing,,,71.42857143,0,,,,,,,2023-07-20,2026-08-19
"New Engagement ad set",6685444541597,35-44,male,not_delivering,ad,9,9,1,"7-day click or 1-day view",,,0.5,,2025-04-26,Ongoing,,,55.55555556,0,,,,,,,2023-07-20,2026-08-19
"Ad set 1",6882908661197,18-24,unknown,not_delivering,ad,10,16,1.6,"7-day click or 1-day view",,,0.49,,2026-03-15,Ongoing,,,30.625,0,,,,,,,2023-07-20,2026-08-19
"Ad Set 1",6915949742397,35-44,unknown,not_delivering,ad,3,5,1.66666667,"7-day click or 1-day view",,,0.49,,2026-05-03,Ongoing,,,98,0,,,,,,,2023-07-20,2026-08-19
"Ad set 1",6979195967797,18-24,male,not_delivering,ad,28,29,1.03571429,"7-day click or 1-day view",,,0.49,,2026-07-08,Ongoing,,,16.89655172,0,,,,,,,2023-07-20,2026-08-19
SET1,6699045415197,35-44,female,not_delivering,ad,12,13,1.08333333,"7-day click or 1-day view",,,0.48,,2025-05-01,Ongoing,,,36.92307692,0,,,,,,,2023-07-20,2026-08-19
"Ads - Punjab",6941440448797,25-34,unknown,not_delivering,ad,6,7,1.16666667,"7-day click or 1-day view",,,0.47,,2026-05-30,Ongoing,,,67.14285714,0,,,,,,,2023-07-20,2026-08-19
"Ad set 1",6882906767797,35-44,male,not_delivering,ad,11,11,1,"7-day click or 1-day view",,,0.47,,2026-03-15,Ongoing,,,42.72727273,0,,,,,,,2023-07-20,2026-08-19
"New Engagement ad set",6675260378797,18-24,unknown,not_delivering,ad,32,37,1.15625,"7-day click or 1-day view",,,0.47,,2025-03-29,Ongoing,,,12.7027027,0,,,,,,,2023-07-20,2026-08-19
"New Engagement ad set",6685447204197,35-44,male,not_delivering,ad,10,10,1,"7-day click or 1-day view",,,0.47,,2025-04-26,Ongoing,,,47,0,,,,,,,2023-07-20,2026-08-19
"Ads - Punjab",6911093707997,25-34,unknown,inactive,ad,8,14,1.75,"7-day click or 1-day view",,,0.47,,2026-04-27,Ongoing,,,33.57142857,0,,,,,,,2023-07-20,2026-08-19
"Ad set",6887030217397,35-44,female,not_delivering,ad,9,10,1.11111111,"7-day click or 1-day view",,,0.46,,2026-03-22,Ongoing,,,46,0,,,,,,,2023-07-20,2026-08-19
"ad set 1",6988772271397,25-34,female,not_delivering,ad,16,17,1.0625,"7-day click or 1-day view",,,0.46,,2026-08-05,Ongoing,,,27.05882353,0,,,,,,,2023-07-20,2026-08-19
SET1,6715762376997,35-44,unknown,archived,ad,0,25,0,"7-day click or 1-day view",,,0.46,,2025-05-13,Ongoing,,,18.4,0,,,,,,,2023-07-20,2026-08-19
"Ad set 1",6959707332797,25-34,unknown,not_delivering,ad,0,7,0,"7-day click or 1-day view",,,0.45,,2026-06-14,Ongoing,1,0.45,64.28571429,14.28571429,,,,,,,2023-07-20,2026-08-19
SET1,6805961615397,18-24,unknown,not_delivering,ad,4,6,1.5,"7-day click or 1-day view",,,0.45,,2025-05-13,Ongoing,,,75,0,,,,,,,2023-07-20,2026-08-19
"New Traffic ad set",6641565898597,18-24,unknown,not_delivering,ad,0,103,0,"7-day click or 1-day view",,,0.44,,2025-03-29,Ongoing,,,4.27184466,0,,,,,,,2023-07-20,2026-08-19
SET1,6715753772797,25-34,female,archived,ad,7,9,1.28571429,"7-day click or 1-day view",,,0.44,,2025-05-13,Ongoing,,,48.88888889,0,,,,,,,2023-07-20,2026-08-19
"New Traffic ad set",6671471422397,18-24,male,not_delivering,ad,30,30,1,"7-day click or 1-day view","Link clicks",1,0.44,0.44,2025-03-29,Ongoing,1,0.44,14.66666667,3.33333333,,,,,,,2023-07-20,2026-08-19
"New Engagement ad set",6769014077397,18-24,unknown,inactive,ad,18,18,1,"7-day click or 1-day view",,,0.43,,2025-07-15,Ongoing,,,23.88888889,0,,,,,,,2023-07-20,2026-08-19
"Ad set 1",6987226896397,35-44,female,not_delivering,ad,20,20,1,"7-day click or 1-day view",,,0.43,,2026-08-03,Ongoing,,,21.5,0,,,,,,,2023-07-20,2026-08-19
"Ad set 1",6959716531197,18-24,unknown,not_delivering,ad,16,23,1.4375,"7-day click or 1-day view",,,0.42,,2026-06-14,Ongoing,,,18.26086957,0,,,,,,,2023-07-20,2026-08-19
"New Engagement ad set",6715699674797,45-54,unknown,not_delivering,ad,2,2,1,"7-day click or 1-day view",,,0.42,,2025-05-01,Ongoing,,,210,0,,,,,,,2023-07-20,2026-08-19
"Ad set 1",6979195967797,25-34,female,not_delivering,ad,14,14,1,"7-day click or 1-day view",,,0.42,,2026-07-08,Ongoing,,,30,0,,,,,,,2023-07-20,2026-08-19
SET1,6675271324797,35-44,female,not_delivering,ad,6,7,1.16666667,"7-day click or 1-day view",,,0.41,,2025-04-17,Ongoing,,,58.57142857,0,,,,,,,2023-07-20,2026-08-19
SET1,6790771111597,65+,male,not_delivering,ad,25,25,1,"7-day click or 1-day view",,,0.41,,2025-05-13,Ongoing,,,16.4,0,,,,,,,2023-07-20,2026-08-19
LPU,6986175747197,25-34,unknown,not_delivering,ad,3,3,1,"7-day click or 1-day view",,,0.41,,2026-07-31,Ongoing,,,136.66666667,0,,,,,,,2023-07-20,2026-08-19
"Ad set 1",6976611088997,25-34,unknown,inactive,ad,8,11,1.375,"7-day click or 1-day view",,,0.41,,2026-07-01,Ongoing,,,37.27272727,0,,,,,,,2023-07-20,2026-08-19
"New Engagement ad set",6675811563797,25-34,female,inactive,ad,15,15,1,"7-day click or 1-day view",,,0.4,,2025-04-18,Ongoing,,,26.66666667,0,,,,,,,2023-07-20,2026-08-19
LPU,6989431969797,18-24,unknown,not_delivering,ad,12,20,1.66666667,"7-day click or 1-day view",,,0.4,,2026-08-07,Ongoing,,,20,0,,,,,,,2023-07-20,2026-08-19
"Ad set 1",6959700316597,25-34,unknown,not_delivering,ad,8,10,1.25,"7-day click or 1-day view",,,0.4,,2026-06-14,Ongoing,,,40,0,,,,,,,2023-07-20,2026-08-19
AMITY,6986108114197,18-24,unknown,not_delivering,ad,0,12,0,"7-day click or 1-day view",,,0.4,,2026-07-31,Ongoing,,,33.33333333,0,,,,,,,2023-07-20,2026-08-19
"New Engagement ad set - 1",6833677863397,55-64,female,not_delivering,ad,9,10,1.11111111,"7-day click or 1-day view",,,0.39,,2025-11-21,Ongoing,,,39,0,,,,,,,2023-07-20,2026-08-19
"New Engagement ad set",6769014077397,35-44,unknown,inactive,ad,0,8,0,"7-day click or 1-day view",,,0.39,,2025-07-15,Ongoing,,,48.75,0,,,,,,,2023-07-20,2026-08-19
"New Engagement ad set",6810171527597,25-34,unknown,not_delivering,ad,7,7,1,"7-day click or 1-day view",,,0.39,,2025-09-07,Ongoing,,,55.71428571,0,,,,,,,2023-07-20,2026-08-19
"Ads - Punjab",6911093707997,18-24,unknown,inactive,ad,17,17,1,"7-day click or 1-day view",,,0.39,,2026-04-27,Ongoing,,,22.94117647,5.88235294,,,,,,,2023-07-20,2026-08-19
"Tailored messages campaign 06/05/2025 Ad set",6710313106197,25-34,unknown,not_delivering,ad,6,6,1,"7-day click or 1-day view",,,0.39,,2025-05-06,Ongoing,,,65,0,,,,,,,2023-07-20,2026-08-19
"ad set 1",6858002122997,Unknown,female,not_delivering,ad,0,1,0,"7-day click or 1-day view",,,0.38,,2026-01-23,Ongoing,,,380,0,,,,,,,2023-07-20,2026-08-19
"ad set 1",6857822967997,65+,female,not_delivering,ad,2,2,1,"7-day click or 1-day view",,,0.38,,2026-01-23,Ongoing,,,190,0,,,,,,,2023-07-20,2026-08-19
LPU,6826134714397,25-34,male,not_delivering,ad,13,14,1.07692308,"7-day click or 1-day view",,,0.38,,2025-11-07,Ongoing,,,27.14285714,0,,,,,,,2023-07-20,2026-08-19
SET1,6668292481797,35-44,male,not_delivering,ad,12,14,1.16666667,"7-day click or 1-day view",,,0.37,,2025-04-09,Ongoing,,,26.42857143,0,,,,,,,2023-07-20,2026-08-19
"New Engagement ad set",6675809957397,18-24,unknown,not_delivering,ad,21,21,1,"7-day click or 1-day view",,,0.37,,2025-04-18,Ongoing,,,17.61904762,0,,,,,,,2023-07-20,2026-08-19
SET1,6734947246397,25-34,unknown,not_delivering,ad,10,10,1,"7-day click or 1-day view",,,0.37,,2025-05-19,Ongoing,,,37,0,,,,,,,2023-07-20,2026-08-19
"New Engagement ad set",6707055838397,18-24,unknown,not_delivering,ad,24,32,1.33333333,"7-day click or 1-day view",,,0.37,,2025-04-18,Ongoing,,,11.5625,0,,,,,,,2023-07-20,2026-08-19
"New Traffic ad set",6671471422397,25-34,male,not_delivering,ad,44,44,1,"7-day click or 1-day view",,,0.37,,2025-03-29,Ongoing,,,8.40909091,0,,,,,,,2023-07-20,2026-08-19
"ad set 1",6861112894797,25-34,unknown,not_delivering,ad,15,15,1,"7-day click or 1-day view",,,0.35,,2026-01-31,Ongoing,,,23.33333333,0,,,,,,,2023-07-20,2026-08-19
"New Engagement ad set",6834727221197,35-44,unknown,not_delivering,ad,2,6,3,"7-day click or 1-day view",,,0.34,,2025-09-07,Ongoing,,,56.66666667,0,,,,,,,2023-07-20,2026-08-19
"New Set",6703425364397,18-24,female,not_delivering,ad,26,28,1.07692308,"7-day click or 1-day view",,,0.34,,2025-05-03,Ongoing,,,12.14285714,3.57142857,,,,,,,2023-07-20,2026-08-19
LPU,6826134714397,18-24,male,not_delivering,ad,19,20,1.05263158,"7-day click or 1-day view",,,0.34,,2025-11-07,Ongoing,,,17,0,,,,,,,2023-07-20,2026-08-19
"New Engagement ad set",6769019704797,25-34,unknown,inactive,ad,6,12,2,"7-day click or 1-day view",,,0.34,,2025-07-15,Ongoing,,,28.33333333,0,,,,,,,2023-07-20,2026-08-19
"ad set 1",6872929829797,18-24,unknown,inactive,ad,16,19,1.1875,"7-day click or 1-day view",,,0.33,,2026-01-31,Ongoing,,,17.36842105,0,,,,,,,2023-07-20,2026-08-19
"ad set 1",6857978483197,25-34,unknown,not_delivering,ad,6,6,1,"7-day click or 1-day view",,,0.33,,2026-01-23,Ongoing,,,55,0,,,,,,,2023-07-20,2026-08-19
"Ads - Punjab",6911093708597,Unknown,male,not_delivering,ad,0,13,0,"7-day click or 1-day view",,,0.33,,2026-04-27,Ongoing,,,25.38461538,0,,,,,,,2023-07-20,2026-08-19
SET1,6723531169197,18-24,unknown,inactive,ad,4,5,1.25,"7-day click or 1-day view",,,0.33,,2025-05-19,Ongoing,,,66,0,,,,,,,2023-07-20,2026-08-19
SET1,6675281097197,18-24,unknown,not_delivering,ad,2,6,3,"7-day click or 1-day view",,,0.33,,2025-04-17,Ongoing,,,55,0,,,,,,,2023-07-20,2026-08-19
SET1,6790771111597,65+,female,not_delivering,ad,24,30,1.25,"7-day click or 1-day view",,,0.32,,2025-05-13,Ongoing,,,10.66666667,0,,,,,,,2023-07-20,2026-08-19
LPU,6826444507997,18-24,female,not_delivering,ad,3,3,1,"7-day click or 1-day view",,,0.32,,2025-11-08,Ongoing,,,106.66666667,0,,,,,,,2023-07-20,2026-08-19
"ad set 1",6861084796397,65+,female,inactive,ad,4,9,2.25,"7-day click or 1-day view",,,0.32,,2026-01-31,Ongoing,,,35.55555556,0,,,,,,,2023-07-20,2026-08-19
SET1,6668298026597,25-34,unknown,not_delivering,ad,3,3,1,"7-day click or 1-day view",,,0.32,,2025-04-09,Ongoing,,,106.66666667,0,,,,,,,2023-07-20,2026-08-19
"Ad set 1",6953152264197,35-44,unknown,not_delivering,ad,0,12,0,"7-day click or 1-day view",,,0.32,,2026-06-09,Ongoing,,,26.66666667,0,,,,,,,2023-07-20,2026-08-19
SET1,6668298026597,18-24,unknown,not_delivering,ad,1,1,1,"7-day click or 1-day view",,,0.31,,2025-04-09,Ongoing,,,310,0,,,,,,,2023-07-20,2026-08-19
SET1,6732746421397,25-34,unknown,not_delivering,ad,11,11,1,"7-day click or 1-day view",,,0.31,,2025-05-20,Ongoing,,,28.18181818,0,,,,,,,2023-07-20,2026-08-19
SET1,6723178659197,25-34,male,not_delivering,ad,5,5,1,"7-day click or 1-day view",,,0.31,,2025-05-19,Ongoing,,,62,0,,,,,,,2023-07-20,2026-08-19
"New Engagement ad set - 1",6833678886597,45-54,female,not_delivering,ad,2,2,1,"7-day click or 1-day view",,,0.3,,2025-11-21,Ongoing,,,150,0,,,,,,,2023-07-20,2026-08-19
SET1,6699094078397,35-44,female,not_delivering,ad,5,5,1,"7-day click or 1-day view",,,0.3,,2025-05-01,Ongoing,,,60,0,,,,,,,2023-07-20,2026-08-19
SET1,6707077774397,25-34,unknown,not_delivering,ad,4,6,1.5,"7-day click or 1-day view",,,0.3,,2025-05-01,Ongoing,,,50,0,,,,,,,2023-07-20,2026-08-19
"Ads - Punjab",6941440448597,25-34,unknown,not_delivering,ad,4,4,1,"7-day click or 1-day view",,,0.3,,2026-05-30,Ongoing,,,75,0,,,,,,,2023-07-20,2026-08-19
"MMU MBA",6671478791597,25-34,unknown,not_delivering,ad,8,9,1.125,"7-day click or 1-day view",,,0.29,,2025-04-12,Ongoing,,,32.22222222,0,,,,,,,2023-07-20,2026-08-19
"New Engagement ad set - 1",6832539425597,65+,female,not_delivering,ad,9,11,1.22222222,"7-day click or 1-day view",,,0.29,,2025-11-21,Ongoing,1,0.29,26.36363636,9.09090909,,,,,,,2023-07-20,2026-08-19
"New Engagement ad set - 1",6833678886597,55-64,female,not_delivering,ad,2,2,1,"7-day click or 1-day view",,,0.28,,2025-11-21,Ongoing,,,140,0,,,,,,,2023-07-20,2026-08-19
"Ads - Punjab",6935496751997,25-34,unknown,inactive,ad,8,8,1,"7-day click or 1-day view",,,0.28,,2026-04-27,Ongoing,,,35,0,,,,,,,2023-07-20,2026-08-19
SET1,6715760430597,35-44,unknown,not_delivering,ad,0,14,0,"7-day click or 1-day view",,,0.28,,2025-05-13,Ongoing,,,20,0,,,,,,,2023-07-20,2026-08-19
SET1,6729387108797,35-44,unknown,not_delivering,ad,0,8,0,"7-day click or 1-day view",,,0.28,,2025-05-19,Ongoing,,,35,0,,,,,,,2023-07-20,2026-08-19
"ad set 1",6861084796397,35-44,unknown,inactive,ad,2,2,1,"7-day click or 1-day view",,,0.28,,2026-01-31,Ongoing,,,140,0,,,,,,,2023-07-20,2026-08-19
LPU,6826139277597,25-34,male,not_delivering,ad,3,3,1,"7-day click or 1-day view",,,0.27,,2025-11-07,Ongoing,,,90,0,,,,,,,2023-07-20,2026-08-19
"New Engagement ad set",6685419928797,18-24,unknown,not_delivering,ad,0,22,0,"7-day click or 1-day view",,,0.27,,2025-04-26,Ongoing,,,12.27272727,0,,,,,,,2023-07-20,2026-08-19
"ad set 1",6857978483197,18-24,unknown,not_delivering,ad,4,10,2.5,"7-day click or 1-day view",,,0.27,,2026-01-23,Ongoing,,,27,0,,,,,,,2023-07-20,2026-08-19
"ad set 1",6872929385597,45-54,female,inactive,ad,11,11,1,"7-day click or 1-day view",,,0.27,,2026-01-31,Ongoing,,,24.54545455,0,,,,,,,2023-07-20,2026-08-19
"ad set 1",6861112894797,18-24,unknown,not_delivering,ad,4,19,4.75,"7-day click or 1-day view",,,0.26,,2026-01-31,Ongoing,,,13.68421053,0,,,,,,,2023-07-20,2026-08-19
"ad set 1",6872930110397,18-24,unknown,inactive,ad,16,16,1,"7-day click or 1-day view",,,0.25,,2026-01-31,Ongoing,,,15.625,0,,,,,,,2023-07-20,2026-08-19
"Ad set 1",6979195968597,25-34,female,not_delivering,ad,2,2,1,"7-day click or 1-day view",,,0.25,,2026-07-08,Ongoing,,,125,0,,,,,,,2023-07-20,2026-08-19
"Ad set 1",6959678385597,Unknown,male,not_delivering,ad,12,12,1,"7-day click or 1-day view",,,0.25,,2026-06-14,Ongoing,,,20.83333333,0,,,,,,,2023-07-20,2026-08-19
"Ads - Punjab",6929198152397,25-34,unknown,not_delivering,ad,0,11,0,"7-day click or 1-day view",,,0.25,,2026-04-27,Ongoing,,,22.72727273,0,,,,,,,2023-07-20,2026-08-19
"Messages Ad: 🎓Admission Open for - Distance & Online Learning...",6703091319197,45-54,male,not_delivering,ad,8,13,1.625,"7-day click or 1-day view",,,0.25,,2025-05-03,2025-05-07,,,19.23076923,0,,,,,,,2023-07-20,2026-08-19
"Ad Set 1",6915949742397,45-54,unknown,not_delivering,ad,2,2,1,"7-day click or 1-day view",,,0.25,,2026-05-03,Ongoing,,,125,0,,,,,,,2023-07-20,2026-08-19
"New Engagement ad set",6612225065997,25-34,unknown,not_delivering,ad,0,8,0,"7-day click or 1-day view",,,0.25,,2025-02-16,Ongoing,,,31.25,0,,,,,,,2023-07-20,2026-08-19
"New Traffic ad set",6641565898597,25-34,unknown,not_delivering,ad,32,47,1.46875,"7-day click or 1-day view",,,0.24,,2025-03-29,Ongoing,,,5.10638298,0,,,,,,,2023-07-20,2026-08-19
SET1,6723531168397,35-44,unknown,not_delivering,ad,0,2,0,"7-day click or 1-day view",,,0.24,,2025-05-19,Ongoing,,,120,0,,,,,,,2023-07-20,2026-08-19
"New Engagement ad set",6768975019797,35-44,unknown,not_delivering,ad,4,5,1.25,"7-day click or 1-day view",,,0.24,,2025-07-15,Ongoing,,,48,0,,,,,,,2023-07-20,2026-08-19
SET1,6768966430597,65+,male,not_delivering,ad,7,7,1,"7-day click or 1-day view",,,0.24,,2025-05-13,Ongoing,,,34.28571429,0,,,,,,,2023-07-20,2026-08-19
LPU,6826134714397,35-44,male,not_delivering,ad,3,3,1,"7-day click or 1-day view",,,0.23,,2025-11-07,Ongoing,,,76.66666667,0,,,,,,,2023-07-20,2026-08-19
LPU,6989431969797,25-34,unknown,not_delivering,ad,7,7,1,"7-day click or 1-day view",,,0.23,,2026-08-07,Ongoing,,,32.85714286,0,,,,,,,2023-07-20,2026-08-19
"Ads - HP+Jammu",6910463660997,18-24,unknown,not_delivering,ad,8,17,2.125,"7-day click or 1-day view",,,0.23,,2026-04-26,Ongoing,,,13.52941176,0,,,,,,,2023-07-20,2026-08-19
SET1,6723531168597,35-44,female,inactive,ad,2,2,1,"7-day click or 1-day view",,,0.23,,2025-05-19,Ongoing,,,115,0,,,,,,,2023-07-20,2026-08-19
"Ad set 1",6882908081197,18-24,unknown,not_delivering,ad,0,7,0,"7-day click or 1-day view",,,0.23,,2026-03-15,Ongoing,,,32.85714286,0,,,,,,,2023-07-20,2026-08-19
SET1,6734947246397,18-24,unknown,not_delivering,ad,4,10,2.5,"7-day click or 1-day view",,,0.23,,2025-05-19,Ongoing,,,23,0,,,,,,,2023-07-20,2026-08-19
SET1,6723178659197,18-24,male,not_delivering,ad,6,6,1,"7-day click or 1-day view",,,0.22,,2025-05-19,Ongoing,,,36.66666667,0,,,,,,,2023-07-20,2026-08-19
"Messages Ad: 🎓Admission Open for - Distance & Online Learning...",6703091319197,35-44,unknown,not_delivering,ad,1,1,1,"7-day click or 1-day view",,,0.22,,2025-05-03,2025-05-07,,,220,0,,,,,,,2023-07-20,2026-08-19
"Ads - Punjab – Online",6920851258197,25-34,unknown,not_delivering,ad,8,10,1.25,"7-day click or 1-day view",,,0.22,,2026-05-06,Ongoing,,,22,0,,,,,,,2023-07-20,2026-08-19
"Ad set",6924474197197,25-34,unknown,not_delivering,ad,1,1,1,"7-day click or 1-day view",,,0.22,,2026-05-13,Ongoing,,,220,0,,,,,,,2023-07-20,2026-08-19
"Ad set 1",6990852904797,Unknown,male,active,ad,0,12,0,"7-day click or 1-day view",,,0.22,,2026-07-01,Ongoing,1,0.22,18.33333333,8.33333333,,,,,,,2023-07-20,2026-08-19
"New Engagement ad set - 1",6833678886597,35-44,unknown,not_delivering,ad,1,1,1,"7-day click or 1-day view",,,0.22,,2025-11-21,Ongoing,,,220,0,,,,,,,2023-07-20,2026-08-19
"Ads - Punjab",6915640775197,Unknown,male,not_delivering,ad,0,11,0,"7-day click or 1-day view",,,0.22,,2026-04-27,Ongoing,,,20,0,,,,,,,2023-07-20,2026-08-19
"Ad set 1",6986709879597,25-34,unknown,active,ad,5,5,1,"7-day click or 1-day view",,,0.22,,2026-07-01,Ongoing,,,44,0,,,,,,,2023-07-20,2026-08-19
"Ads - Punjab – Online",6917755072997,18-24,unknown,not_delivering,ad,5,5,1,"7-day click or 1-day view",,,0.22,,2026-05-06,Ongoing,,,44,0,,,,,,,2023-07-20,2026-08-19
"New Engagement ad set",6834726579597,25-34,unknown,not_delivering,ad,0,1,0,"7-day click or 1-day view",,,0.21,,2025-09-07,Ongoing,,,210,0,,,,,,,2023-07-20,2026-08-19
"Ad set 1",6990852904797,Unknown,female,active,ad,24,24,1,"7-day click or 1-day view",,,0.21,,2026-07-01,Ongoing,,,8.75,0,,,,,,,2023-07-20,2026-08-19
"Ads - Punjab",6941440448197,35-44,unknown,not_delivering,ad,0,11,0,"7-day click or 1-day view",,,0.2,,2026-05-30,Ongoing,,,18.18181818,0,,,,,,,2023-07-20,2026-08-19
AMITY,6986108114197,Unknown,male,not_delivering,ad,0,1,0,"7-day click or 1-day view",,,0.2,,2026-07-31,Ongoing,,,200,0,,,,,,,2023-07-20,2026-08-19
"New Engagement ad set",6834727881197,25-34,unknown,not_delivering,ad,3,3,1,"7-day click or 1-day view",,,0.2,,2025-09-07,Ongoing,,,66.66666667,0,,,,,,,2023-07-20,2026-08-19
SET1,6805961615397,25-34,unknown,not_delivering,ad,4,5,1.25,"7-day click or 1-day view",,,0.2,,2025-05-13,Ongoing,,,40,0,,,,,,,2023-07-20,2026-08-19
"Ads - Punjab – Online",6917755073197,25-34,unknown,not_delivering,ad,0,14,0,"7-day click or 1-day view",,,0.2,,2026-05-06,Ongoing,,,14.28571429,0,,,,,,,2023-07-20,2026-08-19
"ad set 1",6881705351597,35-44,unknown,not_delivering,ad,0,8,0,"7-day click or 1-day view",,,0.2,,2026-01-31,Ongoing,,,25,0,,,,,,,2023-07-20,2026-08-19
SET1,6699102684197,35-44,female,not_delivering,ad,7,7,1,"7-day click or 1-day view",,,0.2,,2025-05-01,Ongoing,,,28.57142857,0,,,,,,,2023-07-20,2026-08-19
"Ad set 1",6959678385597,Unknown,female,not_delivering,ad,0,14,0,"7-day click or 1-day view",,,0.19,,2026-06-14,Ongoing,,,13.57142857,0,,,,,,,2023-07-20,2026-08-19
SET1,6675271324797,35-44,male,not_delivering,ad,3,3,1,"7-day click or 1-day view",,,0.19,,2025-04-17,Ongoing,,,63.33333333,0,,,,,,,2023-07-20,2026-08-19
"Ads - Punjab",6941440448597,35-44,unknown,not_delivering,ad,2,2,1,"7-day click or 1-day view",,,0.19,,2026-05-30,Ongoing,,,95,0,,,,,,,2023-07-20,2026-08-19
"New Engagement ad set - 1",6832548169597,55-64,female,not_delivering,ad,6,6,1,"7-day click or 1-day view",,,0.19,,2025-11-21,Ongoing,,,31.66666667,0,,,,,,,2023-07-20,2026-08-19
"Ads - HP+Jammu",6910463660997,35-44,unknown,not_delivering,ad,4,4,1,"7-day click or 1-day view",,,0.19,,2026-04-26,Ongoing,,,47.5,0,,,,,,,2023-07-20,2026-08-19
"Ad set 1",6953152264197,Unknown,female,not_delivering,ad,0,9,0,"7-day click or 1-day view",,,0.18,,2026-06-09,Ongoing,,,20,0,,,,,,,2023-07-20,2026-08-19
"ad set 1",6881705351597,25-34,unknown,not_delivering,ad,0,13,0,"7-day click or 1-day view",,,0.18,,2026-01-31,Ongoing,,,13.84615385,0,,,,,,,2023-07-20,2026-08-19
"Ad set 1",6976611088997,18-24,unknown,inactive,ad,6,6,1,"7-day click or 1-day view",,,0.18,,2026-07-01,Ongoing,,,30,0,,,,,,,2023-07-20,2026-08-19
SET1,6699075335397,25-34,unknown,not_delivering,ad,8,8,1,"7-day click or 1-day view",,,0.18,,2025-05-01,Ongoing,,,22.5,0,,,,,,,2023-07-20,2026-08-19
"New Engagement ad set - 1",6832539425597,25-34,unknown,not_delivering,ad,1,2,2,"7-day click or 1-day view",,,0.18,,2025-11-21,Ongoing,,,90,0,,,,,,,2023-07-20,2026-08-19
"New Engagement ad set",6685447204197,35-44,female,not_delivering,ad,3,3,1,"7-day click or 1-day view",,,0.18,,2025-04-26,Ongoing,,,60,0,,,,,,,2023-07-20,2026-08-19
LPU,6989431969397,25-34,unknown,not_delivering,ad,4,4,1,"7-day click or 1-day view",,,0.18,,2026-08-07,Ongoing,,,45,0,,,,,,,2023-07-20,2026-08-19
"Ad set 1",6959700316597,35-44,unknown,not_delivering,ad,5,5,1,"7-day click or 1-day view",,,0.18,,2026-06-14,Ongoing,,,36,0,,,,,,,2023-07-20,2026-08-19
"Ad set 1",6882906767797,35-44,female,not_delivering,ad,8,10,1.25,"7-day click or 1-day view",,,0.17,,2026-03-15,Ongoing,,,17,0,,,,,,,2023-07-20,2026-08-19
"ad set 1",6872930110397,25-34,unknown,inactive,ad,8,8,1,"7-day click or 1-day view",,,0.17,,2026-01-31,Ongoing,1,0.17,21.25,12.5,,,,,,,2023-07-20,2026-08-19
"New Engagement ad set - 1",6832548169597,55-64,unknown,not_delivering,ad,1,1,1,"7-day click or 1-day view",,,0.17,,2025-11-21,Ongoing,,,170,0,,,,,,,2023-07-20,2026-08-19
"New Engagement ad set",6612219196997,18-24,unknown,not_delivering,ad,4,4,1,"7-day click or 1-day view",,,0.17,,2025-02-16,Ongoing,,,42.5,0,,,,,,,2023-07-20,2026-08-19
SET1,6723531168597,18-24,unknown,inactive,ad,1,1,1,"7-day click or 1-day view",,,0.17,,2025-05-19,Ongoing,,,170,0,,,,,,,2023-07-20,2026-08-19
"Ad set",6887028625797,35-44,unknown,not_delivering,ad,2,2,1,"7-day click or 1-day view",,,0.16,,2026-03-22,Ongoing,,,80,0,,,,,,,2023-07-20,2026-08-19
"ad set 1",6988779224197,25-34,unknown,not_delivering,ad,8,8,1,"7-day click or 1-day view",,,0.16,,2026-08-05,Ongoing,,,20,0,,,,,,,2023-07-20,2026-08-19
"ad set 1",6857977080197,35-44,unknown,not_delivering,ad,0,1,0,"7-day click or 1-day view",,,0.16,,2026-01-23,Ongoing,,,160,0,,,,,,,2023-07-20,2026-08-19
"Ad set 1",6959700316597,18-24,unknown,not_delivering,ad,2,2,1,"7-day click or 1-day view",,,0.16,,2026-06-14,Ongoing,,,80,0,,,,,,,2023-07-20,2026-08-19
SET1,6723178659197,25-34,female,not_delivering,ad,2,2,1,"7-day click or 1-day view",,,0.15,,2025-05-19,Ongoing,,,75,0,,,,,,,2023-07-20,2026-08-19
SET1,6699359479597,25-34,unknown,not_delivering,ad,6,6,1,"7-day click or 1-day view",,,0.15,,2025-05-01,Ongoing,,,25,0,,,,,,,2023-07-20,2026-08-19
"ad set 1",6861113921397,45-54,unknown,inactive,ad,0,3,0,"7-day click or 1-day view",,,0.15,,2026-01-31,Ongoing,,,50,0,,,,,,,2023-07-20,2026-08-19
"Ads - City",6941448198397,Unknown,male,not_delivering,ad,0,7,0,"7-day click or 1-day view",,,0.15,,2026-05-30,Ongoing,,,21.42857143,0,,,,,,,2023-07-20,2026-08-19
SET1,6700709797997,25-34,unknown,inactive,ad,2,3,1.5,"7-day click or 1-day view",,,0.15,,2025-05-01,Ongoing,,,50,0,,,,,,,2023-07-20,2026-08-19
"Ads - HP+Jammu",6910460698197,25-34,unknown,not_delivering,ad,0,2,0,"7-day click or 1-day view",,,0.15,,2026-04-26,Ongoing,,,75,0,,,,,,,2023-07-20,2026-08-19
"ad set 1",6988772271397,25-34,male,not_delivering,ad,11,13,1.18181818,"7-day click or 1-day view",,,0.15,,2026-08-05,Ongoing,,,11.53846154,0,,,,,,,2023-07-20,2026-08-19
"Ad set 1",6959707332797,35-44,unknown,not_delivering,ad,4,5,1.25,"7-day click or 1-day view",,,0.15,,2026-06-14,Ongoing,,,30,0,,,,,,,2023-07-20,2026-08-19
"Ad set 1",6987226895797,35-44,unknown,not_delivering,ad,0,6,0,"7-day click or 1-day view",,,0.15,,2026-08-03,Ongoing,,,25,0,,,,,,,2023-07-20,2026-08-19
"New Engagement ad set",6715699674797,18-24,unknown,not_delivering,ad,10,10,1,"7-day click or 1-day view",,,0.15,,2025-05-01,Ongoing,,,15,0,,,,,,,2023-07-20,2026-08-19
"Post: ""Want to Study Overseas?""",6881723905597,25-34,unknown,not_delivering,ad,3,3,1,"7-day click or 1-day view",,,0.15,,2026-03-13,Ongoing,,,50,0,,,,,,,2023-07-20,2026-08-19
"Ad set 1",6976611089397,25-34,unknown,inactive,ad,4,7,1.75,"7-day click or 1-day view",,,0.14,,2026-07-01,Ongoing,,,20,0,,,,,,,2023-07-20,2026-08-19
LPU,6989431969997,18-24,unknown,not_delivering,ad,2,3,1.5,"7-day click or 1-day view",,,0.14,,2026-08-07,Ongoing,,,46.66666667,0,,,,,,,2023-07-20,2026-08-19
"Ad Online",6915913514997,25-34,unknown,not_delivering,ad,6,8,1.33333333,"7-day click or 1-day view",,,0.14,,2026-05-01,Ongoing,,,17.5,0,,,,,,,2023-07-20,2026-08-19
"Ad set 1",6959716531197,35-44,unknown,not_delivering,ad,0,8,0,"7-day click or 1-day view",,,0.14,,2026-06-14,Ongoing,,,17.5,0,,,,,,,2023-07-20,2026-08-19
"New Engagement ad set",6675810692397,18-24,unknown,not_delivering,ad,9,9,1,"7-day click or 1-day view",,,0.14,,2025-04-18,Ongoing,,,15.55555556,0,,,,,,,2023-07-20,2026-08-19
"Ad set 1",6987226896597,18-24,unknown,not_delivering,ad,1,1,1,"7-day click or 1-day view",,,0.14,,2026-08-03,Ongoing,,,140,0,,,,,,,2023-07-20,2026-08-19
SET1,6712664669597,25-34,unknown,not_delivering,ad,7,7,1,"7-day click or 1-day view",,,0.14,,2025-05-01,Ongoing,,,20,0,,,,,,,2023-07-20,2026-08-19
"New Engagement ad set - City",6830713058797,25-34,unknown,not_delivering,ad,0,3,0,"7-day click or 1-day view",,,0.14,,2025-11-18,Ongoing,,,46.66666667,0,,,,,,,2023-07-20,2026-08-19
"New Engagement ad set - 1",6832547839397,18-24,unknown,not_delivering,ad,2,2,1,"7-day click or 1-day view",,,0.14,,2025-11-21,Ongoing,,,70,0,,,,,,,2023-07-20,2026-08-19
LPU,6989431969397,18-24,unknown,not_delivering,ad,3,4,1.33333333,"7-day click or 1-day view",,,0.14,,2026-08-07,Ongoing,,,35,0,,,,,,,2023-07-20,2026-08-19
"Ad Online",6915920572797,25-34,unknown,not_delivering,ad,1,1,1,"7-day click or 1-day view",,,0.14,,2026-05-01,Ongoing,,,140,0,,,,,,,2023-07-20,2026-08-19
"Ads - Punjab – Online",6917755073397,18-24,unknown,not_delivering,ad,2,8,4,"7-day click or 1-day view",,,0.14,,2026-05-06,Ongoing,,,17.5,0,,,,,,,2023-07-20,2026-08-19
SET1,6724323110397,35-44,unknown,not_delivering,ad,0,5,0,"7-day click or 1-day view",,,0.13,,2025-05-20,Ongoing,,,26,0,,,,,,,2023-07-20,2026-08-19
LPU,6826134714397,25-34,female,not_delivering,ad,6,7,1.16666667,"7-day click or 1-day view",,,0.13,,2025-11-07,Ongoing,,,18.57142857,0,,,,,,,2023-07-20,2026-08-19
"Ad Online",6914899011797,25-34,unknown,inactive,ad,2,2,1,"7-day click or 1-day view",,,0.13,,2026-05-01,Ongoing,,,65,0,,,,,,,2023-07-20,2026-08-19
SET1,6723531169197,25-34,unknown,inactive,ad,2,2,1,"7-day click or 1-day view",,,0.13,,2025-05-19,Ongoing,,,65,0,,,,,,,2023-07-20,2026-08-19
"New Engagement ad set",6789161764997,35-44,unknown,not_delivering,ad,1,1,1,"7-day click or 1-day view",,,0.13,,2025-07-15,Ongoing,,,130,0,,,,,,,2023-07-20,2026-08-19
SET1,6668292481797,35-44,female,not_delivering,ad,5,6,1.2,"7-day click or 1-day view",,,0.13,,2025-04-09,Ongoing,,,21.66666667,0,,,,,,,2023-07-20,2026-08-19
SET1,6699099098397,35-44,male,not_delivering,ad,3,4,1.33333333,"7-day click or 1-day view",,,0.13,,2025-05-01,Ongoing,,,32.5,0,,,,,,,2023-07-20,2026-08-19
"Ad Online",6915643995197,18-24,unknown,not_delivering,ad,4,14,3.5,"7-day click or 1-day view",,,0.12,,2026-05-01,Ongoing,,,8.57142857,0,,,,,,,2023-07-20,2026-08-19
"ad set 1",6857978483197,45-54,unknown,not_delivering,ad,0,1,0,"7-day click or 1-day view",,,0.12,,2026-01-23,Ongoing,,,120,0,,,,,,,2023-07-20,2026-08-19
"Messages Ad: 🎓Admission Open for - Distance & Online Learning...",6703091319197,65+,female,not_delivering,ad,6,6,1,"7-day click or 1-day view",,,0.12,,2025-05-03,2025-05-07,,,20,0,,,,,,,2023-07-20,2026-08-19
"Ad set 1",6989198212397,Unknown,male,active,ad,0,6,0,"7-day click or 1-day view",,,0.12,,2026-07-01,Ongoing,,,20,0,,,,,,,2023-07-20,2026-08-19
SET1,6699087848997,35-44,female,not_delivering,ad,5,5,1,"7-day click or 1-day view",,,0.12,,2025-05-01,Ongoing,,,24,0,,,,,,,2023-07-20,2026-08-19
LPU,6826445864997,25-34,unknown,not_delivering,ad,1,2,2,"7-day click or 1-day view",,,0.12,,2025-11-08,Ongoing,,,60,0,,,,,,,2023-07-20,2026-08-19
"ad set 1",6857822967997,55-64,female,not_delivering,ad,2,2,1,"7-day click or 1-day view",,,0.12,,2026-01-23,Ongoing,,,60,0,,,,,,,2023-07-20,2026-08-19
"Ads - Punjab",6929198152397,35-44,unknown,not_delivering,ad,4,4,1,"7-day click or 1-day view",,,0.12,,2026-04-27,Ongoing,,,30,0,,,,,,,2023-07-20,2026-08-19
SET1,6668286970397,35-44,unknown,not_delivering,ad,0,7,0,"7-day click or 1-day view",,,0.12,,2025-04-09,Ongoing,,,17.14285714,0,,,,,,,2023-07-20,2026-08-19
SET1,6732747035197,25-34,unknown,archived,ad,1,3,3,"7-day click or 1-day view",,,0.12,,2025-05-13,Ongoing,,,40,0,,,,,,,2023-07-20,2026-08-19
"Ads - Punjab",6941440448197,Unknown,female,not_delivering,ad,0,5,0,"7-day click or 1-day view",,,0.12,,2026-05-30,Ongoing,,,24,0,,,,,,,2023-07-20,2026-08-19
"New Engagement ad set - 1",6832547839397,55-64,female,not_delivering,ad,5,7,1.4,"7-day click or 1-day view",,,0.12,,2025-11-21,Ongoing,,,17.14285714,0,,,,,,,2023-07-20,2026-08-19
"New Engagement ad set - 1",6832539425597,55-64,female,not_delivering,ad,4,5,1.25,"7-day click or 1-day view",,,0.11,,2025-11-21,Ongoing,,,22,0,,,,,,,2023-07-20,2026-08-19
"New Engagement ad set - 1",6832548169597,25-34,unknown,not_delivering,ad,3,3,1,"7-day click or 1-day view",,,0.11,,2025-11-21,Ongoing,,,36.66666667,0,,,,,,,2023-07-20,2026-08-19
SET1,6723191768797,35-44,male,not_delivering,ad,1,1,1,"7-day click or 1-day view",,,0.11,,2025-05-19,Ongoing,,,110,0,,,,,,,2023-07-20,2026-08-19
"ad set 1",6988779224197,35-44,unknown,not_delivering,ad,5,5,1,"7-day click or 1-day view",,,0.11,,2026-08-05,Ongoing,,,22,0,,,,,,,2023-07-20,2026-08-19
"Ads - City",6941448198397,Unknown,female,not_delivering,ad,6,6,1,"7-day click or 1-day view",,,0.11,,2026-05-30,Ongoing,,,18.33333333,0,,,,,,,2023-07-20,2026-08-19
"New Engagement ad set",6931637947997,Unknown,female,not_delivering,ad,0,1,0,"7-day click or 1-day view",,,0.11,,2026-05-20,Ongoing,,,110,0,,,,,,,2023-07-20,2026-08-19
"Ad set 1",6959707332797,18-24,unknown,not_delivering,ad,0,2,0,"7-day click or 1-day view",,,0.11,,2026-06-14,Ongoing,,,55,0,,,,,,,2023-07-20,2026-08-19
"New Engagement ad set",6685447204197,25-34,unknown,not_delivering,ad,2,2,1,"7-day click or 1-day view",,,0.11,,2025-04-26,Ongoing,,,55,50,,,,,,,2023-07-20,2026-08-19
"New Engagement ad set",6685447117797,35-44,female,not_delivering,ad,3,3,1,"7-day click or 1-day view",,,0.11,,2025-04-26,Ongoing,,,36.66666667,0,,,,,,,2023-07-20,2026-08-19
"ad set 1",6989195918997,18-24,unknown,not_delivering,ad,1,1,1,"7-day click or 1-day view",,,0.11,,2026-08-05,Ongoing,,,110,0,,,,,,,2023-07-20,2026-08-19
"ad set 1",6872930110397,35-44,unknown,inactive,ad,7,7,1,"7-day click or 1-day view",,,0.11,,2026-01-31,Ongoing,,,15.71428571,0,,,,,,,2023-07-20,2026-08-19
"Ad set",6887028625797,25-34,unknown,not_delivering,ad,2,2,1,"7-day click or 1-day view",,,0.11,,2026-03-22,Ongoing,,,55,0,,,,,,,2023-07-20,2026-08-19
"Ads - Punjab – Online",6917755073397,35-44,unknown,not_delivering,ad,2,3,1.5,"7-day click or 1-day view",,,0.11,,2026-05-06,Ongoing,,,36.66666667,0,,,,,,,2023-07-20,2026-08-19
LPU,6826444507997,18-24,male,not_delivering,ad,4,4,1,"7-day click or 1-day view",,,0.1,,2025-11-08,Ongoing,,,25,0,,,,,,,2023-07-20,2026-08-19
"New Engagement ad set",6675260378797,35-44,unknown,not_delivering,ad,0,7,0,"7-day click or 1-day view",,,0.1,,2025-03-29,Ongoing,,,14.28571429,0,,,,,,,2023-07-20,2026-08-19
"New Engagement ad set - 1",6832548474197,65+,female,not_delivering,ad,2,2,1,"7-day click or 1-day view",,,0.1,,2025-11-21,Ongoing,,,50,0,,,,,,,2023-07-20,2026-08-19
"New Engagement ad set - 1",6832548474197,55-64,female,not_delivering,ad,1,1,1,"7-day click or 1-day view",,,0.1,,2025-11-21,Ongoing,,,100,0,,,,,,,2023-07-20,2026-08-19
"Post: ""Want to Study Overseas?""",6881723905597,18-24,unknown,not_delivering,ad,2,2,1,"7-day click or 1-day view",,,0.1,,2026-03-13,Ongoing,,,50,0,,,,,,,2023-07-20,2026-08-19
"Ads - Punjab",6935496751997,18-24,unknown,inactive,ad,5,5,1,"7-day click or 1-day view",,,0.1,,2026-04-27,Ongoing,,,20,0,,,,,,,2023-07-20,2026-08-19
"Ad set 1",6953165576197,25-34,unknown,not_delivering,ad,2,2,1,"7-day click or 1-day view",,,0.1,,2026-06-09,Ongoing,,,50,0,,,,,,,2023-07-20,2026-08-19
"Ad Set 1",6915949742397,25-34,unknown,not_delivering,ad,3,3,1,"7-day click or 1-day view",,,0.1,,2026-05-03,Ongoing,,,33.33333333,0,,,,,,,2023-07-20,2026-08-19
"ad set 1",6872929829797,25-34,unknown,inactive,ad,2,7,3.5,"7-day click or 1-day view",,,0.1,,2026-01-31,Ongoing,,,14.28571429,0,,,,,,,2023-07-20,2026-08-19
"Ads - City",6941448198397,35-44,unknown,not_delivering,ad,8,8,1,"7-day click or 1-day view",,,0.09,,2026-05-30,Ongoing,,,11.25,0,,,,,,,2023-07-20,2026-08-19
"ad set 1",6988775707397,Unknown,male,not_delivering,ad,0,9,0,"7-day click or 1-day view",,,0.09,,2026-08-05,Ongoing,,,10,0,,,,,,,2023-07-20,2026-08-19
"ad set 1",6861112894797,35-44,unknown,not_delivering,ad,6,6,1,"7-day click or 1-day view",,,0.09,,2026-01-31,Ongoing,,,15,0,,,,,,,2023-07-20,2026-08-19
"Ad set 1",6953162565597,18-24,unknown,not_delivering,ad,2,3,1.5,"7-day click or 1-day view",,,0.09,,2026-06-09,Ongoing,,,30,0,,,,,,,2023-07-20,2026-08-19
"ad set 1",6858002122997,65+,unknown,not_delivering,ad,0,3,0,"7-day click or 1-day view",,,0.09,,2026-01-23,Ongoing,,,30,0,,,,,,,2023-07-20,2026-08-19
"Ad set 1",6981899481397,Unknown,male,active,ad,0,8,0,"7-day click or 1-day view",,,0.09,,2026-07-01,Ongoing,,,11.25,0,,,,,,,2023-07-20,2026-08-19
"New Set",6703425364397,35-44,female,not_delivering,ad,3,5,1.66666667,"7-day click or 1-day view",,,0.09,,2025-05-03,Ongoing,,,18,0,,,,,,,2023-07-20,2026-08-19
"Ad set 1",6953165576197,35-44,unknown,not_delivering,ad,0,1,0,"7-day click or 1-day view",,,0.09,,2026-06-09,Ongoing,,,90,0,,,,,,,2023-07-20,2026-08-19
"ad set 1",6989195918997,25-34,unknown,not_delivering,ad,1,1,1,"7-day click or 1-day view",,,0.09,,2026-08-05,Ongoing,,,90,0,,,,,,,2023-07-20,2026-08-19
"ad set 1",6857822967997,45-54,female,not_delivering,ad,2,2,1,"7-day click or 1-day view",,,0.09,,2026-01-23,Ongoing,,,45,0,,,,,,,2023-07-20,2026-08-19
"New Engagement ad set",6612224241597,25-34,unknown,not_delivering,ad,1,2,2,"7-day click or 1-day view",,,0.09,,2025-02-16,Ongoing,,,45,0,,,,,,,2023-07-20,2026-08-19
"New Engagement ad set",6612224241597,18-24,unknown,not_delivering,ad,1,1,1,"7-day click or 1-day view",,,0.09,,2025-02-16,Ongoing,,,90,0,,,,,,,2023-07-20,2026-08-19
"New Traffic ad set",6671471422397,18-24,female,not_delivering,ad,16,16,1,"7-day click or 1-day view",,,0.09,,2025-03-29,Ongoing,,,5.625,0,,,,,,,2023-07-20,2026-08-19
"New Engagement ad set",6612223448397,35-44,unknown,not_delivering,ad,0,3,0,"7-day click or 1-day view",,,0.09,,2025-02-16,Ongoing,,,30,0,,,,,,,2023-07-20,2026-08-19
"Messages Ad: 🎓Admission Open for - Distance & Online Learning...",6703091319197,55-64,male,not_delivering,ad,2,4,2,"7-day click or 1-day view",,,0.09,,2025-05-03,2025-05-07,,,22.5,0,,,,,,,2023-07-20,2026-08-19
"New Traffic ad set",6671471422397,25-34,female,not_delivering,ad,15,15,1,"7-day click or 1-day view",,,0.08,,2025-03-29,Ongoing,,,5.33333333,0,,,,,,,2023-07-20,2026-08-19
"Ads - Punjab – Online",6917755073197,35-44,unknown,not_delivering,ad,2,2,1,"7-day click or 1-day view",,,0.08,,2026-05-06,Ongoing,,,40,0,,,,,,,2023-07-20,2026-08-19
SET1,6734947246397,35-44,unknown,not_delivering,ad,1,1,1,"7-day click or 1-day view",,,0.08,,2025-05-19,Ongoing,,,80,0,,,,,,,2023-07-20,2026-08-19
"Tailored messages campaign 06/05/2025 Ad set",6710313106197,18-24,unknown,not_delivering,ad,6,10,1.66666667,"7-day click or 1-day view",,,0.08,,2025-05-06,Ongoing,,,8,0,,,,,,,2023-07-20,2026-08-19
"New Engagement ad set - 1",6832548474197,18-24,unknown,not_delivering,ad,1,1,1,"7-day click or 1-day view",,,0.08,,2025-11-21,Ongoing,,,80,0,,,,,,,2023-07-20,2026-08-19
AMITY,6986105760397,Unknown,female,not_delivering,ad,1,1,1,"7-day click or 1-day view",,,0.08,,2026-07-31,Ongoing,,,80,0,,,,,,,2023-07-20,2026-08-19
"Ad set",6924474197197,18-24,unknown,not_delivering,ad,4,4,1,"7-day click or 1-day view",,,0.08,,2026-05-13,Ongoing,,,20,0,,,,,,,2023-07-20,2026-08-19
"Ads - Punjab – Online",6920851258197,35-44,unknown,not_delivering,ad,0,3,0,"7-day click or 1-day view",,,0.08,,2026-05-06,Ongoing,,,26.66666667,0,,,,,,,2023-07-20,2026-08-19
"New Engagement ad set",6834713224997,18-24,unknown,not_delivering,ad,3,4,1.33333333,"7-day click or 1-day view",,,0.08,,2025-09-07,Ongoing,,,20,0,,,,,,,2023-07-20,2026-08-19
"Ad set 1",6953152264197,Unknown,male,not_delivering,ad,0,6,0,"7-day click or 1-day view",,,0.08,,2026-06-09,Ongoing,,,13.33333333,0,,,,,,,2023-07-20,2026-08-19
SET1,6723531168597,25-34,unknown,inactive,ad,2,2,1,"7-day click or 1-day view",,,0.08,,2025-05-19,Ongoing,,,40,0,,,,,,,2023-07-20,2026-08-19
"Ad set 1",6979196949597,18-24,male,not_delivering,ad,1,1,1,"7-day click or 1-day view",,,0.08,,2026-07-08,Ongoing,,,80,0,,,,,,,2023-07-20,2026-08-19
SET1,6723191440197,35-44,female,not_delivering,ad,4,4,1,"7-day click or 1-day view",,,0.08,,2025-05-19,Ongoing,,,20,0,,,,,,,2023-07-20,2026-08-19
AMITY,6826151280997,25-34,male,not_delivering,ad,1,2,2,"7-day click or 1-day view",,,0.07,,2025-11-07,Ongoing,,,35,0,,,,,,,2023-07-20,2026-08-19
"Ad set 1",6979196949597,35-44,male,not_delivering,ad,1,1,1,"7-day click or 1-day view",,,0.07,,2026-07-08,Ongoing,,,70,0,,,,,,,2023-07-20,2026-08-19
SET1,6675265142397,18-24,unknown,not_delivering,ad,2,2,1,"7-day click or 1-day view",,,0.07,,2025-04-17,Ongoing,,,35,0,,,,,,,2023-07-20,2026-08-19
"ad set 1",6988772271397,35-44,female,not_delivering,ad,2,2,1,"7-day click or 1-day view",,,0.07,,2026-08-05,Ongoing,,,35,0,,,,,,,2023-07-20,2026-08-19
"Ads - Punjab",6941440448797,18-24,unknown,not_delivering,ad,4,7,1.75,"7-day click or 1-day view",,,0.07,,2026-05-30,Ongoing,,,10,0,,,,,,,2023-07-20,2026-08-19
AMITY,6986108114197,25-34,unknown,not_delivering,ad,0,5,0,"7-day click or 1-day view",,,0.07,,2026-07-31,Ongoing,,,14,0,,,,,,,2023-07-20,2026-08-19
"ad set 1",6857822967997,18-24,unknown,not_delivering,ad,2,2,1,"7-day click or 1-day view",,,0.07,,2026-01-23,Ongoing,,,35,0,,,,,,,2023-07-20,2026-08-19
"New Engagement ad set",6612226281997,18-24,unknown,not_delivering,ad,1,1,1,"7-day click or 1-day view",,,0.07,,2025-02-16,Ongoing,,,70,0,,,,,,,2023-07-20,2026-08-19
"MMU MBA",6673302606997,45-54,unknown,not_delivering,ad,4,4,1,"7-day click or 1-day view",,,0.07,,2025-04-14,Ongoing,,,17.5,0,,,,,,,2023-07-20,2026-08-19
AMITY,6986086788797,35-44,unknown,not_delivering,ad,0,1,0,"7-day click or 1-day view",,,0.07,,2026-07-31,Ongoing,,,70,0,,,,,,,2023-07-20,2026-08-19
"New Engagement ad set",6642089283997,35-44,unknown,not_delivering,ad,0,5,0,"7-day click or 1-day view",,,0.07,,2025-03-29,Ongoing,,,14,0,,,,,,,2023-07-20,2026-08-19
"Ads - City",6941448197797,18-24,unknown,not_delivering,ad,3,3,1,"7-day click or 1-day view",,,0.07,,2026-05-30,Ongoing,,,23.33333333,0,,,,,,,2023-07-20,2026-08-19
"Ad set 1",6977309658397,18-24,unknown,inactive,ad,3,3,1,"7-day click or 1-day view",,,0.07,,2026-07-01,Ongoing,,,23.33333333,0,,,,,,,2023-07-20,2026-08-19
"Ads - Punjab",6911093707997,35-44,unknown,inactive,ad,0,1,0,"7-day click or 1-day view",,,0.07,,2026-04-27,Ongoing,,,70,0,,,,,,,2023-07-20,2026-08-19
LPU,6986170907997,18-24,unknown,not_delivering,ad,8,12,1.5,"7-day click or 1-day view",,,0.07,,2026-07-31,Ongoing,,,5.83333333,0,,,,,,,2023-07-20,2026-08-19
LPU,6989431969997,25-34,unknown,not_delivering,ad,0,1,0,"7-day click or 1-day view",,,0.07,,2026-08-07,Ongoing,,,70,0,,,,,,,2023-07-20,2026-08-19
"New Engagement ad set",6834713224997,25-34,unknown,not_delivering,ad,1,1,1,"7-day click or 1-day view",,,0.06,,2025-09-07,Ongoing,,,60,0,,,,,,,2023-07-20,2026-08-19
"ad set 1",6861113921397,35-44,unknown,inactive,ad,3,3,1,"7-day click or 1-day view",,,0.06,,2026-01-31,Ongoing,,,20,0,,,,,,,2023-07-20,2026-08-19
SET1,6699073695797,35-44,male,not_delivering,ad,2,2,1,"7-day click or 1-day view",,,0.06,,2025-05-01,Ongoing,,,30,0,,,,,,,2023-07-20,2026-08-19
"Ads - Punjab",6941440448597,18-24,unknown,not_delivering,ad,3,3,1,"7-day click or 1-day view",,,0.06,,2026-05-30,Ongoing,,,20,0,,,,,,,2023-07-20,2026-08-19
"New Engagement ad set - 1",6832547839397,65+,female,not_delivering,ad,2,2,1,"7-day click or 1-day view",,,0.06,,2025-11-21,Ongoing,,,30,0,,,,,,,2023-07-20,2026-08-19
SET1,6723191768797,35-44,female,not_delivering,ad,1,2,2,"7-day click or 1-day view",,,0.06,,2025-05-19,Ongoing,,,30,0,,,,,,,2023-07-20,2026-08-19
"ad set 1",6861084796397,25-34,unknown,inactive,ad,2,3,1.5,"7-day click or 1-day view",,,0.06,,2026-01-31,Ongoing,,,20,0,,,,,,,2023-07-20,2026-08-19
"ad set 1",6858002122997,55-64,unknown,not_delivering,ad,0,1,0,"7-day click or 1-day view",,,0.06,,2026-01-23,Ongoing,,,60,0,,,,,,,2023-07-20,2026-08-19
"Ad set 1",6953162565597,25-34,unknown,not_delivering,ad,5,5,1,"7-day click or 1-day view",,,0.06,,2026-06-09,Ongoing,,,12,0,,,,,,,2023-07-20,2026-08-19
"Ad Set 1",6915936952997,25-34,unknown,not_delivering,ad,1,1,1,"7-day click or 1-day view",,,0.06,,2026-05-03,Ongoing,,,60,0,,,,,,,2023-07-20,2026-08-19
"Ad Set 1",6915941077397,18-24,unknown,not_delivering,ad,1,1,1,"7-day click or 1-day view",,,0.06,,2026-05-03,Ongoing,,,60,100,,,,,,,2023-07-20,2026-08-19
"Messages Ad: 🎓Admission Open for - Distance & Online Learning...",6703091319197,18-24,unknown,not_delivering,ad,4,7,1.75,"7-day click or 1-day view",,,0.06,,2025-05-03,2025-05-07,,,8.57142857,0,,,,,,,2023-07-20,2026-08-19
"New Engagement ad set",6675811563797,35-44,male,inactive,ad,2,2,1,"7-day click or 1-day view",,,0.06,,2025-04-18,Ongoing,,,30,0,,,,,,,2023-07-20,2026-08-19
LPU,6986170907997,Unknown,female,not_delivering,ad,0,2,0,"7-day click or 1-day view",,,0.05,,2026-07-31,Ongoing,,,25,0,,,,,,,2023-07-20,2026-08-19
LPU,6826139277597,18-24,male,not_delivering,ad,3,3,1,"7-day click or 1-day view",,,0.05,,2025-11-07,Ongoing,,,16.66666667,0,,,,,,,2023-07-20,2026-08-19
"Ad set 1",6976611089397,18-24,unknown,inactive,ad,4,6,1.5,"7-day click or 1-day view",,,0.05,,2026-07-01,Ongoing,,,8.33333333,0,,,,,,,2023-07-20,2026-08-19
"Messages Ad: 🎓Admission Open for - Distance & Online Learning...",6703091319197,65+,male,not_delivering,ad,2,3,1.5,"7-day click or 1-day view",,,0.05,,2025-05-03,2025-05-07,,,16.66666667,0,,,,,,,2023-07-20,2026-08-19
"New Engagement ad set - 1",6832548169597,65+,female,not_delivering,ad,3,3,1,"7-day click or 1-day view",,,0.05,,2025-11-21,Ongoing,,,16.66666667,0,,,,,,,2023-07-20,2026-08-19
"ad set 1",6988775707397,Unknown,female,not_delivering,ad,0,5,0,"7-day click or 1-day view",,,0.05,,2026-08-05,Ongoing,,,10,0,,,,,,,2023-07-20,2026-08-19
"New Engagement ad set",6612225768597,18-24,unknown,not_delivering,ad,1,1,1,"7-day click or 1-day view",,,0.05,,2025-02-16,Ongoing,,,50,0,,,,,,,2023-07-20,2026-08-19
"New Engagement ad set",6675810692397,25-34,unknown,not_delivering,ad,4,7,1.75,"7-day click or 1-day view",,,0.05,,2025-04-18,Ongoing,,,7.14285714,0,,,,,,,2023-07-20,2026-08-19
"Post: ""Want to Study Overseas?""",6881723905597,35-44,unknown,not_delivering,ad,1,1,1,"7-day click or 1-day view",,,0.05,,2026-03-13,Ongoing,,,50,0,,,,,,,2023-07-20,2026-08-19
"Ad set 1",6953168678397,25-34,unknown,not_delivering,ad,2,2,1,"7-day click or 1-day view",,,0.05,,2026-06-09,Ongoing,,,25,0,,,,,,,2023-07-20,2026-08-19
"Ad set 1",6979196949597,18-24,female,not_delivering,ad,2,2,1,"7-day click or 1-day view",,,0.05,,2026-07-08,Ongoing,,,25,0,,,,,,,2023-07-20,2026-08-19
"New Engagement ad set",6789161764997,18-24,unknown,not_delivering,ad,3,4,1.33333333,"7-day click or 1-day view",,,0.05,,2025-07-15,Ongoing,,,12.5,0,,,,,,,2023-07-20,2026-08-19
"New Engagement ad set",6699157892597,55-64,unknown,not_delivering,ad,0,3,0,"7-day click or 1-day view",,,0.05,,2025-05-01,Ongoing,,,16.66666667,0,,,,,,,2023-07-20,2026-08-19
SET1,6668292481797,18-24,unknown,not_delivering,ad,2,2,1,"7-day click or 1-day view",,,0.05,,2025-04-09,Ongoing,1,0.05,25,50,,,,,,,2023-07-20,2026-08-19
"Ads - Punjab",6915640775197,Unknown,female,not_delivering,ad,0,4,0,"7-day click or 1-day view",,,0.05,,2026-04-27,Ongoing,,,12.5,0,,,,,,,2023-07-20,2026-08-19
"ad set 1",6988775509197,35-44,unknown,not_delivering,ad,1,2,2,"7-day click or 1-day view",,,0.05,,2026-08-05,Ongoing,,,25,0,,,,,,,2023-07-20,2026-08-19
"Ad set 1",6979195967797,35-44,female,not_delivering,ad,3,3,1,"7-day click or 1-day view",,,0.05,,2026-07-08,Ongoing,,,16.66666667,0,,,,,,,2023-07-20,2026-08-19
SET1,6723191440197,25-34,unknown,not_delivering,ad,2,2,1,"7-day click or 1-day view",,,0.04,,2025-05-19,Ongoing,,,20,0,,,,,,,2023-07-20,2026-08-19
"Ad set 1",6979195968597,25-34,male,not_delivering,ad,3,3,1,"7-day click or 1-day view",,,0.04,,2026-07-08,Ongoing,,,13.33333333,0,,,,,,,2023-07-20,2026-08-19
"New Engagement ad set - 1",6833677863397,55-64,unknown,not_delivering,ad,1,1,1,"7-day click or 1-day view",,,0.04,,2025-11-21,Ongoing,,,40,0,,,,,,,2023-07-20,2026-08-19
AMITY,6826151280997,18-24,male,not_delivering,ad,2,2,1,"7-day click or 1-day view",,,0.04,,2025-11-07,Ongoing,,,20,0,,,,,,,2023-07-20,2026-08-19
"New Engagement ad set",6612219196997,25-34,unknown,not_delivering,ad,0,1,0,"7-day click or 1-day view",,,0.04,,2025-02-16,Ongoing,,,40,0,,,,,,,2023-07-20,2026-08-19
"ad set 1",6872929829797,35-44,unknown,inactive,ad,0,1,0,"7-day click or 1-day view",,,0.04,,2026-01-31,Ongoing,,,40,0,,,,,,,2023-07-20,2026-08-19
LPU,6826134714397,35-44,female,not_delivering,ad,2,2,1,"7-day click or 1-day view",,,0.04,,2025-11-07,Ongoing,,,20,0,,,,,,,2023-07-20,2026-08-19
"New Engagement ad set",6612226281997,25-34,unknown,not_delivering,ad,1,1,1,"7-day click or 1-day view",,,0.04,,2025-02-16,Ongoing,,,40,0,,,,,,,2023-07-20,2026-08-19
"New Engagement ad set",6790435815797,25-34,unknown,not_delivering,ad,4,4,1,"7-day click or 1-day view",,,0.04,,2025-07-15,Ongoing,,,10,0,,,,,,,2023-07-20,2026-08-19
"Ad set",6924458397797,25-34,unknown,not_delivering,ad,4,4,1,"7-day click or 1-day view",,,0.04,,2026-05-13,Ongoing,,,10,0,,,,,,,2023-07-20,2026-08-19
"ad set 1",6857822967997,65+,male,not_delivering,ad,2,2,1,"7-day click or 1-day view",,,0.04,,2026-01-23,Ongoing,,,20,0,,,,,,,2023-07-20,2026-08-19
AMITY,6986105760397,35-44,unknown,not_delivering,ad,1,1,1,"7-day click or 1-day view",,,0.04,,2026-07-31,Ongoing,,,40,0,,,,,,,2023-07-20,2026-08-19
"New Engagement ad set",6834727221197,25-34,unknown,not_delivering,ad,0,1,0,"7-day click or 1-day view",,,0.04,,2025-09-07,Ongoing,,,40,0,,,,,,,2023-07-20,2026-08-19
"Messages Ad: 🎓Admission Open for - Distance & Online Learning...",6703091319197,55-64,female,not_delivering,ad,4,4,1,"7-day click or 1-day view",,,0.04,,2025-05-03,2025-05-07,,,10,0,,,,,,,2023-07-20,2026-08-19
LPU,6989431969997,35-44,unknown,not_delivering,ad,3,3,1,"7-day click or 1-day view",,,0.04,,2026-08-07,Ongoing,,,13.33333333,0,,,,,,,2023-07-20,2026-08-19
"Ad set 1",6882908661197,35-44,unknown,not_delivering,ad,3,3,1,"7-day click or 1-day view",,,0.04,,2026-03-15,Ongoing,,,13.33333333,0,,,,,,,2023-07-20,2026-08-19
"New Engagement ad set",6810171527597,65+,unknown,not_delivering,ad,0,2,0,"7-day click or 1-day view",,,0.04,,2025-09-07,Ongoing,,,20,0,,,,,,,2023-07-20,2026-08-19
"Ads - Punjab",6941440448797,35-44,unknown,not_delivering,ad,0,1,0,"7-day click or 1-day view",,,0.04,,2026-05-30,Ongoing,,,40,0,,,,,,,2023-07-20,2026-08-19
"Ad set 1",6976611089397,Unknown,male,inactive,ad,0,1,0,"7-day click or 1-day view",,,0.04,,2026-07-01,Ongoing,,,40,0,,,,,,,2023-07-20,2026-08-19
SET1,6668282296197,35-44,unknown,not_delivering,ad,2,2,1,"7-day click or 1-day view",,,0.04,,2025-04-09,Ongoing,,,20,0,,,,,,,2023-07-20,2026-08-19
"ad set 1",6858002122997,Unknown,male,not_delivering,ad,0,2,0,"7-day click or 1-day view",,,0.04,,2026-01-23,Ongoing,,,20,0,,,,,,,2023-07-20,2026-08-19
"New Engagement ad set",6768967611597,35-44,unknown,not_delivering,ad,0,1,0,"7-day click or 1-day view",,,0.03,,2025-07-15,Ongoing,,,30,0,,,,,,,2023-07-20,2026-08-19
"Ad Online",6915913514997,18-24,unknown,not_delivering,ad,2,2,1,"7-day click or 1-day view",,,0.03,,2026-05-01,Ongoing,,,15,0,,,,,,,2023-07-20,2026-08-19
"Ads - Punjab",6941440448197,Unknown,male,not_delivering,ad,0,6,0,"7-day click or 1-day view",,,0.03,,2026-05-30,Ongoing,,,5,0,,,,,,,2023-07-20,2026-08-19
SET1,6699102684197,18-24,unknown,not_delivering,ad,1,1,1,"7-day click or 1-day view",,,0.03,,2025-05-01,Ongoing,,,30,0,,,,,,,2023-07-20,2026-08-19
SET1,6675265142397,25-34,unknown,not_delivering,ad,1,1,1,"7-day click or 1-day view",,,0.03,,2025-04-17,Ongoing,,,30,0,,,,,,,2023-07-20,2026-08-19
SET1,6699073695797,35-44,female,not_delivering,ad,1,1,1,"7-day click or 1-day view",,,0.03,,2025-05-01,Ongoing,,,30,0,,,,,,,2023-07-20,2026-08-19
SET1,6699045415197,18-24,unknown,not_delivering,ad,2,2,1,"7-day click or 1-day view",,,0.03,,2025-05-01,Ongoing,,,15,0,,,,,,,2023-07-20,2026-08-19
"ad set 1",6857977080197,18-24,unknown,not_delivering,ad,2,2,1,"7-day click or 1-day view",,,0.03,,2026-01-23,Ongoing,,,15,0,,,,,,,2023-07-20,2026-08-19
"Ad set 1",6977309658397,Unknown,female,inactive,ad,1,1,1,"7-day click or 1-day view",,,0.03,,2026-07-01,Ongoing,,,30,0,,,,,,,2023-07-20,2026-08-19
"Ad set 1",6882906767797,18-24,unknown,not_delivering,ad,1,1,1,"7-day click or 1-day view",,,0.03,,2026-03-15,Ongoing,,,30,0,,,,,,,2023-07-20,2026-08-19
"Ad set 1",6986709879597,18-24,unknown,active,ad,0,5,0,"7-day click or 1-day view",,,0.03,,2026-07-01,Ongoing,,,6,0,,,,,,,2023-07-20,2026-08-19
"Ad set 1",6981899481397,Unknown,female,active,ad,0,2,0,"7-day click or 1-day view",,,0.03,,2026-07-01,Ongoing,,,15,0,,,,,,,2023-07-20,2026-08-19
"ad set 1",6881705351597,45-54,unknown,not_delivering,ad,0,1,0,"7-day click or 1-day view",,,0.03,,2026-01-31,Ongoing,,,30,0,,,,,,,2023-07-20,2026-08-19
SET1,6699102684197,25-34,unknown,not_delivering,ad,1,1,1,"7-day click or 1-day view",,,0.03,,2025-05-01,Ongoing,,,30,0,,,,,,,2023-07-20,2026-08-19
SET1,6732744864597,35-44,unknown,not_delivering,ad,0,1,0,"7-day click or 1-day view",,,0.03,,2025-05-20,Ongoing,,,30,0,,,,,,,2023-07-20,2026-08-19
"New Traffic ad set",6671471422397,35-44,male,not_delivering,ad,4,4,1,"7-day click or 1-day view",,,0.03,,2025-03-29,Ongoing,,,7.5,0,,,,,,,2023-07-20,2026-08-19
LPU,6989431969797,35-44,unknown,not_delivering,ad,0,1,0,"7-day click or 1-day view",,,0.03,,2026-08-07,Ongoing,,,30,0,,,,,,,2023-07-20,2026-08-19
"Ad set 1",6979195968397,25-34,unknown,not_delivering,ad,1,1,1,"7-day click or 1-day view",,,0.03,,2026-07-08,Ongoing,,,30,0,,,,,,,2023-07-20,2026-08-19
"Ad set 1",6979198206797,18-24,male,not_delivering,ad,1,1,1,"7-day click or 1-day view",,,0.03,,2026-07-08,Ongoing,,,30,0,,,,,,,2023-07-20,2026-08-19
"ad set 1",6857822967997,55-64,male,not_delivering,ad,1,1,1,"7-day click or 1-day view",,,0.02,,2026-01-23,Ongoing,,,20,0,,,,,,,2023-07-20,2026-08-19
"Messages Ad: 🎓Admission Open for - Distance & Online Learning...",6703091319197,25-34,unknown,not_delivering,ad,2,3,1.5,"7-day click or 1-day view",,,0.02,,2025-05-03,2025-05-07,,,6.66666667,0,,,,,,,2023-07-20,2026-08-19
"ad set 1",6872929385597,65+,female,inactive,ad,2,2,1,"7-day click or 1-day view",,,0.02,,2026-01-31,Ongoing,,,10,0,,,,,,,2023-07-20,2026-08-19
LPU,6826444507997,25-34,male,not_delivering,ad,3,3,1,"7-day click or 1-day view",,,0.02,,2025-11-08,Ongoing,,,6.66666667,0,,,,,,,2023-07-20,2026-08-19
"New Engagement ad set",6834713224997,35-44,unknown,not_delivering,ad,1,1,1,"7-day click or 1-day view",,,0.02,,2025-09-07,Ongoing,,,20,0,,,,,,,2023-07-20,2026-08-19
SET1,6732747035197,18-24,unknown,archived,ad,1,2,2,"7-day click or 1-day view",,,0.02,,2025-05-13,Ongoing,,,10,0,,,,,,,2023-07-20,2026-08-19
"ad set 1",6861112894797,55-64,unknown,not_delivering,ad,0,1,0,"7-day click or 1-day view",,,0.02,,2026-01-31,Ongoing,,,20,0,,,,,,,2023-07-20,2026-08-19
LPU,6989431969797,Unknown,male,not_delivering,ad,1,1,1,"7-day click or 1-day view",,,0.02,,2026-08-07,Ongoing,,,20,0,,,,,,,2023-07-20,2026-08-19
"Ads - Punjab – Online",6917755073397,25-34,unknown,not_delivering,ad,2,3,1.5,"7-day click or 1-day view",,,0.02,,2026-05-06,Ongoing,,,6.66666667,0,,,,,,,2023-07-20,2026-08-19
"ad set 1",6861113921397,25-34,unknown,inactive,ad,0,1,0,"7-day click or 1-day view",,,0.02,,2026-01-31,Ongoing,,,20,0,,,,,,,2023-07-20,2026-08-19
"Ad set 1",6979195968597,18-24,female,not_delivering,ad,2,2,1,"7-day click or 1-day view",,,0.02,,2026-07-08,Ongoing,,,10,0,,,,,,,2023-07-20,2026-08-19
"Ad set 1",6979195968597,35-44,male,not_delivering,ad,1,1,1,"7-day click or 1-day view",,,0.02,,2026-07-08,Ongoing,,,20,0,,,,,,,2023-07-20,2026-08-19
AMITY,6826150797797,25-34,male,not_delivering,ad,1,1,1,"7-day click or 1-day view",,,0.02,,2025-11-07,Ongoing,,,20,0,,,,,,,2023-07-20,2026-08-19
"Ads - HP+Jammu",6910462870797,18-24,unknown,not_delivering,ad,3,3,1,"7-day click or 1-day view",,,0.02,,2026-04-26,Ongoing,,,6.66666667,0,,,,,,,2023-07-20,2026-08-19
"New Engagement ad set",6675807606197,35-44,unknown,not_delivering,ad,2,2,1,"7-day click or 1-day view",,,0.02,,2025-04-18,Ongoing,,,10,0,,,,,,,2023-07-20,2026-08-19
"New Engagement ad set - City",6830713058797,18-24,unknown,not_delivering,ad,0,2,0,"7-day click or 1-day view",,,0.02,,2025-11-18,Ongoing,,,10,0,,,,,,,2023-07-20,2026-08-19
SET1,6675264991797,18-24,unknown,not_delivering,ad,1,1,1,"7-day click or 1-day view",,,0.02,,2025-04-17,Ongoing,,,20,0,,,,,,,2023-07-20,2026-08-19
"Ad Online",6915643995197,25-34,unknown,not_delivering,ad,0,1,0,"7-day click or 1-day view",,,0.02,,2026-05-01,Ongoing,,,20,0,,,,,,,2023-07-20,2026-08-19
"Ads - HP+Jammu",6910462158797,18-24,unknown,not_delivering,ad,2,3,1.5,"7-day click or 1-day view",,,0.02,,2026-04-26,Ongoing,,,6.66666667,0,,,,,,,2023-07-20,2026-08-19
"Ad set",6887030430597,Unknown,male,not_delivering,ad,1,1,1,"7-day click or 1-day view",,,0.02,,2026-03-22,Ongoing,,,20,0,,,,,,,2023-07-20,2026-08-19
"Ads - City",6941573216797,25-34,unknown,inactive,ad,2,2,1,"7-day click or 1-day view",,,0.02,,2026-05-30,Ongoing,,,10,0,,,,,,,2023-07-20,2026-08-19
"ad set 1",6857978483197,Unknown,male,not_delivering,ad,0,1,0,"7-day click or 1-day view",,,0.02,,2026-01-23,Ongoing,,,20,0,,,,,,,2023-07-20,2026-08-19
"New Engagement ad set",6805961224197,65+,unknown,not_delivering,ad,0,1,0,"7-day click or 1-day view",,,0.02,,2025-09-07,Ongoing,,,20,0,,,,,,,2023-07-20,2026-08-19
"Ad set 1",6976611088997,Unknown,female,inactive,ad,0,2,0,"7-day click or 1-day view",,,0.02,,2026-07-01,Ongoing,,,10,0,,,,,,,2023-07-20,2026-08-19
"ad set 1",6872929829797,45-54,unknown,inactive,ad,1,1,1,"7-day click or 1-day view",,,0.02,,2026-01-31,Ongoing,,,20,0,,,,,,,2023-07-20,2026-08-19
"Ad set 1",6953162565597,Unknown,female,not_delivering,ad,0,1,0,"7-day click or 1-day view",,,0.02,,2026-06-09,Ongoing,,,20,0,,,,,,,2023-07-20,2026-08-19
"Ads - City",6941448197797,25-34,unknown,not_delivering,ad,3,3,1,"7-day click or 1-day view",,,0.02,,2026-05-30,Ongoing,,,6.66666667,0,,,,,,,2023-07-20,2026-08-19
"ad set 1",6857977080197,25-34,unknown,not_delivering,ad,0,1,0,"7-day click or 1-day view",,,0.02,,2026-01-23,Ongoing,,,20,0,,,,,,,2023-07-20,2026-08-19
"New Engagement ad set - 1",6832548474197,35-44,unknown,not_delivering,ad,1,1,1,"7-day click or 1-day view",,,0.02,,2025-11-21,Ongoing,,,20,0,,,,,,,2023-07-20,2026-08-19
"Ad set 1",6977308709597,Unknown,male,inactive,ad,1,1,1,"7-day click or 1-day view",,,0.02,,2026-07-01,Ongoing,,,20,0,,,,,,,2023-07-20,2026-08-19
AMITY,6826139764197,25-34,male,not_delivering,ad,1,1,1,"7-day click or 1-day view",,,0.01,,2025-11-07,Ongoing,,,10,0,,,,,,,2023-07-20,2026-08-19
"Ad set 1",6979195968397,18-24,unknown,not_delivering,ad,1,1,1,"7-day click or 1-day view",,,0.01,,2026-07-08,Ongoing,,,10,0,,,,,,,2023-07-20,2026-08-19
LPU,6826139277597,35-44,male,not_delivering,ad,1,1,1,"7-day click or 1-day view",,,0.01,,2025-11-07,Ongoing,,,10,0,,,,,,,2023-07-20,2026-08-19
"Ad set 1",6882908081197,Unknown,female,not_delivering,ad,0,1,0,"7-day click or 1-day view",,,0.01,,2026-03-15,Ongoing,,,10,0,,,,,,,2023-07-20,2026-08-19
SET1,6675271324797,18-24,unknown,not_delivering,ad,1,1,1,"7-day click or 1-day view",,,0.01,,2025-04-17,Ongoing,,,10,0,,,,,,,2023-07-20,2026-08-19
"New Engagement ad set",6931643198797,Unknown,female,not_delivering,ad,0,1,0,"7-day click or 1-day view",,,0.01,,2026-05-20,Ongoing,,,10,0,,,,,,,2023-07-20,2026-08-19
"Ads - Punjab",6925557264397,Unknown,female,not_delivering,ad,0,1,0,"7-day click or 1-day view",,,0.01,,2026-04-27,Ongoing,,,10,0,,,,,,,2023-07-20,2026-08-19
"Ad set 1",6953152264197,Unknown,unknown,not_delivering,ad,0,1,0,"7-day click or 1-day view",,,0.01,,2026-06-09,Ongoing,,,10,0,,,,,,,2023-07-20,2026-08-19
"ad set 1",6991650447397,Unknown,male,not_delivering,ad,0,1,0,"7-day click or 1-day view",,,0.01,,2026-08-05,Ongoing,,,10,0,,,,,,,2023-07-20,2026-08-19
SET1,6700709797997,18-24,unknown,inactive,ad,3,3,1,"7-day click or 1-day view",,,0.01,,2025-05-01,Ongoing,,,3.33333333,0,,,,,,,2023-07-20,2026-08-19
"New Engagement ad set",6810171527597,35-44,unknown,not_delivering,ad,0,1,0,"7-day click or 1-day view",,,0.01,,2025-09-07,Ongoing,,,10,0,,,,,,,2023-07-20,2026-08-19
"Ad Set 1",6915936952997,35-44,unknown,not_delivering,ad,1,1,1,"7-day click or 1-day view",,,0.01,,2026-05-03,Ongoing,,,10,0,,,,,,,2023-07-20,2026-08-19
SET1,6790771111597,35-44,unknown,not_delivering,ad,0,2,0,"7-day click or 1-day view",,,0.01,,2025-05-13,Ongoing,,,5,0,,,,,,,2023-07-20,2026-08-19
"New Engagement ad set",6707055838397,35-44,unknown,not_delivering,ad,0,1,0,"7-day click or 1-day view",,,0.01,,2025-04-18,Ongoing,,,10,0,,,,,,,2023-07-20,2026-08-19
"Ads - HP+Jammu",6910460698197,18-24,unknown,not_delivering,ad,3,3,1,"7-day click or 1-day view",,,0.01,,2026-04-26,Ongoing,,,3.33333333,0,,,,,,,2023-07-20,2026-08-19
"ad set 1",6861113921397,Unknown,female,inactive,ad,1,1,1,"7-day click or 1-day view",,,0.01,,2026-01-31,Ongoing,,,10,0,,,,,,,2023-07-20,2026-08-19
"ad set 1",6881705351597,Unknown,female,not_delivering,ad,2,2,1,"7-day click or 1-day view",,,0.01,,2026-01-31,Ongoing,,,5,0,,,,,,,2023-07-20,2026-08-19
"Ad set 1",6976611089397,35-44,unknown,inactive,ad,2,2,1,"7-day click or 1-day view",,,0.01,,2026-07-01,Ongoing,,,5,0,,,,,,,2023-07-20,2026-08-19
"Ad set 1",6977309658397,35-44,unknown,inactive,ad,0,1,0,"7-day click or 1-day view",,,0.01,,2026-07-01,Ongoing,,,10,0,,,,,,,2023-07-20,2026-08-19
"ad set 1",6872929385597,55-64,female,inactive,ad,1,1,1,"7-day click or 1-day view",,,0.01,,2026-01-31,Ongoing,,,10,0,,,,,,,2023-07-20,2026-08-19
"ad set 1",6881705351597,55-64,unknown,not_delivering,ad,0,1,0,"7-day click or 1-day view",,,0.01,,2026-01-31,Ongoing,,,10,0,,,,,,,2023-07-20,2026-08-19
SET1,6732747035197,35-44,female,archived,ad,1,1,1,"7-day click or 1-day view",,,0.01,,2025-05-13,Ongoing,,,10,0,,,,,,,2023-07-20,2026-08-19
"ad set 1",6991650447397,Unknown,female,not_delivering,ad,0,3,0,"7-day click or 1-day view",,,0.01,,2026-08-05,Ongoing,,,3.33333333,0,,,,,,,2023-07-20,2026-08-19
"Ad set 1",6977309658397,25-34,unknown,inactive,ad,0,2,0,"7-day click or 1-day view",,,0.01,,2026-07-01,Ongoing,,,5,0,,,,,,,2023-07-20,2026-08-19
LPU,6986170907797,25-34,unknown,not_delivering,ad,1,1,1,"7-day click or 1-day view",,,0.01,,2026-07-31,Ongoing,,,10,0,,,,,,,2023-07-20,2026-08-19
"Ads - HP+Jammu",6910460698197,35-44,unknown,not_delivering,ad,2,2,1,"7-day click or 1-day view",,,0.01,,2026-04-26,Ongoing,,,5,0,,,,,,,2023-07-20,2026-08-19
"Ad set",6887030430597,Unknown,female,not_delivering,ad,0,1,0,"7-day click or 1-day view",,,0.01,,2026-03-22,Ongoing,,,10,0,,,,,,,2023-07-20,2026-08-19
SET1,6699045415197,35-44,unknown,not_delivering,ad,1,1,1,"7-day click or 1-day view",,,0.01,,2025-05-01,Ongoing,,,10,0,,,,,,,2023-07-20,2026-08-19
SET1,6699094078397,18-24,unknown,not_delivering,ad,1,1,1,"7-day click or 1-day view",,,0.01,,2025-05-01,Ongoing,,,10,0,,,,,,,2023-07-20,2026-08-19
LPU,6989431969797,Unknown,female,not_delivering,ad,1,1,1,"7-day click or 1-day view",,,0.01,,2026-08-07,Ongoing,,,10,0,,,,,,,2023-07-20,2026-08-19
"New Traffic ad set",6641565898597,35-44,unknown,not_delivering,ad,0,2,0,"7-day click or 1-day view",,,0.01,,2025-03-29,Ongoing,,,5,0,,,,,,,2023-07-20,2026-08-19
AMITY,6986105760397,18-24,unknown,not_delivering,ad,0,2,0,"7-day click or 1-day view",,,0.01,,2026-07-31,Ongoing,,,5,0,,,,,,,2023-07-20,2026-08-19
SET1,6715753772797,35-44,male,archived,ad,1,1,1,"7-day click or 1-day view",,,0.01,,2025-05-13,Ongoing,,,10,0,,,,,,,2023-07-20,2026-08-19
"Ad set 1",6976611088997,35-44,unknown,inactive,ad,2,2,1,"7-day click or 1-day view",,,0.01,,2026-07-01,Ongoing,,,5,0,,,,,,,2023-07-20,2026-08-19
SET1,6699359479597,35-44,unknown,not_delivering,ad,0,1,0,"7-day click or 1-day view",,,0.01,,2025-05-01,Ongoing,,,10,0,,,,,,,2023-07-20,2026-08-19
AMITY,6826151280997,18-24,female,not_delivering,ad,1,1,1,"7-day click or 1-day view",,,0,,2025-11-07,Ongoing,,,0,0,,,,,,,2023-07-20,2026-08-19
"Ad set 1",6979198206797,18-24,female,not_delivering,ad,2,2,1,"7-day click or 1-day view",,,0,,2026-07-08,Ongoing,,,0,0,,,,,,,2023-07-20,2026-08-19
"Ad set 1",6979196949597,25-34,male,not_delivering,ad,1,1,1,"7-day click or 1-day view",,,0,,2026-07-08,Ongoing,,,0,0,,,,,,,2023-07-20,2026-08-19
"Ad set 1",6979195967797,35-44,male,not_delivering,ad,2,2,1,"7-day click or 1-day view",,,0,,2026-07-08,Ongoing,,,0,0,,,,,,,2023-07-20,2026-08-19
"Ad set 1",6979195968597,18-24,male,not_delivering,ad,1,1,1,"7-day click or 1-day view",,,0,,2026-07-08,Ongoing,,,0,0,,,,,,,2023-07-20,2026-08-19
AMITY,6826139764197,18-24,male,not_delivering,ad,1,1,1,"7-day click or 1-day view",,,0,,2025-11-07,Ongoing,,,0,0,,,,,,,2023-07-20,2026-08-19
"Ad set",6924458397797,Unknown,male,not_delivering,ad,0,1,0,"7-day click or 1-day view",,,0,,2026-05-13,Ongoing,,,0,0,,,,,,,2023-07-20,2026-08-19
"ad set 1",6988779224197,Unknown,male,not_delivering,ad,0,1,0,"7-day click or 1-day view",,,0,,2026-08-05,Ongoing,,,0,0,,,,,,,2023-07-20,2026-08-19
"Ad set 1",6953165576197,18-24,unknown,not_delivering,ad,1,1,1,"7-day click or 1-day view",,,0,,2026-06-09,Ongoing,,,0,0,,,,,,,2023-07-20,2026-08-19
SET1,6715753772797,18-24,unknown,archived,ad,1,1,1,"7-day click or 1-day view",,,0,,2025-05-13,Ongoing,,,0,0,,,,,,,2023-07-20,2026-08-19
"Ads - City",6941573216797,18-24,unknown,inactive,ad,1,1,1,"7-day click or 1-day view",,,0,,2026-05-30,Ongoing,,,0,0,,,,,,,2023-07-20,2026-08-19
"Ad Online",6915643995197,35-44,unknown,not_delivering,ad,0,1,0,"7-day click or 1-day view",,,0,,2026-05-01,Ongoing,,,0,0,,,,,,,2023-07-20,2026-08-19
"New Traffic ad set",6671471422397,35-44,female,not_delivering,ad,1,1,1,"7-day click or 1-day view",,,0,,2025-03-29,Ongoing,,,0,0,,,,,,,2023-07-20,2026-08-19
"New Engagement ad set",6834727881197,35-44,unknown,not_delivering,ad,1,1,1,"7-day click or 1-day view",,,0,,2025-09-07,Ongoing,,,0,0,,,,,,,2023-07-20,2026-08-19
"Ads - HP+Jammu",6910462870797,25-34,unknown,not_delivering,ad,1,1,1,"7-day click or 1-day view",,,0,,2026-04-26,Ongoing,,,0,0,,,,,,,2023-07-20,2026-08-19
"Ads - HP+Jammu",6915646915997,Unknown,female,not_delivering,ad,0,1,0,"7-day click or 1-day view",,,0,,2026-04-26,Ongoing,,,0,0,,,,,,,2023-07-20,2026-08-19
SET1,6732747696197,35-44,unknown,not_delivering,ad,0,1,0,"7-day click or 1-day view",,,0,,2025-05-13,Ongoing,,,0,0,,,,,,,2023-07-20,2026-08-19
"Ad set 1",6989198212397,Unknown,female,active,ad,0,1,0,"7-day click or 1-day view",,,0,,2026-07-01,Ongoing,,,0,0,,,,,,,2023-07-20,2026-08-19
LPU,6826445864997,18-24,unknown,not_delivering,ad,1,1,1,"7-day click or 1-day view",,,0,,2025-11-08,Ongoing,,,0,0,,,,,,,2023-07-20,2026-08-19
SET1,6732747399197,35-44,female,archived,ad,1,1,1,"7-day click or 1-day view",,,0,,2025-05-13,Ongoing,,,0,0,,,,,,,2023-07-20,2026-08-19
AMITY,6986105760397,25-34,unknown,not_delivering,ad,1,1,1,"7-day click or 1-day view",,,0,,2026-07-31,Ongoing,,,0,0,,,,,,,2023-07-20,2026-08-19
"Ads - HP+Jammu",6910463660997,Unknown,female,not_delivering,ad,0,1,0,"7-day click or 1-day view",,,0,,2026-04-26,Ongoing,,,0,0,,,,,,,2023-07-20,2026-08-19
"New Engagement ad set",6804632076397,65+,unknown,not_delivering,ad,0,1,0,"7-day click or 1-day view",,,0,,2025-09-07,Ongoing,,,0,0,,,,,,,2023-07-20,2026-08-19
SET1,6732747399197,18-24,unknown,archived,ad,1,1,1,"7-day click or 1-day view",,,0,,2025-05-13,Ongoing,,,0,0,,,,,,,2023-07-20,2026-08-19
"ad set 1",6881705351597,Unknown,male,not_delivering,ad,1,1,1,"7-day click or 1-day view",,,0,,2026-01-31,Ongoing,,,0,0,,,,,,,2023-07-20,2026-08-19
"Ad set 1",6953166520997,25-34,unknown,not_delivering,ad,1,1,1,"7-day click or 1-day view",,,0,,2026-06-09,Ongoing,,,0,0,,,,,,,2023-07-20,2026-08-19
LPU,6989431969397,35-44,unknown,not_delivering,ad,2,2,1,"7-day click or 1-day view",,,0,,2026-08-07,Ongoing,,,0,0,,,,,,,2023-07-20,2026-08-19
SET1,6699099098397,35-44,female,not_delivering,ad,1,1,1,"7-day click or 1-day view",,,0,,2025-05-01,Ongoing,,,0,0,,,,,,,2023-07-20,2026-08-19
"ad set 1",6872930110397,Unknown,male,inactive,ad,1,1,1,"7-day click or 1-day view",,,0,,2026-01-31,Ongoing,,,0,0,,,,,,,2023-07-20,2026-08-19
"Ad set 1",6979196949597,25-34,female,not_delivering,ad,1,1,1,"7-day click or 1-day view",,,0,,2026-07-08,Ongoing,,,0,0,,,,,,,2023-07-20,2026-08-19
