"Campaign name","Campaign ID",Month,Age,Gender,"Ad set name","Delivery status","Delivery level",Reach,Impressions,Frequency,"Attribution setting","Result type",Results,"Amount spent (INR)","Cost per result",Starts,Ends,"Link clicks","CPC (cost per link click)","CPM (cost per 1,000 impressions)","CTR (all)","Messaging conversations replied","Messaging conversations started","Unique CTR (all)","Cost per lead",Leads,"Leads conversion value","Ad delivery","Ad set delivery","Campaign delivery","Result rate","Cost per messaging conversation started","Reporting starts","Reporting ends"
,,,,,,,,4623414,14050291,3.03894287,,,,404501.49,,,,54645,7.40235136,28.78954536,0.50887914,5,4716,1.19349035,,,,,,,,85.77215649,2023-07-20,2026-08-19
"FB Ads - 01/07/2026",6976611088797,"2026-08-01 - 2026-08-19",Unknown,female,"Ad set 1",active,adset,35,35,1,"7-day click or 1-day view","Messaging conversations started",,0.38,,2026-07-01,Ongoing,,,10.85714286,0,,,,,,,,active,active,,,2026-08-01,2026-08-19
"Fb Ads -SK - 06/08/2026",6988772271597,"2026-08-01 - 2026-08-19",25-34,unknown,"ad set 1",not_delivering,adset,97,160,1.64948454,"7-day click or 1-day view","Messaging conversations started",,10.93,,2026-08-05,Ongoing,2,5.465,68.3125,0.625,,,,,,,,not_delivering,inactive,,,2026-08-01,2026-08-19
"FB Ads - 01/07/2026",6976611088797,"2026-08-01 - 2026-08-19",Unknown,male,"Ad set 1",active,adset,28,29,1.03571429,"7-day click or 1-day view","Messaging conversations started",,0.54,,2026-07-01,Ongoing,1,0.54,18.62068966,3.44827586,,,,,,,,active,active,,,2026-08-01,2026-08-19
"FB Ads - 01/07/2026",6976611088797,"2026-08-01 - 2026-08-19",18-24,unknown,"Ad set 1",active,adset,313,481,1.53674121,"7-day click or 1-day view","Messaging conversations started",,13.29,,2026-07-01,Ongoing,2,6.645,27.62993763,0.41580042,,,,,,,,active,active,,,2026-08-01,2026-08-19
"FB Ads - 01/07/2026",6976611088797,"2026-08-01 - 2026-08-19",25-34,unknown,"Ad set 1",active,adset,475,709,1.49263158,"7-day click or 1-day view","Messaging conversations started",,20.05,,2026-07-01,Ongoing,7,2.86428571,28.27926657,1.41043724,,,,,,,,active,active,,,2026-08-01,2026-08-19
"FB Ads - 01/07/2026",6976611088797,"2026-08-01 - 2026-08-19",25-34,female,"Ad set 1",active,adset,153162,255459,1.66790065,"7-day click or 1-day view","Messaging conversations started",113,6947.72,61.48424779,2026-07-01,Ongoing,2337,2.97292255,27.19700617,1.01072971,,113,,,,,,active,active,0.0442341,61.48424779,2026-08-01,2026-08-19
"FB Ads - 01/07/2026",6976611088797,"2026-08-01 - 2026-08-19",18-24,male,"Ad set 1",active,adset,160221,292562,1.82599035,"7-day click or 1-day view","Messaging conversations started",88,5520.58,62.73386364,2026-07-01,Ongoing,2000,2.76029,18.86977803,0.75197736,,88,,,,,,active,active,0.03007909,62.73386364,2026-08-01,2026-08-19
"FB Ads - 01/07/2026",6976611088797,"2026-08-01 - 2026-08-19",25-34,male,"Ad set 1",active,adset,292320,517351,1.76981048,"7-day click or 1-day view","Messaging conversations started",218,12568.54,57.65385321,2026-07-01,Ongoing,4025,3.12261863,24.29402862,0.88315283,,218,,,,,,active,active,0.04213774,57.65385321,2026-08-01,2026-08-19
"FB Ads - 01/07/2026",6976611088797,"2026-08-01 - 2026-08-19",18-24,female,"Ad set 1",active,adset,124149,232504,1.8727819,"7-day click or 1-day view","Messaging conversations started",58,4412.77,76.08224138,2026-07-01,Ongoing,1407,3.13629709,18.97932939,0.69332141,,58,,,,,,active,active,0.02494581,76.08224138,2026-08-01,2026-08-19
"FB Ads Online - 07/08/2026",6989431968797,"2026-08-01 - 2026-08-19",Unknown,male,LPU,not_delivering,adset,1,1,1,"7-day click or 1-day view","Messaging conversations started",,0.02,,2026-08-07,Ongoing,,,20,0,,,,,,,,not_delivering,inactive,,,2026-08-01,2026-08-19
"FB Ads Online - 07/08/2026",6989431968797,"2026-08-01 - 2026-08-19",18-24,unknown,LPU,not_delivering,adset,20,27,1.35,"7-day click or 1-day view","Messaging conversations started",,0.68,,2026-08-07,Ongoing,,,25.18518519,0,,,,,,,,not_delivering,inactive,,,2026-08-01,2026-08-19
"FB Ads Online - 07/08/2026",6989431968797,"2026-08-01 - 2026-08-19",25-34,unknown,LPU,not_delivering,adset,10,12,1.2,"7-day click or 1-day view","Messaging conversations started",,0.48,,2026-08-07,Ongoing,,,40,0,,,,,,,,not_delivering,inactive,,,2026-08-01,2026-08-19
"FB Ads Online - 07/08/2026",6989431968797,"2026-08-01 - 2026-08-19",35-44,unknown,LPU,not_delivering,adset,5,6,1.2,"7-day click or 1-day view","Messaging conversations started",,0.07,,2026-08-07,Ongoing,,,11.66666667,0,,,,,,,,not_delivering,inactive,,,2026-08-01,2026-08-19
"FB Ads - 01/07/2026",6976611088797,"2026-08-01 - 2026-08-19",35-44,female,"Ad set 1",active,adset,37159,59343,1.59700207,"7-day click or 1-day view","Messaging conversations started",35,1982.4,56.64,2026-07-01,Ongoing,676,2.93254438,33.40579344,1.27731999,,35,,,,,,active,active,0.05897916,56.64,2026-08-01,2026-08-19
"FB Ads Online - 07/08/2026",6989431968797,"2026-08-01 - 2026-08-19",18-24,female,LPU,not_delivering,adset,6683,8665,1.2965734,"7-day click or 1-day view","Messaging conversations started",1,241.9,241.9,2026-08-07,Ongoing,20,12.095,27.9169071,0.31159838,,1,,,,,,not_delivering,inactive,0.01154068,241.9,2026-08-01,2026-08-19
"Fb Ads -SK - 06/08/2026",6988772271597,"2026-08-01 - 2026-08-19",35-44,male,"ad set 1",not_delivering,adset,13391,21507,1.60607871,"7-day click or 1-day view","Messaging conversations started",15,1066.81,71.12066667,2026-08-05,Ongoing,98,10.88581633,49.60291998,0.58585577,,15,,,,,,not_delivering,inactive,0.06974473,71.12066667,2026-08-01,2026-08-19
"FB Ads Online - 07/08/2026",6989431968797,"2026-08-01 - 2026-08-19",Unknown,female,LPU,not_delivering,adset,1,1,1,"7-day click or 1-day view","Messaging conversations started",,0.01,,2026-08-07,Ongoing,,,10,0,,,,,,,,not_delivering,inactive,,,2026-08-01,2026-08-19
"FB Ads Online - 07/08/2026",6989431968797,"2026-08-01 - 2026-08-19",25-34,female,LPU,not_delivering,adset,2618,3261,1.24560733,"7-day click or 1-day view","Messaging conversations started",1,182.74,182.74,2026-08-07,Ongoing,18,10.15222222,56.03802515,0.70530512,,1,,,,,,not_delivering,inactive,0.03066544,182.74,2026-08-01,2026-08-19
"Fb Ads -SK - 06/08/2026",6988772271597,"2026-08-01 - 2026-08-19",18-24,unknown,"ad set 1",not_delivering,adset,114,167,1.46491228,"7-day click or 1-day view","Messaging conversations started",1,11.99,11.99,2026-08-05,Ongoing,1,11.99,71.79640719,0.5988024,,1,,,,,,not_delivering,inactive,0.5988024,11.99,2026-08-01,2026-08-19
"Fb Ads -SK - 06/08/2026",6988772271597,"2026-08-01 - 2026-08-19",18-24,male,"ad set 1",not_delivering,adset,65407,116857,1.78661305,"7-day click or 1-day view","Messaging conversations started",26,2393.3,92.05,2026-08-05,Ongoing,586,4.08412969,20.48058738,0.52628426,,26,,,,,,not_delivering,inactive,0.02224942,92.05,2026-08-01,2026-08-19
"Fb Ads -SK - 06/08/2026",6988772271597,"2026-08-01 - 2026-08-19",25-34,male,"ad set 1",not_delivering,adset,68543,110317,1.60945684,"7-day click or 1-day view","Messaging conversations started",36,3609.65,100.26805556,2026-08-05,Ongoing,442,8.16662896,32.72070488,0.45777169,1,36,,,,,,not_delivering,inactive,0.03263323,100.26805556,2026-08-01,2026-08-19
"Fb Ads -SK - 06/08/2026",6988772271597,"2026-08-01 - 2026-08-19",25-34,female,"ad set 1",not_delivering,adset,32641,53929,1.6521859,"7-day click or 1-day view","Messaging conversations started",15,2038.15,135.87666667,2026-08-05,Ongoing,194,10.50592784,37.79320959,0.39310946,1,15,,,,,,not_delivering,inactive,0.02781435,135.87666667,2026-08-01,2026-08-19
"Fb Ads -SK - 06/08/2026",6988772271597,"2026-08-01 - 2026-08-19",35-44,unknown,"ad set 1",not_delivering,adset,27,52,1.92592593,"7-day click or 1-day view","Messaging conversations started",,1.53,,2026-08-05,Ongoing,,,29.42307692,0,,,,,,,,not_delivering,inactive,,,2026-08-01,2026-08-19
"FB Ads Online - 07/08/2026",6989431968797,"2026-08-01 - 2026-08-19",18-24,male,LPU,not_delivering,adset,7490,8931,1.19238985,"7-day click or 1-day view","Messaging conversations started",1,241.48,241.48,2026-08-07,Ongoing,47,5.13787234,27.03840555,0.53745381,,1,,,,,,not_delivering,inactive,0.01119695,241.48,2026-08-01,2026-08-19
"Fb Ads -SK - 06/08/2026",6988772271597,"2026-08-01 - 2026-08-19",Unknown,female,"ad set 1",not_delivering,adset,8,8,1,"7-day click or 1-day view","Messaging conversations started",,0.06,,2026-08-05,Ongoing,,,7.5,0,,,,,,,,not_delivering,inactive,,,2026-08-01,2026-08-19
"FB Ads Online - 07/08/2026",6989431968797,"2026-08-01 - 2026-08-19",35-44,female,LPU,not_delivering,adset,483,602,1.24637681,"7-day click or 1-day view","Messaging conversations started",1,36.66,36.66,2026-08-07,Ongoing,4,9.165,60.89700997,0.66445183,,1,,,,,,not_delivering,inactive,0.16611296,36.66,2026-08-01,2026-08-19
"FB Ads Online - 07/08/2026",6989431968797,"2026-08-01 - 2026-08-19",35-44,male,LPU,not_delivering,adset,770,975,1.26623377,"7-day click or 1-day view","Messaging conversations started",1,75.19,75.19,2026-08-07,Ongoing,7,10.74142857,77.11794872,0.71794872,,1,,,,,,not_delivering,inactive,0.1025641,75.19,2026-08-01,2026-08-19
"FB Ads Online - 07/08/2026",6989431968797,"2026-08-01 - 2026-08-19",25-34,male,LPU,not_delivering,adset,4970,6082,1.22374245,"7-day click or 1-day view","Messaging conversations started",2,366.3,183.15,2026-08-07,Ongoing,25,14.652,60.22689905,0.50970076,,2,,,,,,not_delivering,inactive,0.03288392,183.15,2026-08-01,2026-08-19
"Fb Ads -SK - 06/08/2026",6988772271597,"2026-08-01 - 2026-08-19",Unknown,male,"ad set 1",not_delivering,adset,11,11,1,"7-day click or 1-day view","Messaging conversations started",,0.1,,2026-08-05,Ongoing,,,9.09090909,0,,,,,,,,not_delivering,inactive,,,2026-08-01,2026-08-19
"FB Ads Online - 31/07/2026",6986086789197,"2026-08-01 - 2026-08-19",35-44,female,LPU,not_delivering,adset,1095,1674,1.52876712,"7-day click or 1-day view","Messaging conversations started",2,243.29,121.645,2026-07-31,Ongoing,6,40.54833333,145.33452808,0.59737157,,2,,,,,,not_delivering,inactive,0.11947431,121.645,2026-08-01,2026-08-19
"Fb Ads -SK - 06/08/2026",6988772271597,"2026-08-01 - 2026-08-19",35-44,female,"ad set 1",not_delivering,adset,6375,10140,1.59058824,"7-day click or 1-day view","Messaging conversations started",4,533.46,133.365,2026-08-05,Ongoing,55,9.69927273,52.60946746,0.62130178,,4,,,,,,not_delivering,inactive,0.03944773,133.365,2026-08-01,2026-08-19
"FB Ads - 01/07/2026",6976611088797,"2026-08-01 - 2026-08-19",35-44,male,"Ad set 1",active,adset,78622,132563,1.68608023,"7-day click or 1-day view","Messaging conversations started",79,4063.56,51.43746835,2026-07-01,Ongoing,1235,3.29033198,30.65380234,1.11116978,,79,,,,,,active,active,0.05959431,51.43746835,2026-08-01,2026-08-19
"Fb Ads -SK - 06/08/2026",6988772271597,"2026-08-01 - 2026-08-19",18-24,female,"ad set 1",not_delivering,adset,54936,95051,1.73021334,"7-day click or 1-day view","Messaging conversations started",24,2123.26,88.46916667,2026-08-05,Ongoing,386,5.50067358,22.33811322,0.46080525,,24,,,,,,not_delivering,inactive,0.0252496,88.46916667,2026-08-01,2026-08-19
"FB Ads - 03/08/2026",6987226896197,"2026-08-01 - 2026-08-19",35-44,unknown,"Ad set 1",not_delivering,adset,5,6,1.2,"7-day click or 1-day view","Messaging conversations started",,0.15,,2026-08-03,Ongoing,,,25,0,,,,,,,,not_delivering,inactive,,,2026-08-01,2026-08-19
"FB Ads - 03/08/2026",6987226896197,"2026-08-01 - 2026-08-19",18-24,unknown,"Ad set 1",not_delivering,adset,19,20,1.05263158,"7-day click or 1-day view","Messaging conversations started",,0.92,,2026-08-03,Ongoing,,,46,0,,,,,,,,not_delivering,inactive,,,2026-08-01,2026-08-19
"FB Ads - 03/08/2026",6987226896197,"2026-08-01 - 2026-08-19",35-44,female,"Ad set 1",not_delivering,adset,1378,1535,1.11393324,"7-day click or 1-day view","Messaging conversations started",,107.99,,2026-08-03,Ongoing,4,26.9975,70.35179153,0.3257329,,,,,,,,not_delivering,inactive,,,2026-08-01,2026-08-19
"FB Ads - 03/08/2026",6987226896197,"2026-08-01 - 2026-08-19",18-24,male,"Ad set 1",not_delivering,adset,10398,12496,1.20176957,"7-day click or 1-day view","Messaging conversations started",3,323.78,107.92666667,2026-08-03,Ongoing,40,8.0945,25.91069142,0.3681178,,3,,,,,,not_delivering,inactive,0.02400768,107.92666667,2026-08-01,2026-08-19
"FB Ads - 03/08/2026",6987226896197,"2026-08-01 - 2026-08-19",25-34,male,"Ad set 1",not_delivering,adset,13339,15108,1.13261864,"7-day click or 1-day view","Messaging conversations started",2,602.54,301.27,2026-08-03,Ongoing,44,13.69409091,39.88218163,0.35080752,,2,,,,,,not_delivering,inactive,0.01323802,301.27,2026-08-01,2026-08-19
"FB Ads - 03/08/2026",6987226896197,"2026-08-01 - 2026-08-19",18-24,female,"Ad set 1",not_delivering,adset,7925,9285,1.17160883,"7-day click or 1-day view","Messaging conversations started",1,312.83,312.83,2026-08-03,Ongoing,26,12.03192308,33.69197631,0.37695207,,1,,,,,,not_delivering,inactive,0.01077006,312.83,2026-08-01,2026-08-19
"FB Ads Online - 31/07/2026",6986086789197,"2026-08-01 - 2026-08-19",25-34,unknown,AMITY,not_delivering,adset,12,15,1.25,"7-day click or 1-day view","Messaging conversations started",,0.87,,2026-07-31,Ongoing,,,58,0,,,,,,,,not_delivering,inactive,,,2026-08-01,2026-08-19
"FB Ads - 03/08/2026",6987226896197,"2026-08-01 - 2026-08-19",35-44,male,"Ad set 1",not_delivering,adset,2819,3151,1.11777226,"7-day click or 1-day view","Messaging conversations started",1,164.19,164.19,2026-08-03,Ongoing,14,11.72785714,52.10726753,0.72992701,,1,,,,,,not_delivering,inactive,0.03173596,164.19,2026-08-01,2026-08-19
"FB Ads Online - 31/07/2026",6986086789197,"2026-08-01 - 2026-08-19",Unknown,female,LPU,not_delivering,adset,2,2,1,"7-day click or 1-day view","Messaging conversations started",,0.05,,2026-07-31,Ongoing,,,25,0,,,,,,,,not_delivering,inactive,,,2026-08-01,2026-08-19
"FB Ads Online - 31/07/2026",6986086789197,"2026-08-01 - 2026-08-19",35-44,unknown,LPU,not_delivering,adset,7,14,2,"7-day click or 1-day view","Messaging conversations started",,1.12,,2026-07-31,Ongoing,,,80,0,,,,,,,,not_delivering,inactive,,,2026-08-01,2026-08-19
"FB Ads Online - 31/07/2026",6986086789197,"2026-08-01 - 2026-08-19",25-34,unknown,LPU,not_delivering,adset,23,31,1.34782609,"7-day click or 1-day view","Messaging conversations started",,2.44,,2026-07-31,Ongoing,,,78.70967742,0,,,,,,,,not_delivering,inactive,,,2026-08-01,2026-08-19
"FB Ads Online - 31/07/2026",6986086789197,"2026-08-01 - 2026-08-19",18-24,unknown,LPU,not_delivering,adset,8,11,1.375,"7-day click or 1-day view","Messaging conversations started",,0.05,,2026-07-31,Ongoing,,,4.54545455,0,,,,,,,,not_delivering,inactive,,,2026-08-01,2026-08-19
"FB Ads Online - 31/07/2026",6986086789197,"2026-08-01 - 2026-08-19",18-24,female,LPU,not_delivering,adset,8022,12672,1.57965595,"7-day click or 1-day view","Messaging conversations started",,354.54,,2026-07-31,Ongoing,25,14.1816,27.9782197,0.23674242,,,,,,,,not_delivering,inactive,,,2026-08-01,2026-08-19
"FB Ads Online - 31/07/2026",6986086789197,"2026-08-01 - 2026-08-19",18-24,male,LPU,not_delivering,adset,7896,12304,1.55825735,"7-day click or 1-day view","Messaging conversations started",1,299.34,299.34,2026-07-31,Ongoing,24,12.4725,24.3286736,0.26007802,,1,,,,,,not_delivering,inactive,0.00812744,299.34,2026-08-01,2026-08-19
"FB Ads Online - 31/07/2026",6986086789197,"2026-08-01 - 2026-08-19",25-34,male,LPU,not_delivering,adset,7449,12221,1.6406229,"7-day click or 1-day view","Messaging conversations started",7,653.94,93.42,2026-07-31,Ongoing,44,14.86227273,53.50953277,0.5155061,,7,,,,,,not_delivering,inactive,0.05727846,93.42,2026-08-01,2026-08-19
"FB Ads - 03/08/2026",6987226896197,"2026-08-01 - 2026-08-19",25-34,female,"Ad set 1",not_delivering,adset,5729,6636,1.15831733,"7-day click or 1-day view","Messaging conversations started",5,386.26,77.252,2026-08-03,Ongoing,42,9.19666667,58.20675105,0.73839662,,5,,,,,,not_delivering,inactive,0.07534659,77.252,2026-08-01,2026-08-19
"FB Ads Online - 31/07/2026",6986086789197,"2026-08-01 - 2026-08-19",35-44,male,LPU,not_delivering,adset,1744,2726,1.56307339,"7-day click or 1-day view","Messaging conversations started",4,317.14,79.285,2026-07-31,Ongoing,13,24.39538462,116.33895818,0.69699193,,4,,,,,,not_delivering,inactive,0.14673514,79.285,2026-08-01,2026-08-19
"FB Ads Online - 31/07/2026",6986086789197,"2026-08-01 - 2026-08-19",25-34,female,AMITY,not_delivering,adset,2487,3615,1.4535585,"7-day click or 1-day view","Messaging conversations started",,316.81,,2026-07-31,Ongoing,9,35.20111111,87.63762102,0.33195021,,,,,,,,not_delivering,inactive,,,2026-08-01,2026-08-19
"FB Ads Online - 31/07/2026",6986086789197,"2026-08-01 - 2026-08-19",25-34,female,LPU,not_delivering,adset,4651,6882,1.47968179,"7-day click or 1-day view","Messaging conversations started",2,531.13,265.565,2026-07-31,Ongoing,18,29.50722222,77.17669282,0.40685847,,2,,,,,,not_delivering,inactive,0.02906132,265.565,2026-08-01,2026-08-19
"FB Ads - 03/08/2026",6987226896197,"2026-08-01 - 2026-08-19",25-34,unknown,"Ad set 1",not_delivering,adset,17,18,1.05882353,"7-day click or 1-day view","Messaging conversations started",,1.49,,2026-08-03,Ongoing,,,82.77777778,0,,,,,,,,not_delivering,inactive,,,2026-08-01,2026-08-19
"FB Ads Online - 31/07/2026",6986086789197,"2026-08-01 - 2026-08-19",25-34,male,AMITY,not_delivering,adset,5798,8304,1.43221801,"7-day click or 1-day view","Messaging conversations started",3,642.54,214.18,2026-07-31,Ongoing,38,16.90894737,77.37716763,0.56599229,,3,,,,,,not_delivering,inactive,0.03612717,214.18,2026-08-01,2026-08-19
"FB Ads Online - 31/07/2026",6986086789197,"2026-08-01 - 2026-08-19",18-24,male,AMITY,not_delivering,adset,9213,13732,1.49050255,"7-day click or 1-day view","Messaging conversations started",4,504.26,126.065,2026-07-31,Ongoing,55,9.16836364,36.72152636,0.45150015,,4,,,,,,not_delivering,inactive,0.02912904,126.065,2026-08-01,2026-08-19
"FB Ads Online - 31/07/2026",6986086789197,"2026-08-01 - 2026-08-19",35-44,male,AMITY,not_delivering,adset,1091,1517,1.39046746,"7-day click or 1-day view","Messaging conversations started",1,201.86,201.86,2026-07-31,Ongoing,8,25.2325,133.06526038,0.65919578,,1,,,,,,not_delivering,inactive,0.06591958,201.86,2026-08-01,2026-08-19
"FB Ads Online - 31/07/2026",6986086789197,"2026-08-01 - 2026-08-19",18-24,female,AMITY,not_delivering,adset,8064,11473,1.42274306,"7-day click or 1-day view","Messaging conversations started",1,439.91,439.91,2026-07-31,Ongoing,28,15.71107143,38.34306633,0.28763183,,1,,,,,,not_delivering,inactive,0.00871612,439.91,2026-08-01,2026-08-19
"FB Ads Online - 31/07/2026",6986086789197,"2026-08-01 - 2026-08-19",35-44,female,AMITY,not_delivering,adset,624,852,1.36538462,"7-day click or 1-day view","Messaging conversations started",,103.99,,2026-07-31,Ongoing,8,12.99875,122.05399061,1.05633803,,,,,,,,not_delivering,inactive,,,2026-08-01,2026-08-19
"FB Ads Online - 31/07/2026",6986086789197,"2026-08-01 - 2026-08-19",35-44,unknown,AMITY,not_delivering,adset,2,2,1,"7-day click or 1-day view","Messaging conversations started",,0.11,,2026-07-31,Ongoing,,,55,0,,,,,,,,not_delivering,inactive,,,2026-08-01,2026-08-19
"FB Ads Online - 31/07/2026",6986086789197,"2026-08-01 - 2026-08-19",18-24,unknown,AMITY,not_delivering,adset,14,17,1.21428571,"7-day click or 1-day view","Messaging conversations started",,0.96,,2026-07-31,Ongoing,,,56.47058824,0,,,,,,,,not_delivering,inactive,,,2026-08-01,2026-08-19
"FB Ads - 01/07/2026",6976611088797,"2026-08-01 - 2026-08-19",35-44,unknown,"Ad set 1",active,adset,146,242,1.65753425,"7-day click or 1-day view","Messaging conversations started",,8.3,,2026-07-01,Ongoing,1,8.3,34.29752066,0.41322314,,,,,,,,active,active,,,2026-08-01,2026-08-19
"FB Ads Online - 31/07/2026",6986086789197,"2026-08-01 - 2026-08-19",Unknown,female,AMITY,not_delivering,adset,1,1,1,"7-day click or 1-day view","Messaging conversations started",,0.08,,2026-07-31,Ongoing,,,80,0,,,,,,,,not_delivering,inactive,,,2026-08-01,2026-08-19
"FB Ads Online - 31/07/2026",6986086789197,"2026-08-01 - 2026-08-19",Unknown,male,AMITY,not_delivering,adset,1,1,1,"7-day click or 1-day view","Messaging conversations started",,0.2,,2026-07-31,Ongoing,,,200,0,,,,,,,,not_delivering,inactive,,,2026-08-01,2026-08-19
"FB Ads - 14/06/2026",6959678385397,"2026-07-01 - 2026-07-31",35-44,male,"Ad set 1",not_delivering,adset,1610,1709,1.06149068,"7-day click or 1-day view","Messaging conversations started",,59.68,,2026-06-14,Ongoing,4,14.92,34.92100644,0.234055,,,,,,,,not_delivering,inactive,,,2026-07-01,2026-07-31
"FB Ads - 08/07/2026",6979195968197,"2026-07-01 - 2026-07-31",18-24,unknown,"Ad set 1",not_delivering,adset,1,1,1,"7-day click or 1-day view","Messaging conversations started",,0.01,,2026-07-08,Ongoing,,,10,0,,,,,,,,not_delivering,inactive,,,2026-07-01,2026-07-31
"FB Ads - 14/06/2026",6959678385397,"2026-07-01 - 2026-07-31",18-24,male,"Ad set 1",not_delivering,adset,8414,9134,1.08557167,"7-day click or 1-day view","Messaging conversations started",,168.71,,2026-06-14,Ongoing,22,7.66863636,18.47054959,0.30654697,,,,,,,,not_delivering,inactive,,,2026-07-01,2026-07-31
"FB Ads - 14/06/2026",6959678385397,"2026-07-01 - 2026-07-31",35-44,female,"Ad set 1",not_delivering,adset,1175,1256,1.06893617,"7-day click or 1-day view","Messaging conversations started",,56.9,,2026-06-14,Ongoing,8,7.1125,45.30254777,0.71656051,,,,,,,,not_delivering,inactive,,,2026-07-01,2026-07-31
"FB Ads - 14/06/2026",6959678385397,"2026-07-01 - 2026-07-31",18-24,female,"Ad set 1",not_delivering,adset,5530,6097,1.10253165,"7-day click or 1-day view","Messaging conversations started",,132.85,,2026-06-14,Ongoing,22,6.03863636,21.78940463,0.39363621,,,,,,,,not_delivering,inactive,,,2026-07-01,2026-07-31
"FB Ads - 14/06/2026",6959678385397,"2026-07-01 - 2026-07-31",Unknown,female,"Ad set 1",not_delivering,adset,1,1,1,"7-day click or 1-day view","Messaging conversations started",,0.01,,2026-06-14,Ongoing,,,10,0,,,,,,,,not_delivering,inactive,,,2026-07-01,2026-07-31
"FB Ads - 14/06/2026",6959678385397,"2026-07-01 - 2026-07-31",18-24,unknown,"Ad set 1",not_delivering,adset,10,10,1,"7-day click or 1-day view","Messaging conversations started",,0.2,,2026-06-14,Ongoing,,,20,0,,,,,,,,not_delivering,inactive,,,2026-07-01,2026-07-31
"FB Ads - 14/06/2026",6959678385397,"2026-07-01 - 2026-07-31",35-44,unknown,"Ad set 1",not_delivering,adset,2,3,1.5,"7-day click or 1-day view","Messaging conversations started",,0.11,,2026-06-14,Ongoing,,,36.66666667,0,,,,,,,,not_delivering,inactive,,,2026-07-01,2026-07-31
"FB Ads - 08/07/2026",6979195968197,"2026-07-01 - 2026-07-31",25-34,male,"Ad set 1",not_delivering,adset,1108,1141,1.02978339,"7-day click or 1-day view","Messaging conversations started",,32.53,,2026-07-08,Ongoing,2,16.265,28.51007888,0.17528484,,,,,,,,not_delivering,inactive,,,2026-07-01,2026-07-31
"FB Ads Online - 31/07/2026",6986086789197,"2026-07-01 - 2026-07-31",18-24,female,AMITY,not_delivering,adset,2486,2732,1.09895414,"7-day click or 1-day view","Messaging conversations started",,84.16,,2026-07-31,Ongoing,5,16.832,30.80527086,0.18301611,,,,,,,,not_delivering,inactive,,,2026-07-01,2026-07-31
"FB Ads Online - 31/07/2026",6986086789197,"2026-07-01 - 2026-07-31",25-34,female,AMITY,not_delivering,adset,759,869,1.14492754,"7-day click or 1-day view","Messaging conversations started",,52.65,,2026-07-31,Ongoing,4,13.1625,60.58688147,0.46029919,,,,,,,,not_delivering,inactive,,,2026-07-01,2026-07-31
"FB Ads - 08/07/2026",6979195968197,"2026-07-01 - 2026-07-31",35-44,male,"Ad set 1",not_delivering,adset,271,271,1,"7-day click or 1-day view","Messaging conversations started",,9.54,,2026-07-08,Ongoing,,,35.20295203,0,,,,,,,,not_delivering,inactive,,,2026-07-01,2026-07-31
"FB Ads - 08/07/2026",6979195968197,"2026-07-01 - 2026-07-31",35-44,female,"Ad set 1",not_delivering,adset,125,126,1.008,"7-day click or 1-day view","Messaging conversations started",,6.37,,2026-07-08,Ongoing,,,50.55555556,0,,,,,,,,not_delivering,inactive,,,2026-07-01,2026-07-31
"FB Ads - 08/07/2026",6979195968197,"2026-07-01 - 2026-07-31",25-34,female,"Ad set 1",not_delivering,adset,643,649,1.00933126,"7-day click or 1-day view","Messaging conversations started",,28.12,,2026-07-08,Ongoing,,,43.32819723,0.30816641,,,,,,,,not_delivering,inactive,,,2026-07-01,2026-07-31
"FB Ads - 08/07/2026",6979195968197,"2026-07-01 - 2026-07-31",18-24,male,"Ad set 1",not_delivering,adset,855,866,1.0128655,"7-day click or 1-day view","Messaging conversations started",,16.7,,2026-07-08,Ongoing,,,19.28406467,0,,,,,,,,not_delivering,inactive,,,2026-07-01,2026-07-31
"FB Ads Online - 31/07/2026",6986086789197,"2026-07-01 - 2026-07-31",18-24,male,AMITY,not_delivering,adset,2788,3138,1.12553802,"7-day click or 1-day view","Messaging conversations started",2,104.29,52.145,2026-07-31,Ongoing,10,10.429,33.2345443,0.35054175,,2,,,,,,not_delivering,inactive,0.06373486,52.145,2026-07-01,2026-07-31
"FB Ads Online - 31/07/2026",6986086789197,"2026-07-01 - 2026-07-31",25-34,male,AMITY,not_delivering,adset,1575,1829,1.16126984,"7-day click or 1-day view","Messaging conversations started",1,96.56,96.56,2026-07-31,Ongoing,3,32.18666667,52.79387644,0.16402406,,1,,,,,,not_delivering,inactive,0.05467469,96.56,2026-07-01,2026-07-31
"FB Ads Online - 31/07/2026",6986086789197,"2026-07-01 - 2026-07-31",35-44,male,AMITY,not_delivering,adset,276,304,1.10144928,"7-day click or 1-day view","Messaging conversations started",,39.4,,2026-07-31,Ongoing,2,19.7,129.60526316,0.98684211,,,,,,,,not_delivering,inactive,,,2026-07-01,2026-07-31
"FB Ads - 01/07/2026",6976611088797,"2026-07-01 - 2026-07-31",Unknown,male,"Ad set 1",active,adset,40,41,1.025,"7-day click or 1-day view","Messaging conversations started",,0.57,,2026-07-01,Ongoing,,,13.90243902,0,,,,,,,,active,active,,,2026-07-01,2026-07-31
"FB Ads - 14/06/2026",6959678385397,"2026-07-01 - 2026-07-31",25-34,female,"Ad set 1",not_delivering,adset,4244,4644,1.09425071,"7-day click or 1-day view","Messaging conversations started",5,159.99,31.998,2026-06-14,Ongoing,14,11.42785714,34.45090439,0.43066322,,5,,,,,,not_delivering,inactive,0.10766581,31.998,2026-07-01,2026-07-31
"FB Ads - 08/07/2026",6979195968197,"2026-07-01 - 2026-07-31",18-24,female,"Ad set 1",not_delivering,adset,811,823,1.01479655,"7-day click or 1-day view","Messaging conversations started",,15.63,,2026-07-08,Ongoing,1,15.63,18.99149453,0.24301337,,,,,,,,not_delivering,inactive,,,2026-07-01,2026-07-31
"FB Ads - 14/06/2026",6959678385397,"2026-07-01 - 2026-07-31",25-34,male,"Ad set 1",not_delivering,adset,7785,8710,1.11881824,"7-day click or 1-day view","Messaging conversations started",2,232.32,116.16,2026-06-14,Ongoing,28,8.29714286,26.6727899,0.34443169,,2,,,,,,not_delivering,inactive,0.02296211,116.16,2026-07-01,2026-07-31
"FB Ads - 08/07/2026",6979195968197,"2026-07-01 - 2026-07-31",25-34,unknown,"Ad set 1",not_delivering,adset,1,1,1,"7-day click or 1-day view","Messaging conversations started",,0.03,,2026-07-08,Ongoing,,,30,0,,,,,,,,not_delivering,inactive,,,2026-07-01,2026-07-31
"FB Ads Online - 31/07/2026",6986086789197,"2026-07-01 - 2026-07-31",35-44,female,AMITY,not_delivering,adset,128,154,1.203125,"7-day click or 1-day view","Messaging conversations started",,38.81,,2026-07-31,Ongoing,1,38.81,252.01298701,1.2987013,,,,,,,,not_delivering,inactive,,,2026-07-01,2026-07-31
"FB Ads - 01/07/2026",6976611088797,"2026-07-01 - 2026-07-31",18-24,female,"Ad set 1",active,adset,120612,282121,2.33907903,"7-day click or 1-day view","Messaging conversations started",61,6648.29,108.98836066,2026-07-01,Ongoing,696,9.5521408,23.56538507,0.31121398,,61,,,,,,active,active,0.02162193,108.98836066,2026-07-01,2026-07-31
"FB Ads - 14/06/2026",6959678385397,"2026-07-01 - 2026-07-31",25-34,unknown,"Ad set 1",not_delivering,adset,7,8,1.14285714,"7-day click or 1-day view","Messaging conversations started",,0.08,,2026-06-14,Ongoing,,,10,0,,,,,,,,not_delivering,inactive,,,2026-07-01,2026-07-31
"FB Ads Online - 31/07/2026",6986086789197,"2026-07-01 - 2026-07-31",25-34,female,LPU,not_delivering,adset,872,1009,1.15711009,"7-day click or 1-day view","Messaging conversations started",,61.4,,2026-07-31,Ongoing,,,60.85232904,0,,,,,,,,not_delivering,inactive,,,2026-07-01,2026-07-31
"FB Ads Online - 31/07/2026",6986086789197,"2026-07-01 - 2026-07-31",35-44,unknown,LPU,not_delivering,adset,1,3,3,"7-day click or 1-day view","Messaging conversations started",,0.02,,2026-07-31,Ongoing,,,6.66666667,0,,,,,,,,not_delivering,inactive,,,2026-07-01,2026-07-31
"FB Ads Online - 31/07/2026",6986086789197,"2026-07-01 - 2026-07-31",18-24,male,LPU,not_delivering,adset,1575,1760,1.11746032,"7-day click or 1-day view","Messaging conversations started",,32.29,,2026-07-31,Ongoing,3,10.76333333,18.34659091,0.28409091,,,,,,,,not_delivering,inactive,,,2026-07-01,2026-07-31
"FB Ads Online - 31/07/2026",6986086789197,"2026-07-01 - 2026-07-31",18-24,unknown,LPU,not_delivering,adset,1,1,1,"7-day click or 1-day view","Messaging conversations started",,0.02,,2026-07-31,Ongoing,,,20,0,,,,,,,,not_delivering,inactive,,,2026-07-01,2026-07-31
"FB Ads Online - 31/07/2026",6986086789197,"2026-07-01 - 2026-07-31",25-34,male,LPU,not_delivering,adset,1554,1813,1.16666667,"7-day click or 1-day view","Messaging conversations started",,74.29,,2026-07-31,Ongoing,1,74.29,40.9762824,0.1103144,,,,,,,,not_delivering,inactive,,,2026-07-01,2026-07-31
"FB Ads - 01/07/2026",6976611088797,"2026-07-01 - 2026-07-31",35-44,female,"Ad set 1",active,adset,31655,53248,1.68213552,"7-day click or 1-day view","Messaging conversations started",25,2585.5,103.42,2026-07-01,Ongoing,193,13.39637306,48.5558143,0.49767127,,25,,,,,,active,active,0.04695012,103.42,2026-07-01,2026-07-31
"FB Ads Online - 31/07/2026",6986086789197,"2026-07-01 - 2026-07-31",18-24,female,LPU,not_delivering,adset,1648,1896,1.15048544,"7-day click or 1-day view","Messaging conversations started",,53.77,,2026-07-31,Ongoing,2,26.885,28.35970464,0.3164557,,,,,,,,not_delivering,inactive,,,2026-07-01,2026-07-31
"FB Ads Online - 31/07/2026",6986086789197,"2026-07-01 - 2026-07-31",25-34,unknown,LPU,not_delivering,adset,3,3,1,"7-day click or 1-day view","Messaging conversations started",,0.05,,2026-07-31,Ongoing,,,16.66666667,0,,,,,,,,not_delivering,inactive,,,2026-07-01,2026-07-31
"FB Ads - 01/07/2026",6976611088797,"2026-07-01 - 2026-07-31",18-24,unknown,"Ad set 1",active,adset,378,593,1.56878307,"7-day click or 1-day view","Messaging conversations started",1,10.9,10.9,2026-07-01,Ongoing,6,1.81666667,18.38111298,1.18043845,,1,,,,,,active,active,0.16863406,10.9,2026-07-01,2026-07-31
"FB Ads Online - 31/07/2026",6986086789197,"2026-07-01 - 2026-07-31",35-44,male,LPU,not_delivering,adset,406,485,1.19458128,"7-day click or 1-day view","Messaging conversations started",,38.47,,2026-07-31,Ongoing,1,38.47,79.31958763,0.41237113,,,,,,,,not_delivering,inactive,,,2026-07-01,2026-07-31
"FB Ads - 01/07/2026",6976611088797,"2026-07-01 - 2026-07-31",Unknown,unknown,"Ad set 1",active,adset,1232453,1235147,1.00218588,"7-day click or 1-day view","Messaging conversations started",626,2919.33,4.66346645,2026-07-01,Ongoing,9150,0.31905246,2.36354863,0.86240747,,626,,,,,,active,active,0.05068223,4.66346645,2026-07-01,2026-07-31
"FB Ads - 01/07/2026",6976611088797,"2026-07-01 - 2026-07-31",Unknown,female,"Ad set 1",active,adset,31,32,1.03225806,"7-day click or 1-day view","Messaging conversations started",,1.06,,2026-07-01,Ongoing,,,33.125,0,,,,,,,,active,active,,,2026-07-01,2026-07-31
"FB Ads Online - 31/07/2026",6986086789197,"2026-07-01 - 2026-07-31",35-44,female,LPU,not_delivering,adset,215,291,1.35348837,"7-day click or 1-day view","Messaging conversations started",,37,,2026-07-31,Ongoing,,,127.14776632,0,,,,,,,,not_delivering,inactive,,,2026-07-01,2026-07-31
"FB Ads Online - 31/07/2026",6986086789197,"2026-07-01 - 2026-07-31",18-24,unknown,AMITY,not_delivering,adset,4,6,1.5,"7-day click or 1-day view","Messaging conversations started",,0.04,,2026-07-31,Ongoing,,,6.66666667,0,,,,,,,,not_delivering,inactive,,,2026-07-01,2026-07-31
"FB Ads - 01/07/2026",6976611088797,"2026-07-01 - 2026-07-31",25-34,unknown,"Ad set 1",active,adset,423,666,1.57446809,"7-day click or 1-day view","Messaging conversations started",,19.58,,2026-07-01,Ongoing,,,29.3993994,0.15015015,,,,,,,,active,active,,,2026-07-01,2026-07-31
"FB Ads - 01/07/2026",6976611088797,"2026-07-01 - 2026-07-31",35-44,unknown,"Ad set 1",active,adset,129,198,1.53488372,"7-day click or 1-day view","Messaging conversations started",,8.97,,2026-07-01,Ongoing,,,45.3030303,0,,,,,,,,active,active,,,2026-07-01,2026-07-31
"FB Ads Online - 31/07/2026",6986086789197,"2026-07-01 - 2026-07-31",25-34,unknown,AMITY,not_delivering,adset,1,1,1,"7-day click or 1-day view","Messaging conversations started",,0.03,,2026-07-31,Ongoing,,,30,0,,,,,,,,not_delivering,inactive,,,2026-07-01,2026-07-31
"FB Ads - 01/07/2026",6976611088797,"2026-07-01 - 2026-07-31",25-34,female,"Ad set 1",active,adset,106221,207932,1.95754135,"7-day click or 1-day view","Messaging conversations started",63,7849.29,124.59190476,2026-07-01,Ongoing,628,12.49886943,37.74931228,0.38666487,,63,,,,,,active,active,0.03029837,124.59190476,2026-07-01,2026-07-31
"FB Ads - 01/07/2026",6976611088797,"2026-07-01 - 2026-07-31",18-24,male,"Ad set 1",active,adset,155714,351331,2.25625827,"7-day click or 1-day view","Messaging conversations started",69,7252.99,105.1157971,2026-07-01,Ongoing,1028,7.05543774,20.64432117,0.34810478,,69,,,,,,active,active,0.0196396,105.1157971,2026-07-01,2026-07-31
"FB Ads - 01/07/2026",6976611088797,"2026-07-01 - 2026-07-31",25-34,male,"Ad set 1",active,adset,201457,420740,2.08848538,"7-day click or 1-day view","Messaging conversations started",136,12541.67,92.21816176,2026-07-01,Ongoing,1145,10.95342358,29.80859913,0.34463089,,136,,,,,,active,active,0.032324,92.21816176,2026-07-01,2026-07-31
"FB Ads - 01/07/2026",6976611088797,"2026-07-01 - 2026-07-31",35-44,male,"Ad set 1",active,adset,52761,94567,1.79236557,"7-day click or 1-day view","Messaging conversations started",49,3759.95,76.73367347,2026-07-01,Ongoing,348,10.80445402,39.75964131,0.49065742,,49,,,,,,active,active,0.05181512,76.73367347,2026-07-01,2026-07-31
"FB Ads - 02/06/2026",6941440443997,"2026-06-01 - 2026-06-30",35-44,male,"Ads - Punjab",inactive,adset,5162,6444,1.24835335,"7-day click or 1-day view","Messaging conversations started",1,201.48,201.48,2026-05-30,Ongoing,26,7.74923077,31.26629423,0.57417753,,1,,,,,,inactive,inactive,0.01551831,201.48,2026-06-01,2026-06-30
"FB Ads - New Session - 27/04/2026",6910460698397,"2026-06-01 - 2026-06-30",25-34,female,"Ads - Punjab",not_delivering,adset,24518,34990,1.42711477,"7-day click or 1-day view","Messaging conversations started",10,1226.81,122.681,2026-04-27,Ongoing,122,10.05581967,35.06173192,0.44012575,,10,,,,,,not_delivering,inactive,0.02857959,122.681,2026-06-01,2026-06-30
"FB Ads - New Session - 27/04/2026",6910460698397,"2026-06-01 - 2026-06-30",35-44,female,"Ads - Punjab",not_delivering,adset,4875,6792,1.39323077,"7-day click or 1-day view","Messaging conversations started",1,285.31,285.31,2026-04-27,Ongoing,25,11.4124,42.00677267,0.53003534,,1,,,,,,not_delivering,inactive,0.0147232,285.31,2026-06-01,2026-06-30
"FB Ads - New Session - 27/04/2026",6910460698397,"2026-06-01 - 2026-06-30",35-44,male,"Ads - Punjab",not_delivering,adset,8409,11773,1.40004757,"7-day click or 1-day view","Messaging conversations started",3,460.55,153.51666667,2026-04-27,Ongoing,36,12.79305556,39.11917098,0.4331946,,3,,,,,,not_delivering,inactive,0.02548204,153.51666667,2026-06-01,2026-06-30
"FB Ads - New Session - 27/04/2026",6910460698397,"2026-06-01 - 2026-06-30",18-24,male,"Ads - Punjab",not_delivering,adset,28105,40668,1.44700231,"7-day click or 1-day view","Messaging conversations started",13,955.41,73.49307692,2026-04-27,Ongoing,152,6.28559211,23.49291826,0.45244418,,13,,,,,,not_delivering,inactive,0.03196617,73.49307692,2026-06-01,2026-06-30
"FB Ads - New Session - 27/04/2026",6910460698397,"2026-06-01 - 2026-06-30",25-34,male,"Ads - Punjab",not_delivering,adset,40011,55633,1.39044263,"7-day click or 1-day view","Messaging conversations started",21,1780.45,84.78333333,2026-04-27,Ongoing,190,9.37078947,32.00348714,0.42061366,,21,,,,,,not_delivering,inactive,0.03774738,84.78333333,2026-06-01,2026-06-30
"FB Ads - New Session - 27/04/2026",6910460698397,"2026-06-01 - 2026-06-30",18-24,female,"Ads - Punjab",not_delivering,adset,26801,39843,1.48662363,"7-day click or 1-day view","Messaging conversations started",11,1042.29,94.75363636,2026-04-27,Ongoing,128,8.14289062,26.15992772,0.41161559,,11,,,,,,not_delivering,inactive,0.02760836,94.75363636,2026-06-01,2026-06-30
"FB Ads - New Session - 27/04/2026",6910460698397,"2026-06-01 - 2026-06-30",18-24,unknown,"Ads - Punjab",not_delivering,adset,139,190,1.36690647,"7-day click or 1-day view","Messaging conversations started",,6.65,,2026-04-27,Ongoing,2,3.325,35,1.05263158,,,,,,,,not_delivering,inactive,,,2026-06-01,2026-06-30
"FB Ads - New Session - 27/04/2026",6910460698397,"2026-06-01 - 2026-06-30",25-34,unknown,"Ads - Punjab",not_delivering,adset,122,165,1.35245902,"7-day click or 1-day view","Messaging conversations started",,6.23,,2026-04-27,Ongoing,2,3.115,37.75757576,1.21212121,,,,,,,,not_delivering,inactive,,,2026-06-01,2026-06-30
"FB Ads - 02/06/2026",6941440443997,"2026-06-01 - 2026-06-30",35-44,male,"Ads - City",not_delivering,adset,3503,4766,1.3605481,"7-day click or 1-day view","Messaging conversations started",3,219.5,73.16666667,2026-05-30,Ongoing,14,15.67857143,46.05539236,0.50356693,,3,,,,,,not_delivering,inactive,0.06294587,73.16666667,2026-06-01,2026-06-30
"FB Ads - New Session - 27/04/2026",6910460698397,"2026-06-01 - 2026-06-30",35-44,unknown,"Ads - Punjab",not_delivering,adset,22,26,1.18181818,"7-day click or 1-day view","Messaging conversations started",,1.49,,2026-04-27,Ongoing,,,57.30769231,0,,,,,,,,not_delivering,inactive,,,2026-06-01,2026-06-30
"FB Ads - New Session - 27/04/2026",6910460698397,"2026-06-01 - 2026-06-30",Unknown,female,"Ads - Punjab",not_delivering,adset,5,5,1,"7-day click or 1-day view","Messaging conversations started",,0.06,,2026-04-27,Ongoing,,,12,0,,,,,,,,not_delivering,inactive,,,2026-06-01,2026-06-30
"FB Ads - 02/06/2026",6941440443997,"2026-06-01 - 2026-06-30",18-24,female,"Ads - Punjab",inactive,adset,20289,27549,1.35782937,"7-day click or 1-day view","Messaging conversations started",7,585.91,83.70142857,2026-05-30,Ongoing,78,7.51166667,21.26792261,0.35209989,,7,,,,,,inactive,inactive,0.02540927,83.70142857,2026-06-01,2026-06-30
"FB Ads - New Session - 27/04/2026",6910460698397,"2026-06-01 - 2026-06-30",Unknown,male,"Ads - Punjab",not_delivering,adset,12,12,1,"7-day click or 1-day view","Messaging conversations started",,0.23,,2026-04-27,Ongoing,,,19.16666667,0,,,,,,,,not_delivering,inactive,,,2026-06-01,2026-06-30
"FB Ads - 02/06/2026",6941440443997,"2026-06-01 - 2026-06-30",25-34,female,"Ads - Punjab",inactive,adset,18394,23107,1.25622486,"7-day click or 1-day view","Messaging conversations started",3,679.83,226.61,2026-05-30,Ongoing,79,8.60544304,29.42095469,0.46739083,,3,,,,,,inactive,inactive,0.01298308,226.61,2026-06-01,2026-06-30
"FB Ads - 02/06/2026",6941440443997,"2026-06-01 - 2026-06-30",25-34,unknown,"Ads - Punjab",inactive,adset,60,68,1.13333333,"7-day click or 1-day view","Messaging conversations started",,2.5,,2026-05-30,Ongoing,,,36.76470588,0,,,,,,,,inactive,inactive,,,2026-06-01,2026-06-30
"FB Ads - 02/06/2026",6941440443997,"2026-06-01 - 2026-06-30",25-34,female,"Ads - City",not_delivering,adset,12438,15917,1.27970735,"7-day click or 1-day view","Messaging conversations started",6,622.63,103.77166667,2026-05-30,Ongoing,42,14.82452381,39.11729597,0.38323805,,6,,,,,,not_delivering,inactive,0.03769555,103.77166667,2026-06-01,2026-06-30
"FB Ads - 02/06/2026",6941440443997,"2026-06-01 - 2026-06-30",25-34,male,"Ads - City",not_delivering,adset,17006,22663,1.3326473,"7-day click or 1-day view","Messaging conversations started",7,715.96,102.28,2026-05-30,Ongoing,50,14.3192,31.59158099,0.2868111,,7,,,,,,not_delivering,inactive,0.03088735,102.28,2026-06-01,2026-06-30
"FB Ads - 02/06/2026",6941440443997,"2026-06-01 - 2026-06-30",Unknown,female,"Ads - Punjab",inactive,adset,4,5,1.25,"7-day click or 1-day view","Messaging conversations started",,0.12,,2026-05-30,Ongoing,,,24,0,,,,,,,,inactive,inactive,,,2026-06-01,2026-06-30
"FB Ads - 02/06/2026",6941440443997,"2026-06-01 - 2026-06-30",Unknown,male,"Ads - Punjab",inactive,adset,6,6,1,"7-day click or 1-day view","Messaging conversations started",,0.03,,2026-05-30,Ongoing,,,5,0,,,,,,,,inactive,inactive,,,2026-06-01,2026-06-30
"FB Ads - 02/06/2026",6941440443997,"2026-06-01 - 2026-06-30",18-24,male,"Ads - City",not_delivering,adset,13607,17970,1.32064379,"7-day click or 1-day view","Messaging conversations started",7,412.86,58.98,2026-05-30,Ongoing,31,13.31806452,22.97495826,0.27267668,,7,,,,,,not_delivering,inactive,0.03895381,58.98,2026-06-01,2026-06-30
"FB Ads - 02/06/2026",6941440443997,"2026-06-01 - 2026-06-30",35-44,unknown,"Ads - Punjab",inactive,adset,12,14,1.16666667,"7-day click or 1-day view","Messaging conversations started",,0.43,,2026-05-30,Ongoing,,,30.71428571,0,,,,,,,,inactive,inactive,,,2026-06-01,2026-06-30
"FB Ads - 02/06/2026",6941440443997,"2026-06-01 - 2026-06-30",35-44,female,"Ads - Punjab",inactive,adset,3081,3884,1.26062967,"7-day click or 1-day view","Messaging conversations started",,128.25,,2026-05-30,Ongoing,9,14.25,33.02008239,0.28321318,,,,,,,,inactive,inactive,,,2026-06-01,2026-06-30
"FB Ads - 02/06/2026",6941440443997,"2026-06-01 - 2026-06-30",25-34,male,"Ads - Punjab",inactive,adset,28684,37532,1.30846465,"7-day click or 1-day view","Messaging conversations started",11,977.7,88.88181818,2026-05-30,Ongoing,133,7.35112782,26.04977086,0.4236385,,11,,,,,,inactive,inactive,0.02930832,88.88181818,2026-06-01,2026-06-30
"FB Distance - 09/06/2026",6953152263197,"2026-06-01 - 2026-06-30",35-44,female,"Ad set 1",not_delivering,adset,5114,7818,1.52874462,"7-day click or 1-day view","Messaging conversations started",4,345.89,86.4725,2026-06-09,Ongoing,29,11.92724138,44.24277309,0.55001279,,4,,,,,,not_delivering,inactive,0.05116398,86.4725,2026-06-01,2026-06-30
"FB Ads - 02/06/2026",6941440443997,"2026-06-01 - 2026-06-30",18-24,unknown,"Ads - Punjab",inactive,adset,73,97,1.32876712,"7-day click or 1-day view","Messaging conversations started",,6.41,,2026-05-30,Ongoing,2,3.205,66.08247423,2.06185567,,,,,,,,inactive,inactive,,,2026-06-01,2026-06-30
"FB Ads - 02/06/2026",6941440443997,"2026-06-01 - 2026-06-30",18-24,female,"Ads - City",not_delivering,adset,14125,19018,1.34640708,"7-day click or 1-day view","Messaging conversations started",3,489.55,163.18333333,2026-05-30,Ongoing,23,21.28478261,25.74140288,0.19981071,,3,,,,,,not_delivering,inactive,0.01577453,163.18333333,2026-06-01,2026-06-30
"FB Ads - 02/06/2026",6941440443997,"2026-06-01 - 2026-06-30",18-24,male,"Ads - Punjab",inactive,adset,24744,32128,1.29841578,"7-day click or 1-day view","Messaging conversations started",8,566.1,70.7625,2026-05-30,Ongoing,113,5.00973451,17.62014442,0.43264442,,8,,,,,,inactive,inactive,0.0249004,70.7625,2026-06-01,2026-06-30
"FB Ads - 02/06/2026",6941440443997,"2026-06-01 - 2026-06-30",35-44,unknown,"Ads - City",not_delivering,adset,7,8,1.14285714,"7-day click or 1-day view","Messaging conversations started",,0.09,,2026-05-30,Ongoing,,,11.25,0,,,,,,,,not_delivering,inactive,,,2026-06-01,2026-06-30
"FB Distance - 09/06/2026",6953152263197,"2026-06-01 - 2026-06-30",Unknown,unknown,"Ad set 1",not_delivering,adset,1,1,1,"7-day click or 1-day view","Messaging conversations started",,0.01,,2026-06-09,Ongoing,,,10,0,,,,,,,,not_delivering,inactive,,,2026-06-01,2026-06-30
"FB Ads - 14/06/2026",6959678385397,"2026-06-01 - 2026-06-30",Unknown,male,"Ad set 1",not_delivering,adset,11,12,1.09090909,"7-day click or 1-day view","Messaging conversations started",,0.25,,2026-06-14,Ongoing,,,20.83333333,0,,,,,,,,not_delivering,inactive,,,2026-06-01,2026-06-30
"FB Distance - 09/06/2026",6953152263197,"2026-06-01 - 2026-06-30",Unknown,male,"Ad set 1",not_delivering,adset,6,6,1,"7-day click or 1-day view","Messaging conversations started",,0.08,,2026-06-09,Ongoing,,,13.33333333,0,,,,,,,,not_delivering,inactive,,,2026-06-01,2026-06-30
"FB Distance - 09/06/2026",6953152263197,"2026-06-01 - 2026-06-30",18-24,unknown,"Ad set 1",not_delivering,adset,56,72,1.28571429,"7-day click or 1-day view","Messaging conversations started",,1.49,,2026-06-09,Ongoing,,,20.69444444,0,,,,,,,,not_delivering,inactive,,,2026-06-01,2026-06-30
"FB Ads - 02/06/2026",6941440443997,"2026-06-01 - 2026-06-30",Unknown,male,"Ads - City",not_delivering,adset,7,7,1,"7-day click or 1-day view","Messaging conversations started",,0.15,,2026-05-30,Ongoing,,,21.42857143,0,,,,,,,,not_delivering,inactive,,,2026-06-01,2026-06-30
"FB Ads - 02/06/2026",6941440443997,"2026-06-01 - 2026-06-30",25-34,unknown,"Ads - City",not_delivering,adset,49,59,1.20408163,"7-day click or 1-day view","Messaging conversations started",,1.91,,2026-05-30,Ongoing,,,32.37288136,0,,,,,,,,not_delivering,inactive,,,2026-06-01,2026-06-30
"FB Ads - 02/06/2026",6941440443997,"2026-06-01 - 2026-06-30",18-24,unknown,"Ads - City",not_delivering,adset,47,52,1.10638298,"7-day click or 1-day view","Messaging conversations started",,1.09,,2026-05-30,Ongoing,,,20.96153846,0,,,,,,,,not_delivering,inactive,,,2026-06-01,2026-06-30
"FB Ads - 02/06/2026",6941440443997,"2026-06-01 - 2026-06-30",Unknown,female,"Ads - City",not_delivering,adset,6,6,1,"7-day click or 1-day view","Messaging conversations started",,0.11,,2026-05-30,Ongoing,,,18.33333333,0,,,,,,,,not_delivering,inactive,,,2026-06-01,2026-06-30
"FB Distance - 09/06/2026",6953152263197,"2026-06-01 - 2026-06-30",18-24,female,"Ad set 1",not_delivering,adset,31284,49196,1.57256105,"7-day click or 1-day view","Messaging conversations started",5,1203.69,240.738,2026-06-09,Ongoing,159,7.57037736,24.46723311,0.40247175,,5,,,,,,not_delivering,inactive,0.01016343,240.738,2026-06-01,2026-06-30
"FB Distance - 09/06/2026",6953152263197,"2026-06-01 - 2026-06-30",18-24,male,"Ad set 1",not_delivering,adset,24001,37156,1.54810216,"7-day click or 1-day view","Messaging conversations started",9,798.05,88.67222222,2026-06-09,Ongoing,119,6.70630252,21.4783615,0.39293788,,9,,,,,,not_delivering,inactive,0.0242222,88.67222222,2026-06-01,2026-06-30
"FB Distance - 09/06/2026",6953152263197,"2026-06-01 - 2026-06-30",25-34,male,"Ad set 1",not_delivering,adset,28062,42429,1.51197349,"7-day click or 1-day view","Messaging conversations started",9,1341.01,149.00111111,2026-06-09,Ongoing,110,12.191,31.60597704,0.3511749,,9,,,,,,not_delivering,inactive,0.02121191,149.00111111,2026-06-01,2026-06-30
"FB Distance - 09/06/2026",6953152263197,"2026-06-01 - 2026-06-30",25-34,female,"Ad set 1",not_delivering,adset,24883,38284,1.53856046,"7-day click or 1-day view","Messaging conversations started",5,1374.36,274.872,2026-06-09,Ongoing,156,8.81,35.89907011,0.51196322,,5,,,,,,not_delivering,inactive,0.01306029,274.872,2026-06-01,2026-06-30
"FB Distance - 09/06/2026",6953152263197,"2026-06-01 - 2026-06-30",25-34,unknown,"Ad set 1",not_delivering,adset,62,82,1.32258065,"7-day click or 1-day view","Messaging conversations started",,3.53,,2026-06-09,Ongoing,1,3.53,43.04878049,1.2195122,,,,,,,,not_delivering,inactive,,,2026-06-01,2026-06-30
"FB Distance - 09/06/2026",6953152263197,"2026-06-01 - 2026-06-30",35-44,male,"Ad set 1",not_delivering,adset,5786,8588,1.48427238,"7-day click or 1-day view","Messaging conversations started",2,334.9,167.45,2026-06-09,Ongoing,23,14.56086957,38.99627387,0.40754541,,2,,,,,,not_delivering,inactive,0.02328831,167.45,2026-06-01,2026-06-30
"FB Distance - 09/06/2026",6953152263197,"2026-06-01 - 2026-06-30",35-44,unknown,"Ad set 1",not_delivering,adset,10,13,1.3,"7-day click or 1-day view","Messaging conversations started",,0.41,,2026-06-09,Ongoing,,,31.53846154,0,,,,,,,,not_delivering,inactive,,,2026-06-01,2026-06-30
"FB Ads - 14/06/2026",6959678385397,"2026-06-01 - 2026-06-30",35-44,female,"Ad set 1",not_delivering,adset,16863,31029,1.84006405,"7-day click or 1-day view","Messaging conversations started",9,1571.47,174.60777778,2026-06-14,Ongoing,91,17.2689011,50.64520287,0.46408199,,9,,,,,,not_delivering,inactive,0.02900512,174.60777778,2026-06-01,2026-06-30
"FB Ads - 02/06/2026",6941440443997,"2026-06-01 - 2026-06-30",35-44,female,"Ads - City",not_delivering,adset,2831,3561,1.25785941,"7-day click or 1-day view","Messaging conversations started",2,167.44,83.72,2026-05-30,Ongoing,10,16.744,47.02049986,0.50547599,,2,,,,,,not_delivering,inactive,0.056164,83.72,2026-06-01,2026-06-30
"FB Ads - 14/06/2026",6959678385397,"2026-06-01 - 2026-06-30",35-44,unknown,"Ad set 1",not_delivering,adset,69,120,1.73913043,"7-day click or 1-day view","Messaging conversations started",,5.44,,2026-06-14,Ongoing,1,5.44,45.33333333,0.83333333,,,,,,,,not_delivering,inactive,,,2026-06-01,2026-06-30
"FB Ads - 14/06/2026",6959678385397,"2026-06-01 - 2026-06-30",18-24,unknown,"Ad set 1",not_delivering,adset,168,273,1.625,"7-day click or 1-day view","Messaging conversations started",,4.75,,2026-06-14,Ongoing,3,1.58333333,17.3992674,1.0989011,,,,,,,,not_delivering,inactive,,,2026-06-01,2026-06-30
"FB Ads - 14/06/2026",6959678385397,"2026-06-01 - 2026-06-30",25-34,unknown,"Ad set 1",not_delivering,adset,167,291,1.74251497,"7-day click or 1-day view","Messaging conversations started",,11.6,,2026-06-14,Ongoing,2,5.8,39.86254296,0.68728522,,,,,,,,not_delivering,inactive,,,2026-06-01,2026-06-30
"FB Ads - 14/06/2026",6959678385397,"2026-06-01 - 2026-06-30",25-34,male,"Ad set 1",not_delivering,adset,113210,209499,1.85053441,"7-day click or 1-day view","Messaging conversations started",50,6454.39,129.0878,2026-06-14,Ongoing,524,12.31753817,30.80869121,0.33222116,,50,,,,,,not_delivering,inactive,0.02386646,129.0878,2026-06-01,2026-06-30
"FB Ads - 14/06/2026",6959678385397,"2026-06-01 - 2026-06-30",Unknown,female,"Ad set 1",not_delivering,adset,13,13,1,"7-day click or 1-day view","Messaging conversations started",,0.18,,2026-06-14,Ongoing,,,13.84615385,0,,,,,,,,not_delivering,inactive,,,2026-06-01,2026-06-30
"FB Ads - 14/06/2026",6959678385397,"2026-06-01 - 2026-06-30",35-44,male,"Ad set 1",not_delivering,adset,28131,52254,1.85752373,"7-day click or 1-day view","Messaging conversations started",25,2249.28,89.9712,2026-06-14,Ongoing,158,14.23594937,43.04512573,0.44207142,,25,,,,,,not_delivering,inactive,0.04784323,89.9712,2026-06-01,2026-06-30
"FB Ads - 14/06/2026",6959678385397,"2026-06-01 - 2026-06-30",18-24,female,"Ad set 1",not_delivering,adset,85915,168353,1.95952977,"7-day click or 1-day view","Messaging conversations started",28,3994.44,142.65857143,2026-06-14,Ongoing,520,7.68161538,23.72657452,0.38965745,,28,,,,,,not_delivering,inactive,0.01663172,142.65857143,2026-06-01,2026-06-30
"FB Ads - 14/06/2026",6959678385397,"2026-06-01 - 2026-06-30",25-34,female,"Ad set 1",not_delivering,adset,63113,112713,1.78589197,"7-day click or 1-day view","Messaging conversations started",19,4156.62,218.76947368,2026-06-14,Ongoing,374,11.11395722,36.87791115,0.42674758,,19,,,,,,not_delivering,inactive,0.01685697,218.76947368,2026-06-01,2026-06-30
"FB Distance - 09/06/2026",6953152263197,"2026-06-01 - 2026-06-30",Unknown,female,"Ad set 1",not_delivering,adset,10,10,1,"7-day click or 1-day view","Messaging conversations started",,0.2,,2026-06-09,Ongoing,,,20,0,,,,,,,,not_delivering,inactive,,,2026-06-01,2026-06-30
"FB Ads - 14/06/2026",6959678385397,"2026-06-01 - 2026-06-30",18-24,male,"Ad set 1",not_delivering,adset,106815,212740,1.99166784,"7-day click or 1-day view","Messaging conversations started",52,4412.03,84.84673077,2026-06-14,Ongoing,770,5.72990909,20.73907117,0.42728213,,52,,,,,,not_delivering,inactive,0.02444298,84.84673077,2026-06-01,2026-06-30
"FB Ads - New Session - 27/04/2026",6910460698397,"2026-05-01 - 2026-05-31",35-44,female,"Ad Online",inactive,adset,503,815,1.62027833,"7-day click or 1-day view","Messaging conversations started",,54.25,,2026-05-01,Ongoing,2,27.125,66.56441718,0.85889571,,,,,,,,inactive,inactive,,,2026-05-01,2026-05-31
"FB Ads - New Session - 27/04/2026",6910460698397,"2026-05-01 - 2026-05-31",35-44,male,"Ads - HP+Jammu",inactive,adset,3152,4527,1.43623096,"7-day click or 1-day view","Messaging conversations started",3,160.59,53.53,2026-04-26,Ongoing,16,10.036875,35.47382372,0.48597305,,3,,,,,,inactive,inactive,0.06626905,53.53,2026-05-01,2026-05-31
"FB Ads - New Session - 27/04/2026",6910460698397,"2026-05-01 - 2026-05-31",18-24,female,"Ads - HP+Jammu",inactive,adset,15904,22161,1.39342304,"7-day click or 1-day view","Messaging conversations started",5,486.36,97.272,2026-04-26,Ongoing,69,7.04869565,21.94666306,0.41063129,,5,,,,,,inactive,inactive,0.02256216,97.272,2026-05-01,2026-05-31
"FB Ads - New Session - 27/04/2026",6910460698397,"2026-05-01 - 2026-05-31",35-44,unknown,"Ad Online",inactive,adset,1,1,1,"7-day click or 1-day view","Messaging conversations started",,0,,2026-05-01,Ongoing,,,0,0,,,,,,,,inactive,inactive,,,2026-05-01,2026-05-31
"FB Ads - New Session - 27/04/2026",6910460698397,"2026-05-01 - 2026-05-31",18-24,unknown,"Ad Online",inactive,adset,25,40,1.6,"7-day click or 1-day view","Messaging conversations started",,35.87,,2026-05-01,Ongoing,,,896.75,0,,,,,,,,inactive,inactive,,,2026-05-01,2026-05-31
"FB Ads - New Session - 27/04/2026",6910460698397,"2026-05-01 - 2026-05-31",18-24,male,"Ad Online",inactive,adset,14251,21312,1.495474,"7-day click or 1-day view","Messaging conversations started",4,614.17,153.5425,2026-05-01,Ongoing,88,6.97920455,28.81803679,0.4786036,,4,,,,,,inactive,inactive,0.01876877,153.5425,2026-05-01,2026-05-31
"FB Ads - New Session - 27/04/2026",6910460698397,"2026-05-01 - 2026-05-31",25-34,female,"Ad Online",inactive,adset,3261,5065,1.55320454,"7-day click or 1-day view","Messaging conversations started",5,267.34,53.468,2026-05-01,Ongoing,21,12.73047619,52.78183613,0.53307009,,5,,,,,,inactive,inactive,0.09871668,53.468,2026-05-01,2026-05-31
"SKIES - 03/05/2026",6915936952597,"2026-05-01 - 2026-05-31",18-24,unknown,"Ad Set 1",not_delivering,adset,4,4,1,"7-day click or 1-day view","Messaging conversations started",,14.21,,2026-05-03,Ongoing,,,3552.5,25,,,,,,,,not_delivering,inactive,,,2026-05-01,2026-05-31
"FB Ads - New Session - 27/04/2026",6910460698397,"2026-05-01 - 2026-05-31",25-34,male,"Ad Online",inactive,adset,6681,10747,1.60859153,"7-day click or 1-day view","Messaging conversations started",2,461.5,230.75,2026-05-01,Ongoing,32,14.421875,42.94221643,0.39080674,,2,,,,,,inactive,inactive,0.01860984,230.75,2026-05-01,2026-05-31
"FB Ads - New Session - 27/04/2026",6910460698397,"2026-05-01 - 2026-05-31",35-44,male,"Ad Online",inactive,adset,1262,2056,1.62916006,"7-day click or 1-day view","Messaging conversations started",3,98.95,32.98333333,2026-05-01,Ongoing,14,7.06785714,48.12743191,1.21595331,,3,,,,,,inactive,inactive,0.1459144,32.98333333,2026-05-01,2026-05-31
"FB Ads - New Session - 27/04/2026",6910460698397,"2026-05-01 - 2026-05-31",25-34,female,"Ads - HP+Jammu",inactive,adset,10503,13798,1.31371989,"7-day click or 1-day view","Messaging conversations started",3,468.21,156.07,2026-04-26,Ongoing,50,9.3642,33.93317872,0.49282505,,3,,,,,,inactive,inactive,0.02174228,156.07,2026-05-01,2026-05-31
"FB Ads - New Session - 27/04/2026",6910460698397,"2026-05-01 - 2026-05-31",25-34,male,"Ads - HP+Jammu",inactive,adset,16768,23601,1.40750239,"7-day click or 1-day view","Messaging conversations started",8,712,89,2026-04-26,Ongoing,95,7.49473684,30.16821321,0.54658701,,8,,,,,,inactive,inactive,0.03389687,89,2026-05-01,2026-05-31
"FB Ads - New Session - 27/04/2026",6910460698397,"2026-05-01 - 2026-05-31",35-44,female,"Ads - HP+Jammu",inactive,adset,1833,2473,1.34915439,"7-day click or 1-day view","Messaging conversations started",1,106.34,106.34,2026-04-26,Ongoing,8,13.2925,43.00040437,0.4852406,,1,,,,,,inactive,inactive,0.04043672,106.34,2026-05-01,2026-05-31
"FB Ads - New Session - 27/04/2026",6910460698397,"2026-05-01 - 2026-05-31",18-24,male,"Ads - HP+Jammu",inactive,adset,19156,27475,1.43427647,"7-day click or 1-day view","Messaging conversations started",7,553.45,79.06428571,2026-04-26,Ongoing,101,5.47970297,20.14376706,0.45131938,,7,,,,,,inactive,inactive,0.02547771,79.06428571,2026-05-01,2026-05-31
"FB Ads - New Session - 27/04/2026",6910460698397,"2026-05-01 - 2026-05-31",18-24,female,"Ad Online",inactive,adset,8934,14008,1.56794269,"7-day click or 1-day view","Messaging conversations started",1,448.61,448.61,2026-05-01,Ongoing,38,11.80552632,32.02527127,0.32838378,,1,,,,,,inactive,inactive,0.00713878,448.61,2026-05-01,2026-05-31
"FB Ads - New Session - 27/04/2026",6910460698397,"2026-05-01 - 2026-05-31",25-34,unknown,"Ads - HP+Jammu",inactive,adset,28,42,1.5,"7-day click or 1-day view","Messaging conversations started",,1.51,,2026-04-26,Ongoing,1,1.51,35.95238095,2.38095238,,,,,,,,inactive,inactive,,,2026-05-01,2026-05-31
"SKIES - 03/05/2026",6915936952597,"2026-05-01 - 2026-05-31",18-24,female,"Ad Set 1",not_delivering,adset,238,414,1.7394958,"7-day click or 1-day view","Messaging conversations started",,52.17,,2026-05-03,Ongoing,3,17.39,126.01449275,0.96618357,,,,,,,,not_delivering,inactive,,,2026-05-01,2026-05-31
"SKIES - 03/05/2026",6915936952597,"2026-05-01 - 2026-05-31",45-54,female,"Ad Set 1",not_delivering,adset,192,352,1.83333333,"7-day click or 1-day view","Messaging conversations started",,59.44,,2026-05-03,Ongoing,,,168.86363636,0.28409091,,,,,,,,not_delivering,inactive,,,2026-05-01,2026-05-31
"SKIES - 03/05/2026",6915936952597,"2026-05-01 - 2026-05-31",45-54,unknown,"Ad Set 1",not_delivering,adset,2,2,1,"7-day click or 1-day view","Messaging conversations started",,0.25,,2026-05-03,Ongoing,,,125,0,,,,,,,,not_delivering,inactive,,,2026-05-01,2026-05-31
"SKIES - 03/05/2026",6915936952597,"2026-05-01 - 2026-05-31",25-34,unknown,"Ad Set 1",not_delivering,adset,4,4,1,"7-day click or 1-day view","Messaging conversations started",,0.16,,2026-05-03,Ongoing,,,40,0,,,,,,,,not_delivering,inactive,,,2026-05-01,2026-05-31
"SKIES - 03/05/2026",6915936952597,"2026-05-01 - 2026-05-31",25-34,female,"Ad Set 1",not_delivering,adset,342,625,1.82748538,"7-day click or 1-day view","Messaging conversations started",,120.09,,2026-05-03,Ongoing,2,60.045,192.144,0.48,,,,,,,,not_delivering,inactive,,,2026-05-01,2026-05-31
"SKIES - 03/05/2026",6915936952597,"2026-05-01 - 2026-05-31",25-34,male,"Ad Set 1",not_delivering,adset,1121,2055,1.83318466,"7-day click or 1-day view","Messaging conversations started",2,238.57,119.285,2026-05-03,Ongoing,8,29.82125,116.09245742,0.87591241,,2,,,,,,not_delivering,inactive,0.0973236,119.285,2026-05-01,2026-05-31
"SKIES - 03/05/2026",6915936952597,"2026-05-01 - 2026-05-31",35-44,male,"Ad Set 1",not_delivering,adset,979,2062,2.10623085,"7-day click or 1-day view","Messaging conversations started",5,405.03,81.006,2026-05-03,Ongoing,20,20.2515,196.42580019,1.93986421,,5,,,,,,not_delivering,inactive,0.24248303,81.006,2026-05-01,2026-05-31
"SKIES - 03/05/2026",6915936952597,"2026-05-01 - 2026-05-31",18-24,male,"Ad Set 1",not_delivering,adset,709,1321,1.86318759,"7-day click or 1-day view","Messaging conversations started",4,166.98,41.745,2026-05-03,Ongoing,6,27.83,126.40423921,0.98410295,,4,,,,,,not_delivering,inactive,0.30280091,41.745,2026-05-01,2026-05-31
"SKIES - 03/05/2026",6915936952597,"2026-05-01 - 2026-05-31",35-44,female,"Ad Set 1",not_delivering,adset,485,751,1.54845361,"7-day click or 1-day view","Messaging conversations started",2,115.15,57.575,2026-05-03,Ongoing,4,28.7875,153.32889481,1.19840213,,2,,,,,,not_delivering,inactive,0.26631158,57.575,2026-05-01,2026-05-31
"FB Ads - New Session - 27/04/2026",6910460698397,"2026-05-01 - 2026-05-31",Unknown,female,"Ads - HP+Jammu",inactive,adset,2,2,1,"7-day click or 1-day view","Messaging conversations started",,0,,2026-04-26,Ongoing,,,0,0,,,,,,,,inactive,inactive,,,2026-05-01,2026-05-31
"FB Ads - New Session - 27/04/2026",6910460698397,"2026-05-01 - 2026-05-31",18-24,unknown,"Ads - HP+Jammu",inactive,adset,50,71,1.42,"7-day click or 1-day view","Messaging conversations started",,1.22,,2026-04-26,Ongoing,,,17.18309859,0,,,,,,,,inactive,inactive,,,2026-05-01,2026-05-31
"FB Ads - New Session - 27/04/2026",6910460698397,"2026-05-01 - 2026-05-31",35-44,unknown,"Ads - HP+Jammu",inactive,adset,7,8,1.14285714,"7-day click or 1-day view","Messaging conversations started",,1.7,,2026-04-26,Ongoing,,,212.5,0,,,,,,,,inactive,inactive,,,2026-05-01,2026-05-31
"SKIES - 03/05/2026",6915936952597,"2026-05-01 - 2026-05-31",35-44,unknown,"Ad Set 1",not_delivering,adset,4,6,1.5,"7-day click or 1-day view","Messaging conversations started",,0.5,,2026-05-03,Ongoing,,,83.33333333,0,,,,,,,,not_delivering,inactive,,,2026-05-01,2026-05-31
"FB Ads - New Session - 27/04/2026",6910460698397,"2026-05-01 - 2026-05-31",25-34,unknown,"Ad Online",inactive,adset,21,28,1.33333333,"7-day click or 1-day view","Messaging conversations started",,4.48,,2026-05-01,Ongoing,,,160,0,,,,,,,,inactive,inactive,,,2026-05-01,2026-05-31
"FB Ads - New Session - 27/04/2026",6910460698397,"2026-05-01 - 2026-05-31",25-34,female,"Ads - Punjab – Online",inactive,adset,9072,13111,1.44521605,"7-day click or 1-day view","Messaging conversations started",4,507.52,126.88,2026-05-06,Ongoing,38,13.35578947,38.70948059,0.39661353,,4,,,,,,inactive,inactive,0.03050873,126.88,2026-05-01,2026-05-31
"FB Online Ads - 13/05/2026",6924458397597,"2026-05-01 - 2026-05-31",Unknown,male,"Ad set",not_delivering,adset,1,1,1,"7-day click or 1-day view","Messaging conversations started",,0,,2026-05-13,Ongoing,,,0,0,,,,,,,,not_delivering,inactive,,,2026-05-01,2026-05-31
"FB Ads - New Session - 27/04/2026",6910460698397,"2026-05-01 - 2026-05-31",18-24,female,"Ads - Punjab – Online",inactive,adset,17722,27635,1.55936125,"7-day click or 1-day view","Messaging conversations started",6,729.27,121.545,2026-05-06,Ongoing,70,10.41814286,26.38936132,0.33291116,,6,,,,,,inactive,inactive,0.0217116,121.545,2026-05-01,2026-05-31
"FB Online Ads - 13/05/2026",6924458397597,"2026-05-01 - 2026-05-31",25-34,female,"Ad set",not_delivering,adset,2294,3609,1.57323452,"7-day click or 1-day view","Messaging conversations started",,329.06,,2026-05-13,Ongoing,15,21.93733333,91.17761153,0.66500416,,,,,,,,not_delivering,inactive,,,2026-05-01,2026-05-31
"FB Online Ads - 13/05/2026",6924458397597,"2026-05-01 - 2026-05-31",18-24,unknown,"Ad set",not_delivering,adset,33,53,1.60606061,"7-day click or 1-day view","Messaging conversations started",,42.77,,2026-05-13,Ongoing,2,21.385,806.98113208,1.88679245,,,,,,,,not_delivering,inactive,,,2026-05-01,2026-05-31
"FB Online Ads - 13/05/2026",6924458397597,"2026-05-01 - 2026-05-31",18-24,female,"Ad set",not_delivering,adset,8627,14385,1.66743943,"7-day click or 1-day view","Messaging conversations started",4,695.32,173.83,2026-05-13,Ongoing,63,11.0368254,48.33646159,0.52137643,,4,,,,,,not_delivering,inactive,0.02780674,173.83,2026-05-01,2026-05-31
"FB Online Ads - 13/05/2026",6924458397597,"2026-05-01 - 2026-05-31",18-24,male,"Ad set",not_delivering,adset,15599,23451,1.5033656,"7-day click or 1-day view","Messaging conversations started",6,769.85,128.30833333,2026-05-13,Ongoing,114,6.75307018,32.82802439,0.56287578,,6,,,,,,not_delivering,inactive,0.02558526,128.30833333,2026-05-01,2026-05-31
"FB Online Ads - 13/05/2026",6924458397597,"2026-05-01 - 2026-05-31",25-34,male,"Ad set",not_delivering,adset,4189,6708,1.60133683,"7-day click or 1-day view","Messaging conversations started",2,380.61,190.305,2026-05-13,Ongoing,45,8.458,56.73971377,0.80500894,,2,,,,,,not_delivering,inactive,0.02981515,190.305,2026-05-01,2026-05-31
"FB Ads - New Session - 27/04/2026",6910460698397,"2026-05-01 - 2026-05-31",18-24,male,"Ads - Punjab – Online",inactive,adset,26727,43615,1.63187039,"7-day click or 1-day view","Messaging conversations started",9,1034.66,114.96222222,2026-05-06,Ongoing,142,7.28633803,23.72257251,0.36226069,,9,,,,,,inactive,inactive,0.0206351,114.96222222,2026-05-01,2026-05-31
"FB Ads - New Session - 27/04/2026",6910460698397,"2026-05-01 - 2026-05-31",25-34,unknown,"Ads - Punjab – Online",inactive,adset,24,27,1.125,"7-day click or 1-day view","Messaging conversations started",,0.44,,2026-05-06,Ongoing,,,16.2962963,0,,,,,,,,inactive,inactive,,,2026-05-01,2026-05-31
"FB Ads - New Session - 27/04/2026",6910460698397,"2026-05-01 - 2026-05-31",35-44,female,"Ads - Punjab – Online",inactive,adset,1507,2240,1.48639681,"7-day click or 1-day view","Messaging conversations started",,107.99,,2026-05-06,Ongoing,2,53.995,48.20982143,0.13392857,,,,,,,,inactive,inactive,,,2026-05-01,2026-05-31
"FB Ads - New Session - 27/04/2026",6910460698397,"2026-05-01 - 2026-05-31",25-34,male,"Ads - Punjab – Online",inactive,adset,16465,25643,1.55742484,"7-day click or 1-day view","Messaging conversations started",4,870.93,217.7325,2026-05-06,Ongoing,78,11.16576923,33.9636548,0.37437117,,4,,,,,,inactive,inactive,0.0155988,217.7325,2026-05-01,2026-05-31
"FB Ads - New Session - 27/04/2026",6910460698397,"2026-05-01 - 2026-05-31",35-44,male,"Ads - Punjab – Online",inactive,adset,2430,3731,1.53539095,"7-day click or 1-day view","Messaging conversations started",2,201.16,100.58,2026-05-06,Ongoing,10,20.116,53.91584026,0.45564192,,2,,,,,,inactive,inactive,0.05360493,100.58,2026-05-01,2026-05-31
"FB Ads - New Session - 27/04/2026",6910460698397,"2026-05-01 - 2026-05-31",18-24,unknown,"Ads - Punjab – Online",inactive,adset,67,91,1.35820896,"7-day click or 1-day view","Messaging conversations started",1,6.75,6.75,2026-05-06,Ongoing,2,3.375,74.17582418,1.0989011,,1,,,,,,inactive,inactive,1.0989011,6.75,2026-05-01,2026-05-31
"FB Online Ads - 13/05/2026",6924458397597,"2026-05-01 - 2026-05-31",25-34,unknown,"Ad set",not_delivering,adset,5,5,1,"7-day click or 1-day view","Messaging conversations started",,0.26,,2026-05-13,Ongoing,,,52,0,,,,,,,,not_delivering,inactive,,,2026-05-01,2026-05-31
"SKIES - 03/05/2026",6915936952597,"2026-05-01 - 2026-05-31",45-54,male,"Ad Set 1",not_delivering,adset,703,1614,2.29587482,"7-day click or 1-day view","Messaging conversations started",3,345.87,115.29,2026-05-03,Ongoing,16,21.616875,214.2936803,1.73482032,,3,,,,,,not_delivering,inactive,0.18587361,115.29,2026-05-01,2026-05-31
"FB Ads - New Session - 27/04/2026",6910460698397,"2026-05-01 - 2026-05-31",35-44,unknown,"Ads - Punjab",not_delivering,adset,48,89,1.85416667,"7-day click or 1-day view","Messaging conversations started",1,3.41,3.41,2026-04-27,Ongoing,1,3.41,38.31460674,1.12359551,,1,,,,,,not_delivering,inactive,1.12359551,3.41,2026-05-01,2026-05-31
"FB Ads - New Session - 27/04/2026",6910460698397,"2026-05-01 - 2026-05-31",18-24,unknown,"Ads - Punjab",not_delivering,adset,408,773,1.89460784,"7-day click or 1-day view","Messaging conversations started",,21.41,,2026-04-27,Ongoing,2,10.705,27.69728331,0.51746442,,,,,,,,not_delivering,inactive,,,2026-05-01,2026-05-31
"New Engagement campaign",6931637948197,"2026-05-01 - 2026-05-31",Unknown,female,"New Engagement ad set",not_delivering,adset,2,2,1,"7-day click or 1-day view","Messaging conversations started",,0.12,,2026-05-20,Ongoing,,,60,0,,,,,,,,not_delivering,inactive,,,2026-05-01,2026-05-31
"New Engagement campaign",6931637948197,"2026-05-01 - 2026-05-31",25-34,female,"New Engagement ad set",not_delivering,adset,6182,10277,1.66240699,"7-day click or 1-day view","Messaging conversations started",2,672.75,336.375,2026-05-20,Ongoing,42,16.01785714,65.46171062,0.6324803,,2,,,,,,not_delivering,inactive,0.01946093,336.375,2026-05-01,2026-05-31
"New Engagement campaign",6931637948197,"2026-05-01 - 2026-05-31",18-24,female,"New Engagement ad set",not_delivering,adset,15904,25818,1.62336519,"7-day click or 1-day view","Messaging conversations started",5,1075.96,215.192,2026-05-20,Ongoing,112,9.60678571,41.67480053,0.53451081,,5,,,,,,not_delivering,inactive,0.01936633,215.192,2026-05-01,2026-05-31
"FB Ads - New Session - 27/04/2026",6910460698397,"2026-05-01 - 2026-05-31",Unknown,female,"Ads - Punjab",not_delivering,adset,24,25,1.04166667,"7-day click or 1-day view","Messaging conversations started",,0.37,,2026-04-27,Ongoing,,,14.8,0,,,,,,,,not_delivering,inactive,,,2026-05-01,2026-05-31
"FB Ads - New Session - 27/04/2026",6910460698397,"2026-05-01 - 2026-05-31",Unknown,male,"Ads - Punjab",not_delivering,adset,12,12,1,"7-day click or 1-day view","Messaging conversations started",,0.32,,2026-04-27,Ongoing,,,26.66666667,0,,,,,,,,not_delivering,inactive,,,2026-05-01,2026-05-31
"FB Ads - New Session - 27/04/2026",6910460698397,"2026-05-01 - 2026-05-31",25-34,unknown,"Ads - Punjab",not_delivering,adset,258,460,1.78294574,"7-day click or 1-day view","Messaging conversations started",,13.1,,2026-04-27,Ongoing,2,6.55,28.47826087,0.43478261,,,,,,,,not_delivering,inactive,,,2026-05-01,2026-05-31
"FB Ads - New Session - 27/04/2026",6910460698397,"2026-05-01 - 2026-05-31",25-34,female,"Ads - Punjab",not_delivering,adset,79336,190699,2.40368811,"7-day click or 1-day view","Messaging conversations started",79,5610.18,71.01493671,2026-04-27,Ongoing,752,7.46034574,29.41903209,0.51022816,,79,,,,,,not_delivering,inactive,0.04142654,71.01493671,2026-05-01,2026-05-31
"FB Ads - New Session - 27/04/2026",6910460698397,"2026-05-01 - 2026-05-31",18-24,male,"Ads - Punjab",not_delivering,adset,154630,404627,2.61674319,"7-day click or 1-day view","Messaging conversations started",140,7536.01,53.82864286,2026-04-27,Ongoing,1613,4.67204588,18.62458511,0.47080398,,140,,,,,,not_delivering,inactive,0.03459977,53.82864286,2026-05-01,2026-05-31
"FB Ads - New Session - 27/04/2026",6910460698397,"2026-05-01 - 2026-05-31",35-44,unknown,"Ads - Punjab – Online",inactive,adset,6,8,1.33333333,"7-day click or 1-day view","Messaging conversations started",,0.27,,2026-05-06,Ongoing,,,33.75,0,,,,,,,,inactive,inactive,,,2026-05-01,2026-05-31
"FB Ads - New Session - 27/04/2026",6910460698397,"2026-05-01 - 2026-05-31",35-44,female,"Ads - Punjab",not_delivering,adset,12717,28778,2.2629551,"7-day click or 1-day view","Messaging conversations started",10,972.35,97.235,2026-04-27,Ongoing,104,9.34951923,33.78796303,0.47953298,,10,,,,,,not_delivering,inactive,0.03474877,97.235,2026-05-01,2026-05-31
"FB Ads - New Session - 27/04/2026",6910460698397,"2026-05-01 - 2026-05-31",35-44,male,"Ads - Punjab",not_delivering,adset,19790,42524,2.148762,"7-day click or 1-day view","Messaging conversations started",29,1308.97,45.13689655,2026-04-27,Ongoing,154,8.49980519,30.78191139,0.47502587,,29,,,,,,not_delivering,inactive,0.06819678,45.13689655,2026-05-01,2026-05-31
"FB Ads - New Session - 27/04/2026",6910460698397,"2026-05-01 - 2026-05-31",25-34,male,"Ads - Punjab",not_delivering,adset,137045,310150,2.26312525,"7-day click or 1-day view","Messaging conversations started",139,7770.82,55.90517986,2026-04-27,Ongoing,1191,6.52461797,25.05503788,0.46235692,,139,,,,,,not_delivering,inactive,0.04481702,55.90517986,2026-05-01,2026-05-31
"FB Ads - New Session - 27/04/2026",6910460698397,"2026-05-01 - 2026-05-31",18-24,female,"Ads - Punjab",not_delivering,adset,118048,316458,2.68075698,"7-day click or 1-day view","Messaging conversations started",91,6713.03,73.76956044,2026-04-27,Ongoing,1138,5.89897188,21.21302037,0.44113279,,91,,,,,,not_delivering,inactive,0.02875579,73.76956044,2026-05-01,2026-05-31
"FB Ads - New Session - 27/04/2026",6910460698397,"2026-04-01 - 2026-04-30",25-34,male,"Ads - Punjab",not_delivering,adset,14057,20352,1.44781959,"7-day click or 1-day view","Messaging conversations started",10,715.58,71.558,2026-04-27,Ongoing,89,8.04022472,35.16018082,0.4913522,,10,,,,,,not_delivering,inactive,0.04913522,71.558,2026-04-01,2026-04-30
"FB Ads - New Session - 27/04/2026",6910460698397,"2026-04-01 - 2026-04-30",18-24,male,"Ads - Punjab",not_delivering,adset,23163,36621,1.58101282,"7-day click or 1-day view","Messaging conversations started",10,1001.49,100.149,2026-04-27,Ongoing,160,6.2593125,27.34742361,0.49425193,,10,,,,,,not_delivering,inactive,0.02730674,100.149,2026-04-01,2026-04-30
"FB Ads - New Session - 27/04/2026",6910460698397,"2026-04-01 - 2026-04-30",18-24,female,"Ads - Punjab",not_delivering,adset,17245,25778,1.49481009,"7-day click or 1-day view","Messaging conversations started",12,809.96,67.49666667,2026-04-27,Ongoing,103,7.86368932,31.4205912,0.49266817,,12,,,,,,not_delivering,inactive,0.04655132,67.49666667,2026-04-01,2026-04-30
"FB Ads - New Session - 27/04/2026",6910460698397,"2026-04-01 - 2026-04-30",25-34,female,"Ads - Punjab",not_delivering,adset,8581,12297,1.43304976,"7-day click or 1-day view","Messaging conversations started",9,489.87,54.43,2026-04-27,Ongoing,48,10.205625,39.8365455,0.49605595,,9,,,,,,not_delivering,inactive,0.07318858,54.43,2026-04-01,2026-04-30
"FB Ads - New Session - 27/04/2026",6910460698397,"2026-04-01 - 2026-04-30",35-44,female,"Ads - Punjab",not_delivering,adset,1480,2093,1.41418919,"7-day click or 1-day view","Messaging conversations started",1,93.04,93.04,2026-04-27,Ongoing,9,10.33777778,44.45293837,0.5255614,,1,,,,,,not_delivering,inactive,0.04777831,93.04,2026-04-01,2026-04-30
"FB Ads - New Session - 27/04/2026",6910460698397,"2026-04-01 - 2026-04-30",Unknown,female,"Ads - Punjab",not_delivering,adset,2,2,1,"7-day click or 1-day view","Messaging conversations started",,0.19,,2026-04-27,Ongoing,,,95,0,,,,,,,,not_delivering,inactive,,,2026-04-01,2026-04-30
"FB Ads - New Session - 27/04/2026",6910460698397,"2026-04-01 - 2026-04-30",25-34,unknown,"Ads - Punjab",not_delivering,adset,20,27,1.35,"7-day click or 1-day view","Messaging conversations started",,0.42,,2026-04-27,Ongoing,,,15.55555556,0,,,,,,,,not_delivering,inactive,,,2026-04-01,2026-04-30
"FB Ads - New Session - 27/04/2026",6910460698397,"2026-04-01 - 2026-04-30",35-44,male,"Ads - Punjab",not_delivering,adset,2154,3114,1.44568245,"7-day click or 1-day view","Messaging conversations started",2,125.22,62.61,2026-04-27,Ongoing,15,8.348,40.21194605,0.6743738,,2,,,,,,not_delivering,inactive,0.06422608,62.61,2026-04-01,2026-04-30
"FB Ads - New Session - 27/04/2026",6910460698397,"2026-04-01 - 2026-04-30",18-24,unknown,"Ads - Punjab",not_delivering,adset,35,48,1.37142857,"7-day click or 1-day view","Messaging conversations started",,0.99,,2026-04-27,Ongoing,,,20.625,0,,,,,,,,not_delivering,inactive,,,2026-04-01,2026-04-30
"FB Ads - New Session - 27/04/2026",6910460698397,"2026-04-01 - 2026-04-30",35-44,unknown,"Ads - Punjab",not_delivering,adset,1,1,1,"7-day click or 1-day view","Messaging conversations started",,0.02,,2026-04-27,Ongoing,,,20,0,,,,,,,,not_delivering,inactive,,,2026-04-01,2026-04-30
"FB - March 2026 – Copy",6882908660797,"2026-03-01 - 2026-03-31",18-24,unknown,"Ad set 1",not_delivering,adset,13,16,1.23076923,"7-day click or 1-day view","Messaging conversations started",,0.49,,2026-03-15,Ongoing,,,30.625,0,,,,,,,,not_delivering,inactive,,,2026-03-01,2026-03-31
"FB - March 2026",6882906768197,"2026-03-01 - 2026-03-31",35-44,male,"Ad set 1",not_delivering,adset,2610,3207,1.22873563,"7-day click or 1-day view","Messaging conversations started",1,146.82,146.82,2026-03-15,Ongoing,16,9.17625,45.78110384,0.65481759,,1,,,,,,not_delivering,inactive,0.03118179,146.82,2026-03-01,2026-03-31
"Post: ""Want to Study Overseas?""",6881723895197,"2026-03-01 - 2026-03-31",45-54,male,"Post: ""Want to Study Overseas?""",not_delivering,adset,316,359,1.13607595,"7-day click or 1-day view","Link clicks",5,10.85,2.17,2026-03-13,Ongoing,5,2.17,30.22284123,1.94986072,,,,,,,,not_delivering,inactive,1.39275766,,2026-03-01,2026-03-31
"Post: ""Want to Study Overseas?""",6881723895197,"2026-03-01 - 2026-03-31",18-24,male,"Post: ""Want to Study Overseas?""",not_delivering,adset,1046,1173,1.12141491,"7-day click or 1-day view","Link clicks",11,38.6,3.50909091,2026-03-13,Ongoing,11,3.50909091,32.90707587,1.44927536,,,,,,,,not_delivering,inactive,0.93776641,,2026-03-01,2026-03-31
"Post: ""Want to Study Overseas?""",6881723895197,"2026-03-01 - 2026-03-31",35-44,male,"Post: ""Want to Study Overseas?""",not_delivering,adset,506,554,1.09486166,"7-day click or 1-day view","Link clicks",5,17.44,3.488,2026-03-13,Ongoing,5,3.488,31.4801444,0.90252708,,,,,,,,not_delivering,inactive,0.90252708,,2026-03-01,2026-03-31
"Post: ""Want to Study Overseas?""",6881723895197,"2026-03-01 - 2026-03-31",25-34,male,"Post: ""Want to Study Overseas?""",not_delivering,adset,1368,1576,1.15204678,"7-day click or 1-day view","Link clicks",11,56.2,5.10909091,2026-03-13,Ongoing,11,5.10909091,35.65989848,1.0786802,,,,,,,,not_delivering,inactive,0.69796954,,2026-03-01,2026-03-31
"Post: ""Want to Study Overseas?""",6881723895197,"2026-03-01 - 2026-03-31",65+,male,"Post: ""Want to Study Overseas?""",not_delivering,adset,186,214,1.15053763,"7-day click or 1-day view","Link clicks",4,11.83,2.9575,2026-03-13,Ongoing,4,2.9575,55.28037383,2.80373832,,,,,,,,not_delivering,inactive,1.86915888,,2026-03-01,2026-03-31
"Post: ""Want to Study Overseas?""",6881723895197,"2026-03-01 - 2026-03-31",25-34,female,"Post: ""Want to Study Overseas?""",not_delivering,adset,356,409,1.1488764,"7-day click or 1-day view","Link clicks",7,25.13,3.59,2026-03-13,Ongoing,7,3.59,61.44254279,1.71149144,,,,,,,,not_delivering,inactive,1.71149144,,2026-03-01,2026-03-31
"Post: ""Want to Study Overseas?""",6881723895197,"2026-03-01 - 2026-03-31",35-44,female,"Post: ""Want to Study Overseas?""",not_delivering,adset,112,129,1.15178571,"7-day click or 1-day view","Link clicks",1,4.41,4.41,2026-03-13,Ongoing,1,4.41,34.18604651,0.7751938,,,,,,,,not_delivering,inactive,0.7751938,,2026-03-01,2026-03-31
"FB - March 2026 – Copy",6882908660797,"2026-03-01 - 2026-03-31",25-34,unknown,"Ad set 1",not_delivering,adset,12,21,1.75,"7-day click or 1-day view","Messaging conversations started",,0.98,,2026-03-15,Ongoing,,,46.66666667,0,,,,,,,,not_delivering,inactive,,,2026-03-01,2026-03-31
"Post: ""Want to Study Overseas?""",6881723895197,"2026-03-01 - 2026-03-31",18-24,unknown,"Post: ""Want to Study Overseas?""",not_delivering,adset,2,2,1,"7-day click or 1-day view","Link clicks",,0.1,,2026-03-13,Ongoing,,,50,0,,,,,,,,not_delivering,inactive,,,2026-03-01,2026-03-31
"Post: ""Want to Study Overseas?""",6881723895197,"2026-03-01 - 2026-03-31",45-54,female,"Post: ""Want to Study Overseas?""",not_delivering,adset,67,72,1.07462687,"7-day click or 1-day view","Link clicks",,4.32,,2026-03-13,Ongoing,,,60,1.38888889,,,,,,,,not_delivering,inactive,,,2026-03-01,2026-03-31
"Post: ""Want to Study Overseas?""",6881723895197,"2026-03-01 - 2026-03-31",65+,female,"Post: ""Want to Study Overseas?""",not_delivering,adset,56,62,1.10714286,"7-day click or 1-day view","Link clicks",,4.47,,2026-03-13,Ongoing,,,72.09677419,0,,,,,,,,not_delivering,inactive,,,2026-03-01,2026-03-31
"Post: ""Want to Study Overseas?""",6881723895197,"2026-03-01 - 2026-03-31",25-34,unknown,"Post: ""Want to Study Overseas?""",not_delivering,adset,3,3,1,"7-day click or 1-day view","Link clicks",,0.15,,2026-03-13,Ongoing,,,50,0,,,,,,,,not_delivering,inactive,,,2026-03-01,2026-03-31
"Post: ""Want to Study Overseas?""",6881723895197,"2026-03-01 - 2026-03-31",18-24,female,"Post: ""Want to Study Overseas?""",not_delivering,adset,269,317,1.17843866,"7-day click or 1-day view","Link clicks",2,11.38,5.69,2026-03-13,Ongoing,2,5.69,35.89905363,1.89274448,,,,,,,,not_delivering,inactive,0.63091483,,2026-03-01,2026-03-31
"FB - March 2026",6882906768197,"2026-03-01 - 2026-03-31",Unknown,female,"Ad set 1",not_delivering,adset,1,1,1,"7-day click or 1-day view","Messaging conversations started",,0.01,,2026-03-15,Ongoing,,,10,0,,,,,,,,not_delivering,inactive,,,2026-03-01,2026-03-31
"Post: ""Want to Study Overseas?""",6881723895197,"2026-03-01 - 2026-03-31",35-44,unknown,"Post: ""Want to Study Overseas?""",not_delivering,adset,1,1,1,"7-day click or 1-day view","Link clicks",,0.05,,2026-03-13,Ongoing,,,50,0,,,,,,,,not_delivering,inactive,,,2026-03-01,2026-03-31
"Post: ""Want to Study Overseas?""",6881723895197,"2026-03-01 - 2026-03-31",55-64,female,"Post: ""Want to Study Overseas?""",not_delivering,adset,66,71,1.07575758,"7-day click or 1-day view","Link clicks",1,3.11,3.11,2026-03-13,Ongoing,1,3.11,43.8028169,1.4084507,,,,,,,,not_delivering,inactive,1.4084507,,2026-03-01,2026-03-31
"FB - March 2026",6882906768197,"2026-03-01 - 2026-03-31",25-34,male,"Ad set 1",not_delivering,adset,10687,13352,1.24936839,"7-day click or 1-day view","Messaging conversations started",5,501.09,100.218,2026-03-15,Ongoing,57,8.79105263,37.52920911,0.57669263,,5,,,,,,not_delivering,inactive,0.03744757,100.218,2026-03-01,2026-03-31
"FB - March 2026",6882906768197,"2026-03-01 - 2026-03-31",18-24,female,"Ad set 1",not_delivering,adset,4138,4975,1.20227163,"7-day click or 1-day view","Messaging conversations started",2,162.32,81.16,2026-03-15,Ongoing,28,5.79714286,32.62713568,0.72361809,,2,,,,,,not_delivering,inactive,0.04020101,81.16,2026-03-01,2026-03-31
"FB - March 2026 – Copy",6882908660797,"2026-03-01 - 2026-03-31",35-44,male,"Ad set 1",not_delivering,adset,385,586,1.52207792,"7-day click or 1-day view","Messaging conversations started",,52.28,,2026-03-15,Ongoing,1,52.28,89.21501706,0.34129693,,,,,,,,not_delivering,inactive,,,2026-03-01,2026-03-31
"FB - March 2026 – Copy",6882908660797,"2026-03-01 - 2026-03-31",35-44,female,"Ad set 1",not_delivering,adset,125,159,1.272,"7-day click or 1-day view","Messaging conversations started",,9.72,,2026-03-15,Ongoing,1,9.72,61.13207547,1.88679245,,,,,,,,not_delivering,inactive,,,2026-03-01,2026-03-31
"FB - March 2026 – Copy",6882908660797,"2026-03-01 - 2026-03-31",25-34,female,"Ad set 1",not_delivering,adset,555,735,1.32432432,"7-day click or 1-day view","Messaging conversations started",1,59.4,59.4,2026-03-15,Ongoing,1,59.4,80.81632653,0.54421769,,1,,,,,,not_delivering,inactive,0.13605442,59.4,2026-03-01,2026-03-31
"FB - March 2026 – Copy",6882908660797,"2026-03-01 - 2026-03-31",18-24,female,"Ad set 1",not_delivering,adset,428,590,1.37850467,"7-day click or 1-day view","Messaging conversations started",2,49.19,24.595,2026-03-15,Ongoing,4,12.2975,83.37288136,1.3559322,,2,,,,,,not_delivering,inactive,0.33898305,24.595,2026-03-01,2026-03-31
"FB - March 2026 – Copy",6882908660797,"2026-03-01 - 2026-03-31",18-24,male,"Ad set 1",not_delivering,adset,1550,2133,1.37612903,"7-day click or 1-day view","Messaging conversations started",1,93.48,93.48,2026-03-15,Ongoing,13,7.19076923,43.82559775,0.79699953,,1,,,,,,not_delivering,inactive,0.04688233,93.48,2026-03-01,2026-03-31
"FB - March 2026 – Copy",6882908660797,"2026-03-01 - 2026-03-31",25-34,male,"Ad set 1",not_delivering,adset,2124,3002,1.413371,"7-day click or 1-day view","Messaging conversations started",6,275.06,45.84333333,2026-03-15,Ongoing,22,12.50272727,91.62558294,1.06595603,,6,,,,,,not_delivering,inactive,0.19986676,45.84333333,2026-03-01,2026-03-31
"FB - March 2026",6882906768197,"2026-03-01 - 2026-03-31",18-24,unknown,"Ad set 1",not_delivering,adset,5,8,1.6,"7-day click or 1-day view","Messaging conversations started",,0.26,,2026-03-15,Ongoing,,,32.5,0,,,,,,,,not_delivering,inactive,,,2026-03-01,2026-03-31
"FB - March 2026",6882906768197,"2026-03-01 - 2026-03-31",35-44,unknown,"Ad set 1",not_delivering,adset,9,14,1.55555556,"7-day click or 1-day view","Messaging conversations started",,0.59,,2026-03-15,Ongoing,,,42.14285714,0,,,,,,,,not_delivering,inactive,,,2026-03-01,2026-03-31
"FB - March 2026",6882906768197,"2026-03-01 - 2026-03-31",25-34,female,"Ad set 1",not_delivering,adset,9004,10913,1.21201688,"7-day click or 1-day view","Messaging conversations started",,415.22,,2026-03-15,Ongoing,54,7.68925926,38.0481994,0.60478329,,,,,,,,not_delivering,inactive,,,2026-03-01,2026-03-31
"FB - March 2026",6882906768197,"2026-03-01 - 2026-03-31",35-44,female,"Ad set 1",not_delivering,adset,2299,2847,1.23836451,"7-day click or 1-day view","Messaging conversations started",1,122.61,122.61,2026-03-15,Ongoing,13,9.43153846,43.06638567,0.84299262,,1,,,,,,not_delivering,inactive,0.03512469,122.61,2026-03-01,2026-03-31
"FB - March 2026",6882906768197,"2026-03-01 - 2026-03-31",18-24,male,"Ad set 1",not_delivering,adset,5805,7183,1.23738157,"7-day click or 1-day view","Messaging conversations started",6,217.73,36.28833333,2026-03-15,Ongoing,50,4.3546,30.31184742,0.75177502,,6,,,,,,not_delivering,inactive,0.08353056,36.28833333,2026-03-01,2026-03-31
"Post: ""Want to Study Overseas?""",6881723895197,"2026-03-01 - 2026-03-31",55-64,male,"Post: ""Want to Study Overseas?""",not_delivering,adset,216,259,1.19907407,"7-day click or 1-day view","Link clicks",3,9.01,3.00333333,2026-03-13,Ongoing,3,3.00333333,34.78764479,1.93050193,,,,,,,,not_delivering,inactive,1.15830116,,2026-03-01,2026-03-31
"FB Ads - 22/03/2026",6887028626197,"2026-03-01 - 2026-03-31",25-34,unknown,"Ad set",not_delivering,adset,21,26,1.23809524,"7-day click or 1-day view","Messaging conversations started",,0.92,,2026-03-22,Ongoing,,,35.38461538,0,,,,,,,,not_delivering,inactive,,,2026-03-01,2026-03-31
"FB - March 2026",6882906768197,"2026-03-01 - 2026-03-31",25-34,unknown,"Ad set 1",not_delivering,adset,21,22,1.04761905,"7-day click or 1-day view","Messaging conversations started",,0.59,,2026-03-15,Ongoing,,,26.81818182,0,,,,,,,,not_delivering,inactive,,,2026-03-01,2026-03-31
"Feb Ads - 31st Jan",6861084796197,"2026-03-01 - 2026-03-31",25-34,female,"ad set 1",not_delivering,adset,32633,47508,1.45582692,"7-day click or 1-day view","Messaging conversations started",9,1560.4,173.37777778,2026-01-31,Ongoing,191,8.16963351,32.84499453,0.52201734,,9,,,,,,not_delivering,inactive,0.01894418,173.37777778,2026-03-01,2026-03-31
"Feb Ads - 31st Jan",6861084796197,"2026-03-01 - 2026-03-31",18-24,female,"ad set 1",not_delivering,adset,32137,50061,1.55773719,"7-day click or 1-day view","Messaging conversations started",9,1108.78,123.19777778,2026-01-31,Ongoing,231,4.79991342,22.14857873,0.51337368,,9,,,,,,not_delivering,inactive,0.01797807,123.19777778,2026-03-01,2026-03-31
"Feb Ads - 31st Jan",6861084796197,"2026-03-01 - 2026-03-31",35-44,female,"ad set 1",not_delivering,adset,17692,26269,1.48479539,"7-day click or 1-day view","Messaging conversations started",9,1024.79,113.86555556,2026-01-31,Ongoing,104,9.85375,39.01138224,0.52152728,,9,,,,,,not_delivering,inactive,0.03426092,113.86555556,2026-03-01,2026-03-31
"Feb Ads - 31st Jan",6861084796197,"2026-03-01 - 2026-03-31",45-54,female,"ad set 1",not_delivering,adset,4774,7368,1.54335987,"7-day click or 1-day view","Messaging conversations started",3,330.12,110.04,2026-01-31,Ongoing,36,9.17,44.80456026,0.665038,,3,,,,,,not_delivering,inactive,0.04071661,110.04,2026-03-01,2026-03-31
"Feb Ads - 31st Jan",6861084796197,"2026-03-01 - 2026-03-31",35-44,male,"ad set 1",not_delivering,adset,27585,42209,1.53014319,"7-day click or 1-day view","Messaging conversations started",10,1496.62,149.662,2026-01-31,Ongoing,156,9.59371795,35.45736691,0.57333744,,10,,,,,,not_delivering,inactive,0.02369163,149.662,2026-03-01,2026-03-31
"Feb Ads - 31st Jan",6861084796197,"2026-03-01 - 2026-03-31",55-64,female,"ad set 1",not_delivering,adset,974,1437,1.47535934,"7-day click or 1-day view","Messaging conversations started",1,66.28,66.28,2026-01-31,Ongoing,11,6.02545455,46.12386917,1.2526096,,1,,,,,,not_delivering,inactive,0.06958942,66.28,2026-03-01,2026-03-31
"Feb Ads - 31st Jan",6861084796197,"2026-03-01 - 2026-03-31",18-24,male,"ad set 1",not_delivering,adset,45398,77560,1.70844531,"7-day click or 1-day view","Messaging conversations started",14,1566.04,111.86,2026-01-31,Ongoing,392,3.995,20.19133574,0.57890665,,14,,,,,,not_delivering,inactive,0.01805054,111.86,2026-03-01,2026-03-31
"Feb Ads - 31st Jan",6861084796197,"2026-03-01 - 2026-03-31",35-44,unknown,"ad set 1",not_delivering,adset,74,118,1.59459459,"7-day click or 1-day view","Messaging conversations started",,2.98,,2026-01-31,Ongoing,1,2.98,25.25423729,1.69491525,,,,,,,,not_delivering,inactive,,,2026-03-01,2026-03-31
"Feb Ads - 31st Jan",6861084796197,"2026-03-01 - 2026-03-31",45-54,male,"ad set 1",not_delivering,adset,9838,15158,1.54076032,"7-day click or 1-day view","Messaging conversations started",6,617.46,102.91,2026-01-31,Ongoing,56,11.02607143,40.73492545,0.67950917,,6,,,,,,not_delivering,inactive,0.03958306,102.91,2026-03-01,2026-03-31
"Feb Ads - 31st Jan",6861084796197,"2026-03-01 - 2026-03-31",55-64,male,"ad set 1",not_delivering,adset,2474,4051,1.63742926,"7-day click or 1-day view","Messaging conversations started",,171.01,,2026-01-31,Ongoing,18,9.50055556,42.21426808,0.71587262,,,,,,,,not_delivering,inactive,,,2026-03-01,2026-03-31
"Feb Ads - 31st Jan",6861084796197,"2026-03-01 - 2026-03-31",65+,female,"ad set 1",not_delivering,adset,367,562,1.53133515,"7-day click or 1-day view","Messaging conversations started",,22,,2026-01-31,Ongoing,6,3.66666667,39.14590747,1.60142349,,,,,,,,not_delivering,inactive,,,2026-03-01,2026-03-31
"Feb Ads - 31st Jan",6861084796197,"2026-03-01 - 2026-03-31",25-34,unknown,"ad set 1",not_delivering,adset,110,163,1.48181818,"7-day click or 1-day view","Messaging conversations started",,4.43,,2026-01-31,Ongoing,1,4.43,27.17791411,1.22699387,,,,,,,,not_delivering,inactive,,,2026-03-01,2026-03-31
"Feb Ads - 31st Jan",6861084796197,"2026-03-01 - 2026-03-31",65+,male,"ad set 1",not_delivering,adset,1043,1733,1.66155321,"7-day click or 1-day view","Messaging conversations started",,75.25,,2026-01-31,Ongoing,9,8.36111111,43.42181189,0.75014426,,,,,,,,not_delivering,inactive,,,2026-03-01,2026-03-31
"Feb Ads - 31st Jan",6861084796197,"2026-03-01 - 2026-03-31",Unknown,unknown,"ad set 1",not_delivering,adset,119361,119361,1,"7-day click or 1-day view","Messaging conversations started",48,88.91,1.85229167,2026-01-31,Ongoing,197,0.4513198,0.74488317,0.47838071,,48,,,,,,not_delivering,inactive,0.04021414,1.85229167,2026-03-01,2026-03-31
"Feb Ads - 31st Jan",6861084796197,"2026-03-01 - 2026-03-31",Unknown,female,"ad set 1",not_delivering,adset,5,5,1,"7-day click or 1-day view","Messaging conversations started",,0.1,,2026-01-31,Ongoing,,,20,0,,,,,,,,not_delivering,inactive,,,2026-03-01,2026-03-31
"Feb Ads - 31st Jan",6861084796197,"2026-03-01 - 2026-03-31",18-24,unknown,"ad set 1",not_delivering,adset,118,174,1.47457627,"7-day click or 1-day view","Messaging conversations started",,3.79,,2026-01-31,Ongoing,2,1.895,21.7816092,0.57471264,,,,,,,,not_delivering,inactive,,,2026-03-01,2026-03-31
"Feb Ads - 31st Jan",6861084796197,"2026-03-01 - 2026-03-31",25-34,male,"ad set 1",not_delivering,adset,47229,75349,1.5953969,"7-day click or 1-day view","Messaging conversations started",17,2138.09,125.77,2026-01-31,Ongoing,266,8.03793233,28.3758245,0.48441253,,17,,,,,,not_delivering,inactive,0.02256168,125.77,2026-03-01,2026-03-31
"Feb Ads - 31st Jan",6861084796197,"2026-03-01 - 2026-03-31",Unknown,male,"ad set 1",not_delivering,adset,8,8,1,"7-day click or 1-day view","Messaging conversations started",,0.07,,2026-01-31,Ongoing,,,8.75,0,,,,,,,,not_delivering,inactive,,,2026-03-01,2026-03-31
"Feb Ads - 31st Jan",6861084796197,"2026-03-01 - 2026-03-31",45-54,unknown,"ad set 1",not_delivering,adset,33,49,1.48484848,"7-day click or 1-day view","Messaging conversations started",,2.11,,2026-01-31,Ongoing,,,43.06122449,0,,,,,,,,not_delivering,inactive,,,2026-03-01,2026-03-31
"FB Ads - 22/03/2026",6887028626197,"2026-03-01 - 2026-03-31",18-24,female,"Ad set",not_delivering,adset,4968,6848,1.3784219,"7-day click or 1-day view","Messaging conversations started",,236.5,,2026-03-22,Ongoing,23,10.2826087,34.53563084,0.45268692,,,,,,,,not_delivering,inactive,,,2026-03-01,2026-03-31
"Feb Ads - 31st Jan",6861084796197,"2026-03-01 - 2026-03-31",55-64,unknown,"ad set 1",not_delivering,adset,8,15,1.875,"7-day click or 1-day view","Messaging conversations started",,1.66,,2026-01-31,Ongoing,,,110.66666667,6.66666667,,,,,,,,not_delivering,inactive,,,2026-03-01,2026-03-31
"FB Ads - 22/03/2026",6887028626197,"2026-03-01 - 2026-03-31",25-34,male,"Ad set",not_delivering,adset,9650,14584,1.51129534,"7-day click or 1-day view","Messaging conversations started",4,600.53,150.1325,2026-03-22,Ongoing,50,12.0106,41.17731761,0.45255074,,4,,,,,,not_delivering,inactive,0.02742732,150.1325,2026-03-01,2026-03-31
"FB Ads - 22/03/2026",6887028626197,"2026-03-01 - 2026-03-31",25-34,female,"Ad set",not_delivering,adset,6415,8620,1.34372564,"7-day click or 1-day view","Messaging conversations started",3,410.74,136.91333333,2026-03-22,Ongoing,36,11.40944444,47.64965197,0.55684455,,3,,,,,,not_delivering,inactive,0.03480278,136.91333333,2026-03-01,2026-03-31
"FB Ads - 22/03/2026",6887028626197,"2026-03-01 - 2026-03-31",35-44,female,"Ad set",not_delivering,adset,1580,2204,1.39493671,"7-day click or 1-day view","Messaging conversations started",2,106.93,53.465,2026-03-22,Ongoing,11,9.72090909,48.51633394,0.63520871,,2,,,,,,not_delivering,inactive,0.0907441,53.465,2026-03-01,2026-03-31
"FB Ads - 22/03/2026",6887028626197,"2026-03-01 - 2026-03-31",18-24,male,"Ad set",not_delivering,adset,8321,12812,1.53971878,"7-day click or 1-day view","Messaging conversations started",4,360.23,90.0575,2026-03-22,Ongoing,57,6.31982456,28.11660943,0.5385576,,4,,,,,,not_delivering,inactive,0.03122073,90.0575,2026-03-01,2026-03-31
"Feb Ads - 31st Jan",6861084796197,"2026-03-01 - 2026-03-31",65+,unknown,"ad set 1",not_delivering,adset,5,7,1.4,"7-day click or 1-day view","Messaging conversations started",,0.5,,2026-01-31,Ongoing,,,71.42857143,0,,,,,,,,not_delivering,inactive,,,2026-03-01,2026-03-31
"FB Ads - 22/03/2026",6887028626197,"2026-03-01 - 2026-03-31",35-44,male,"Ad set",not_delivering,adset,2187,3392,1.55098308,"7-day click or 1-day view","Messaging conversations started",1,157.32,157.32,2026-03-22,Ongoing,15,10.488,46.37971698,0.61910377,,1,,,,,,not_delivering,inactive,0.02948113,157.32,2026-03-01,2026-03-31
"FB Ads - 22/03/2026",6887028626197,"2026-03-01 - 2026-03-31",18-24,unknown,"Ad set",not_delivering,adset,24,30,1.25,"7-day click or 1-day view","Messaging conversations started",,12.13,,2026-03-22,Ongoing,,,404.33333333,0,,,,,,,,not_delivering,inactive,,,2026-03-01,2026-03-31
"FB Ads - 22/03/2026",6887028626197,"2026-03-01 - 2026-03-31",Unknown,male,"Ad set",not_delivering,adset,1,1,1,"7-day click or 1-day view","Messaging conversations started",,0.02,,2026-03-22,Ongoing,,,20,0,,,,,,,,not_delivering,inactive,,,2026-03-01,2026-03-31
"FB Ads - 22/03/2026",6887028626197,"2026-03-01 - 2026-03-31",Unknown,female,"Ad set",not_delivering,adset,1,1,1,"7-day click or 1-day view","Messaging conversations started",,0.01,,2026-03-22,Ongoing,,,10,0,,,,,,,,not_delivering,inactive,,,2026-03-01,2026-03-31
"FB - March 2026 – Copy",6882908660797,"2026-03-01 - 2026-03-31",35-44,unknown,"Ad set 1",not_delivering,adset,3,3,1,"7-day click or 1-day view","Messaging conversations started",,0.04,,2026-03-15,Ongoing,,,13.33333333,0,,,,,,,,not_delivering,inactive,,,2026-03-01,2026-03-31
"FB Ads - 22/03/2026",6887028626197,"2026-03-01 - 2026-03-31",35-44,unknown,"Ad set",not_delivering,adset,9,16,1.77777778,"7-day click or 1-day view","Messaging conversations started",,1.84,,2026-03-22,Ongoing,1,1.84,115,12.5,,,,,,,,not_delivering,inactive,,,2026-03-01,2026-03-31
"FB Ads - 23rd Jan",6857822968197,"2026-02-01 - 2026-02-28",18-24,female,"ad set 1",not_delivering,adset,5043,8019,1.59012493,"7-day click or 1-day view","Messaging conversations started",3,301.81,100.60333333,2026-01-23,Ongoing,33,9.14575758,37.63686245,0.4364634,,3,,,,,,not_delivering,inactive,0.03741115,100.60333333,2026-02-01,2026-02-28
"FB Ads - 23rd Jan",6857822968197,"2026-02-01 - 2026-02-28",65+,male,"ad set 1",not_delivering,adset,29,39,1.34482759,"7-day click or 1-day view","Messaging conversations started",,8.42,,2026-01-23,Ongoing,,,215.8974359,0,,,,,,,,not_delivering,inactive,,,2026-02-01,2026-02-28
"FB Ads - 23rd Jan",6857822968197,"2026-02-01 - 2026-02-28",25-34,female,"ad set 1",not_delivering,adset,2961,4393,1.4836204,"7-day click or 1-day view","Messaging conversations started",1,253.5,253.5,2026-01-23,Ongoing,26,9.75,57.70544047,0.88777601,,1,,,,,,not_delivering,inactive,0.02276349,253.5,2026-02-01,2026-02-28
"FB Ads - 23rd Jan",6857822968197,"2026-02-01 - 2026-02-28",18-24,male,"ad set 1",not_delivering,adset,5833,9204,1.57791874,"7-day click or 1-day view","Messaging conversations started",2,442.48,221.24,2026-01-23,Ongoing,30,14.74933333,48.07475011,0.39113429,,2,,,,,,not_delivering,inactive,0.02172968,221.24,2026-02-01,2026-02-28
"FB Ads - 23rd Jan",6857822968197,"2026-02-01 - 2026-02-28",45-54,female,"ad set 1",not_delivering,adset,196,260,1.32653061,"7-day click or 1-day view","Messaging conversations started",1,15.99,15.99,2026-01-23,Ongoing,2,7.995,61.5,1.15384615,,1,,,,,,not_delivering,inactive,0.38461538,15.99,2026-02-01,2026-02-28
"FB Ads - 23rd Jan",6857822968197,"2026-02-01 - 2026-02-28",25-34,male,"ad set 1",not_delivering,adset,4868,7472,1.53492194,"7-day click or 1-day view","Messaging conversations started",7,451.2,64.45714286,2026-01-23,Ongoing,25,18.048,60.38543897,0.45503212,1,7,,,,,,not_delivering,inactive,0.09368308,64.45714286,2026-02-01,2026-02-28
"FB Ads - 23rd Jan",6857822968197,"2026-02-01 - 2026-02-28",Unknown,unknown,"ad set 1",not_delivering,adset,9509,9648,1.01461773,"7-day click or 1-day view","Messaging conversations started",8,17.9,2.2375,2026-01-23,Ongoing,25,0.716,1.8553068,0.89137645,,8,,,,,,not_delivering,inactive,0.08291874,2.2375,2026-02-01,2026-02-28
"FB Ads - 23rd Jan",6857822968197,"2026-02-01 - 2026-02-28",35-44,male,"ad set 1",not_delivering,adset,1470,2119,1.4414966,"7-day click or 1-day view","Messaging conversations started",2,170.59,85.295,2026-01-23,Ongoing,8,21.32375,80.50495517,0.42472865,,2,,,,,,not_delivering,inactive,0.09438414,85.295,2026-02-01,2026-02-28
"FB Ads - 23rd Jan",6857822968197,"2026-02-01 - 2026-02-28",45-54,unknown,"ad set 1",not_delivering,adset,1,1,1,"7-day click or 1-day view","Messaging conversations started",,0.12,,2026-01-23,Ongoing,,,120,0,,,,,,,,not_delivering,inactive,,,2026-02-01,2026-02-28
"FB Ads - 23rd Jan",6857822968197,"2026-02-01 - 2026-02-28",45-54,male,"ad set 1",not_delivering,adset,454,672,1.48017621,"7-day click or 1-day view","Messaging conversations started",,62.8,,2026-01-23,Ongoing,4,15.7,93.45238095,0.74404762,,,,,,,,not_delivering,inactive,,,2026-02-01,2026-02-28
"FB Ads - 23rd Jan",6857822968197,"2026-02-01 - 2026-02-28",35-44,unknown,"ad set 1",not_delivering,adset,6,8,1.33333333,"7-day click or 1-day view","Messaging conversations started",,1.79,,2026-01-23,Ongoing,,,223.75,0,,,,,,,,not_delivering,inactive,,,2026-02-01,2026-02-28
"FB Ads - 23rd Jan",6857822968197,"2026-02-01 - 2026-02-28",18-24,unknown,"ad set 1",not_delivering,adset,10,14,1.4,"7-day click or 1-day view","Messaging conversations started",,0.34,,2026-01-23,Ongoing,,,24.28571429,0,,,,,,,,not_delivering,inactive,,,2026-02-01,2026-02-28
"FB Ads - 23rd Jan",6857822968197,"2026-02-01 - 2026-02-28",55-64,female,"ad set 1",not_delivering,adset,32,51,1.59375,"7-day click or 1-day view","Messaging conversations started",,2.38,,2026-01-23,Ongoing,,,46.66666667,0,,,,,,,,not_delivering,inactive,,,2026-02-01,2026-02-28
"FB Ads - 23rd Jan",6857822968197,"2026-02-01 - 2026-02-28",55-64,male,"ad set 1",not_delivering,adset,82,103,1.25609756,"7-day click or 1-day view","Messaging conversations started",,17.98,,2026-01-23,Ongoing,,,174.5631068,0.97087379,,,,,,,,not_delivering,inactive,,,2026-02-01,2026-02-28
"FB Ads - 23rd Jan",6857822968197,"2026-02-01 - 2026-02-28",65+,female,"ad set 1",not_delivering,adset,15,30,2,"7-day click or 1-day view","Messaging conversations started",,4.77,,2026-01-23,Ongoing,,,159,0,,,,,,,,not_delivering,inactive,,,2026-02-01,2026-02-28
"FB Ads - 23rd Jan",6857822968197,"2026-02-01 - 2026-02-28",25-34,unknown,"ad set 1",not_delivering,adset,8,9,1.125,"7-day click or 1-day view","Messaging conversations started",,0.42,,2026-01-23,Ongoing,,,46.66666667,0,,,,,,,,not_delivering,inactive,,,2026-02-01,2026-02-28
"FB Ads - 23rd Jan",6857822968197,"2026-02-01 - 2026-02-28",65+,unknown,"ad set 1",not_delivering,adset,1,2,2,"7-day click or 1-day view","Messaging conversations started",,0.07,,2026-01-23,Ongoing,,,35,0,,,,,,,,not_delivering,inactive,,,2026-02-01,2026-02-28
"FB Ads - 23rd Jan",6857822968197,"2026-02-01 - 2026-02-28",Unknown,male,"ad set 1",not_delivering,adset,2,2,1,"7-day click or 1-day view","Messaging conversations started",,0.04,,2026-01-23,Ongoing,,,20,0,,,,,,,,not_delivering,inactive,,,2026-02-01,2026-02-28
"FB Ads - 23rd Jan",6857822968197,"2026-02-01 - 2026-02-28",35-44,female,"ad set 1",not_delivering,adset,918,1347,1.46732026,"7-day click or 1-day view","Messaging conversations started",,88.77,,2026-01-23,Ongoing,3,29.59,65.90200445,0.4454343,,,,,,,,not_delivering,inactive,,,2026-02-01,2026-02-28
"Feb Ads - 31st Jan",6861084796197,"2026-02-01 - 2026-02-28",45-54,female,"ad set 1",not_delivering,adset,6951,12387,1.78204575,"7-day click or 1-day view","Messaging conversations started",8,785.58,98.1975,2026-01-31,Ongoing,47,16.71446809,63.41971422,0.57318156,,8,,,,,,not_delivering,inactive,0.06458384,98.1975,2026-02-01,2026-02-28
"Feb Ads - 31st Jan",6861084796197,"2026-02-01 - 2026-02-28",Unknown,male,"ad set 1",not_delivering,adset,13,15,1.15384615,"7-day click or 1-day view","Messaging conversations started",,0.54,,2026-01-31,Ongoing,,,36,0,,,,,,,,not_delivering,inactive,,,2026-02-01,2026-02-28
"Feb Ads - 31st Jan",6861084796197,"2026-02-01 - 2026-02-28",65+,unknown,"ad set 1",not_delivering,adset,8,10,1.25,"7-day click or 1-day view","Messaging conversations started",,0.36,,2026-01-31,Ongoing,,,36,0,,,,,,,,not_delivering,inactive,,,2026-02-01,2026-02-28
"Feb Ads - 31st Jan",6861084796197,"2026-02-01 - 2026-02-28",35-44,male,"ad set 1",not_delivering,adset,31918,60547,1.8969547,"7-day click or 1-day view","Messaging conversations started",23,3202.08,139.22086957,2026-01-31,Ongoing,219,14.62136986,52.88585727,0.53842469,,23,,,,,,not_delivering,inactive,0.03798702,139.22086957,2026-02-01,2026-02-28
"Feb Ads - 31st Jan",6861084796197,"2026-02-01 - 2026-02-28",Unknown,unknown,"ad set 1",not_delivering,adset,6334,6334,1,"7-day click or 1-day view","Messaging conversations started",4,5.14,1.285,2026-01-31,Ongoing,15,0.34266667,0.81149353,0.77360278,,4,,,,,,not_delivering,inactive,0.06315125,1.285,2026-02-01,2026-02-28
"Feb Ads - 31st Jan",6861084796197,"2026-02-01 - 2026-02-28",18-24,male,"ad set 1",not_delivering,adset,44820,93802,2.09286033,"7-day click or 1-day view","Messaging conversations started",20,2867.67,143.3835,2026-01-31,Ongoing,350,8.19334286,30.571523,0.4626767,,20,,,,,,not_delivering,inactive,0.02132151,143.3835,2026-02-01,2026-02-28
"Feb Ads - 31st Jan",6861084796197,"2026-02-01 - 2026-02-28",25-34,male,"ad set 1",not_delivering,adset,64960,124043,1.90952894,"7-day click or 1-day view","Messaging conversations started",34,5328.03,156.70676471,2026-01-31,Ongoing,406,13.1232266,42.95308885,0.4240465,,34,,,,,,not_delivering,inactive,0.02740985,156.70676471,2026-02-01,2026-02-28
"Feb Ads - 31st Jan",6861084796197,"2026-02-01 - 2026-02-28",25-34,female,"ad set 1",not_delivering,adset,45427,85234,1.87628503,"7-day click or 1-day view","Messaging conversations started",19,3687.93,194.10157895,2026-01-31,Ongoing,307,12.0128013,43.26829669,0.45991036,,19,,,,,,not_delivering,inactive,0.02229157,194.10157895,2026-02-01,2026-02-28
"Feb Ads - 31st Jan",6861084796197,"2026-02-01 - 2026-02-28",45-54,male,"ad set 1",not_delivering,adset,11759,21724,1.84743601,"7-day click or 1-day view","Messaging conversations started",16,1243.14,77.69625,2026-01-31,Ongoing,86,14.45511628,57.22426809,0.5984165,,16,,,,,,not_delivering,inactive,0.07365126,77.69625,2026-02-01,2026-02-28
"Feb Ads - 31st Jan",6861084796197,"2026-02-01 - 2026-02-28",55-64,male,"ad set 1",not_delivering,adset,2565,4756,1.85419103,"7-day click or 1-day view","Messaging conversations started",2,367.93,183.965,2026-01-31,Ongoing,23,15.99695652,77.36122792,0.92514718,,2,,,,,,not_delivering,inactive,0.04205214,183.965,2026-02-01,2026-02-28
"Feb Ads - 31st Jan",6861084796197,"2026-02-01 - 2026-02-28",55-64,female,"ad set 1",not_delivering,adset,1054,1971,1.87001898,"7-day click or 1-day view","Messaging conversations started",1,115.9,115.9,2026-01-31,Ongoing,3,38.63333333,58.80263825,0.35514967,,1,,,,,,not_delivering,inactive,0.05073567,115.9,2026-02-01,2026-02-28
"Feb Ads - 31st Jan",6861084796197,"2026-02-01 - 2026-02-28",18-24,female,"ad set 1",not_delivering,adset,42565,84650,1.98872313,"7-day click or 1-day view","Messaging conversations started",17,2419.99,142.35235294,2026-01-31,Ongoing,323,7.4922291,28.58818665,0.45953928,,17,,,,,,not_delivering,inactive,0.02008269,142.35235294,2026-02-01,2026-02-28
"Feb Ads - 31st Jan",6861084796197,"2026-02-01 - 2026-02-28",65+,male,"ad set 1",not_delivering,adset,872,1610,1.84633028,"7-day click or 1-day view","Messaging conversations started",1,104.39,104.39,2026-01-31,Ongoing,4,26.0975,64.83850932,0.49689441,,1,,,,,,not_delivering,inactive,0.0621118,104.39,2026-02-01,2026-02-28
"Feb Ads - 31st Jan",6861084796197,"2026-02-01 - 2026-02-28",65+,female,"ad set 1",not_delivering,adset,324,583,1.79938272,"7-day click or 1-day view","Messaging conversations started",,25.65,,2026-01-31,Ongoing,2,12.825,43.99656947,0.68610635,,,,,,,,not_delivering,inactive,,,2026-02-01,2026-02-28
"Feb Ads - 31st Jan",6861084796197,"2026-02-01 - 2026-02-28",25-34,unknown,"ad set 1",not_delivering,adset,221,304,1.37556561,"7-day click or 1-day view","Messaging conversations started",,14.08,,2026-01-31,Ongoing,1,14.08,46.31578947,0.65789474,,,,,,,,not_delivering,inactive,,,2026-02-01,2026-02-28
"Feb Ads - 31st Jan",6861084796197,"2026-02-01 - 2026-02-28",45-54,unknown,"ad set 1",not_delivering,adset,35,60,1.71428571,"7-day click or 1-day view","Messaging conversations started",,3.02,,2026-01-31,Ongoing,,,50.33333333,0,,,,,,,,not_delivering,inactive,,,2026-02-01,2026-02-28
"Feb Ads - 31st Jan",6861084796197,"2026-02-01 - 2026-02-28",35-44,unknown,"ad set 1",not_delivering,adset,128,212,1.65625,"7-day click or 1-day view","Messaging conversations started",,11.91,,2026-01-31,Ongoing,,,56.17924528,1.41509434,,,,,,,,not_delivering,inactive,,,2026-02-01,2026-02-28
"Feb Ads - 31st Jan",6861084796197,"2026-02-01 - 2026-02-28",55-64,unknown,"ad set 1",not_delivering,adset,7,9,1.28571429,"7-day click or 1-day view","Messaging conversations started",,0.51,,2026-01-31,Ongoing,,,56.66666667,0,,,,,,,,not_delivering,inactive,,,2026-02-01,2026-02-28
"Feb Ads - 31st Jan",6861084796197,"2026-02-01 - 2026-02-28",35-44,female,"ad set 1",not_delivering,adset,22968,41697,1.81543887,"7-day click or 1-day view","Messaging conversations started",19,2277.29,119.85736842,2026-01-31,Ongoing,167,13.63646707,54.61520013,0.54200542,,19,,,,,,not_delivering,inactive,0.04556683,119.85736842,2026-02-01,2026-02-28
"Feb Ads - 31st Jan",6861084796197,"2026-02-01 - 2026-02-28",Unknown,female,"ad set 1",not_delivering,adset,16,16,1,"7-day click or 1-day view","Messaging conversations started",,1.12,,2026-01-31,Ongoing,,,70,0,,,,,,,,not_delivering,inactive,,,2026-02-01,2026-02-28
"Feb Ads - 31st Jan",6861084796197,"2026-02-01 - 2026-02-28",18-24,unknown,"ad set 1",not_delivering,adset,308,447,1.4512987,"7-day click or 1-day view","Messaging conversations started",,16.28,,2026-01-31,Ongoing,2,8.14,36.42058166,0.67114094,,,,,,,,not_delivering,inactive,,,2026-02-01,2026-02-28
"FB Ads - 23rd Jan",6857822968197,"2026-01-01 - 2026-01-31",18-24,male,"ad set 1",not_delivering,adset,17261,31671,1.83482996,"7-day click or 1-day view","Messaging conversations started",8,895.85,111.98125,2026-01-23,Ongoing,144,6.22118056,28.28612927,0.53361119,1,8,,,,,,not_delivering,inactive,0.0252597,111.98125,2026-01-01,2026-01-31
"FB Ads - 23rd Jan",6857822968197,"2026-01-01 - 2026-01-31",35-44,female,"ad set 1",not_delivering,adset,4078,6705,1.64418833,"7-day click or 1-day view","Messaging conversations started",,273.77,,2026-01-23,Ongoing,21,13.03666667,40.83072334,0.53691275,,,,,,,,not_delivering,inactive,,,2026-01-01,2026-01-31
"FB Ads - 23rd Jan",6857822968197,"2026-01-01 - 2026-01-31",18-24,unknown,"ad set 1",not_delivering,adset,42,60,1.42857143,"7-day click or 1-day view","Messaging conversations started",,2.81,,2026-01-23,Ongoing,,,46.83333333,0,,,,,,,,not_delivering,inactive,,,2026-01-01,2026-01-31
"FB Ads - 23rd Jan",6857822968197,"2026-01-01 - 2026-01-31",35-44,male,"ad set 1",not_delivering,adset,6833,11644,1.70408313,"7-day click or 1-day view","Messaging conversations started",2,535.28,267.64,2026-01-23,Ongoing,36,14.86888889,45.97045689,0.5496393,,2,,,,,,not_delivering,inactive,0.01717623,267.64,2026-01-01,2026-01-31
"FB Ads - 23rd Jan",6857822968197,"2026-01-01 - 2026-01-31",Unknown,unknown,"ad set 1",not_delivering,adset,24305,24474,1.0069533,"7-day click or 1-day view","Messaging conversations started",18,43.8,2.43333333,2026-01-23,Ongoing,82,0.53414634,1.78965433,1.01332026,,18,,,,,,not_delivering,inactive,0.07354744,2.43333333,2026-01-01,2026-01-31
"FB Ads - 23rd Jan",6857822968197,"2026-01-01 - 2026-01-31",18-24,female,"ad set 1",not_delivering,adset,17384,31752,1.82650713,"7-day click or 1-day view","Messaging conversations started",3,827.49,275.83,2026-01-23,Ongoing,123,6.72756098,26.06103553,0.47871,,3,,,,,,not_delivering,inactive,0.00944822,275.83,2026-01-01,2026-01-31
"FB Ads - 23rd Jan",6857822968197,"2026-01-01 - 2026-01-31",25-34,male,"ad set 1",not_delivering,adset,17616,33412,1.89668483,"7-day click or 1-day view","Messaging conversations started",7,1198.56,171.22285714,2026-01-23,Ongoing,124,9.66580645,35.87214175,0.47587693,1,7,,,,,,not_delivering,inactive,0.02095056,171.22285714,2026-01-01,2026-01-31
"FB Ads - 23rd Jan",6857822968197,"2026-01-01 - 2026-01-31",Unknown,female,"ad set 1",not_delivering,adset,1,1,1,"7-day click or 1-day view","Messaging conversations started",,0.38,,2026-01-23,Ongoing,,,380,0,,,,,,,,not_delivering,inactive,,,2026-01-01,2026-01-31
"FB Ads - 23rd Jan",6857822968197,"2026-01-01 - 2026-01-31",55-64,male,"ad set 1",not_delivering,adset,401,646,1.61097257,"7-day click or 1-day view","Messaging conversations started",,37.45,,2026-01-23,Ongoing,5,7.49,57.97213622,1.39318885,,,,,,,,not_delivering,inactive,,,2026-01-01,2026-01-31
"FB Ads - 23rd Jan",6857822968197,"2026-01-01 - 2026-01-31",45-54,male,"ad set 1",not_delivering,adset,2046,3377,1.65053763,"7-day click or 1-day view","Messaging conversations started",,180.03,,2026-01-23,Ongoing,16,11.251875,53.31063074,0.79952621,,,,,,,,not_delivering,inactive,,,2026-01-01,2026-01-31
"FB Ads - 23rd Jan",6857822968197,"2026-01-01 - 2026-01-31",45-54,female,"ad set 1",not_delivering,adset,901,1523,1.69034406,"7-day click or 1-day view","Messaging conversations started",,81.41,,2026-01-23,Ongoing,4,20.3525,53.45370978,0.65659882,,,,,,,,not_delivering,inactive,,,2026-01-01,2026-01-31
"FB Ads - 23rd Jan",6857822968197,"2026-01-01 - 2026-01-31",65+,male,"ad set 1",not_delivering,adset,198,375,1.89393939,"7-day click or 1-day view","Messaging conversations started",,11.97,,2026-01-23,Ongoing,1,11.97,31.92,1.06666667,,,,,,,,not_delivering,inactive,,,2026-01-01,2026-01-31
"FB Ads - 23rd Jan",6857822968197,"2026-01-01 - 2026-01-31",Unknown,male,"ad set 1",not_delivering,adset,1,1,1,"7-day click or 1-day view","Messaging conversations started",,0.02,,2026-01-23,Ongoing,,,20,0,,,,,,,,not_delivering,inactive,,,2026-01-01,2026-01-31
"FB Ads - 23rd Jan",6857822968197,"2026-01-01 - 2026-01-31",55-64,female,"ad set 1",not_delivering,adset,153,268,1.75163399,"7-day click or 1-day view","Messaging conversations started",,10.84,,2026-01-23,Ongoing,,,40.44776119,0,,,,,,,,not_delivering,inactive,,,2026-01-01,2026-01-31
"FB Ads - 23rd Jan",6857822968197,"2026-01-01 - 2026-01-31",65+,female,"ad set 1",not_delivering,adset,72,126,1.75,"7-day click or 1-day view","Messaging conversations started",,5.43,,2026-01-23,Ongoing,,,43.0952381,0,,,,,,,,not_delivering,inactive,,,2026-01-01,2026-01-31
"FB Ads - 23rd Jan",6857822968197,"2026-01-01 - 2026-01-31",25-34,unknown,"ad set 1",not_delivering,adset,34,49,1.44117647,"7-day click or 1-day view","Messaging conversations started",,1.49,,2026-01-23,Ongoing,,,30.40816327,0,,,,,,,,not_delivering,inactive,,,2026-01-01,2026-01-31
"Feb Ads - 31st Jan",6861084796197,"2026-01-01 - 2026-01-31",18-24,female,"ad set 1",not_delivering,adset,2555,2956,1.15694716,"7-day click or 1-day view","Messaging conversations started",1,61.27,61.27,2026-01-31,Ongoing,13,4.71307692,20.72733424,0.50744249,,1,,,,,,not_delivering,inactive,0.0338295,61.27,2026-01-01,2026-01-31
"FB Ads - 23rd Jan",6857822968197,"2026-01-01 - 2026-01-31",35-44,unknown,"ad set 1",not_delivering,adset,22,52,2.36363636,"7-day click or 1-day view","Messaging conversations started",,2.32,,2026-01-23,Ongoing,,,44.61538462,0,,,,,,,,not_delivering,inactive,,,2026-01-01,2026-01-31
"FB Ads - 23rd Jan",6857822968197,"2026-01-01 - 2026-01-31",25-34,female,"ad set 1",not_delivering,adset,11966,21271,1.77761992,"7-day click or 1-day view","Messaging conversations started",2,789.71,394.855,2026-01-23,Ongoing,82,9.63060976,37.12613417,0.48422735,,2,,,,,,not_delivering,inactive,0.00940247,394.855,2026-01-01,2026-01-31
"FB Ads - 23rd Jan",6857822968197,"2026-01-01 - 2026-01-31",55-64,unknown,"ad set 1",not_delivering,adset,1,1,1,"7-day click or 1-day view","Messaging conversations started",,0.06,,2026-01-23,Ongoing,,,60,0,,,,,,,,not_delivering,inactive,,,2026-01-01,2026-01-31
"Feb Ads - 31st Jan",6861084796197,"2026-01-01 - 2026-01-31",18-24,male,"ad set 1",not_delivering,adset,2574,2989,1.16122766,"7-day click or 1-day view","Messaging conversations started",,69.09,,2026-01-31,Ongoing,9,7.67666667,23.1147541,0.40147206,,,,,,,,not_delivering,inactive,,,2026-01-01,2026-01-31
"FB Ads - 23rd Jan",6857822968197,"2026-01-01 - 2026-01-31",45-54,unknown,"ad set 1",not_delivering,adset,9,13,1.44444444,"7-day click or 1-day view","Messaging conversations started",,0.65,,2026-01-23,Ongoing,,,50,0,,,,,,,,not_delivering,inactive,,,2026-01-01,2026-01-31
"Feb Ads - 31st Jan",6861084796197,"2026-01-01 - 2026-01-31",65+,female,"ad set 1",not_delivering,adset,2,2,1,"7-day click or 1-day view","Messaging conversations started",,0.05,,2026-01-31,Ongoing,,,25,0,,,,,,,,not_delivering,inactive,,,2026-01-01,2026-01-31
"FB Ads - 23rd Jan",6857822968197,"2026-01-01 - 2026-01-31",65+,unknown,"ad set 1",not_delivering,adset,1,1,1,"7-day click or 1-day view","Messaging conversations started",,0.02,,2026-01-23,Ongoing,,,20,0,,,,,,,,not_delivering,inactive,,,2026-01-01,2026-01-31
"Feb Ads - 31st Jan",6861084796197,"2026-01-01 - 2026-01-31",Unknown,unknown,"ad set 1",not_delivering,adset,40703,40962,1.00636317,"7-day click or 1-day view","Messaging conversations started",12,38.04,3.17,2026-01-31,Ongoing,91,0.41802198,0.92866559,0.6591475,,12,,,,,,not_delivering,inactive,0.02929544,3.17,2026-01-01,2026-01-31
"Feb Ads - 31st Jan",6861084796197,"2026-01-01 - 2026-01-31",25-34,male,"ad set 1",not_delivering,adset,2812,3125,1.11130868,"7-day click or 1-day view","Messaging conversations started",1,104.82,104.82,2026-01-31,Ongoing,6,17.47,33.5424,0.352,,1,,,,,,not_delivering,inactive,0.032,104.82,2026-01-01,2026-01-31
"Feb Ads - 31st Jan",6861084796197,"2026-01-01 - 2026-01-31",25-34,female,"ad set 1",not_delivering,adset,1955,2300,1.17647059,"7-day click or 1-day view","Messaging conversations started",1,87.92,87.92,2026-01-31,Ongoing,13,6.76307692,38.22608696,0.73913043,,1,,,,,,not_delivering,inactive,0.04347826,87.92,2026-01-01,2026-01-31
"Feb Ads - 31st Jan",6861084796197,"2026-01-01 - 2026-01-31",35-44,male,"ad set 1",not_delivering,adset,676,760,1.12426036,"7-day click or 1-day view","Messaging conversations started",,40.43,,2026-01-31,Ongoing,3,13.47666667,53.19736842,0.52631579,,,,,,,,not_delivering,inactive,,,2026-01-01,2026-01-31
"Feb Ads - 31st Jan",6861084796197,"2026-01-01 - 2026-01-31",35-44,female,"ad set 1",not_delivering,adset,396,445,1.12373737,"7-day click or 1-day view","Messaging conversations started",,19.35,,2026-01-31,Ongoing,2,9.675,43.48314607,0.4494382,,,,,,,,not_delivering,inactive,,,2026-01-01,2026-01-31
"Feb Ads - 31st Jan",6861084796197,"2026-01-01 - 2026-01-31",45-54,unknown,"ad set 1",not_delivering,adset,1,1,1,"7-day click or 1-day view","Messaging conversations started",,0.03,,2026-01-31,Ongoing,,,30,0,,,,,,,,not_delivering,inactive,,,2026-01-01,2026-01-31
"Feb Ads - 31st Jan",6861084796197,"2026-01-01 - 2026-01-31",18-24,unknown,"ad set 1",not_delivering,adset,5,7,1.4,"7-day click or 1-day view","Messaging conversations started",,0.36,,2026-01-31,Ongoing,,,51.42857143,0,,,,,,,,not_delivering,inactive,,,2026-01-01,2026-01-31
"Feb Ads - 31st Jan",6861084796197,"2026-01-01 - 2026-01-31",65+,male,"ad set 1",not_delivering,adset,16,17,1.0625,"7-day click or 1-day view","Messaging conversations started",,2.71,,2026-01-31,Ongoing,,,159.41176471,0,,,,,,,,not_delivering,inactive,,,2026-01-01,2026-01-31
"Feb Ads - 31st Jan",6861084796197,"2026-01-01 - 2026-01-31",35-44,unknown,"ad set 1",not_delivering,adset,4,4,1,"7-day click or 1-day view","Messaging conversations started",,0.17,,2026-01-31,Ongoing,,,42.5,0,,,,,,,,not_delivering,inactive,,,2026-01-01,2026-01-31
"Feb Ads - 31st Jan",6861084796197,"2026-01-01 - 2026-01-31",45-54,male,"ad set 1",not_delivering,adset,165,180,1.09090909,"7-day click or 1-day view","Messaging conversations started",,10.57,,2026-01-31,Ongoing,,,58.72222222,0.55555556,,,,,,,,not_delivering,inactive,,,2026-01-01,2026-01-31
"Feb Ads - 31st Jan",6861084796197,"2026-01-01 - 2026-01-31",25-34,unknown,"ad set 1",not_delivering,adset,8,9,1.125,"7-day click or 1-day view","Messaging conversations started",,0.51,,2026-01-31,Ongoing,,,56.66666667,0,,,,,,,,not_delivering,inactive,,,2026-01-01,2026-01-31
"Feb Ads - 31st Jan",6861084796197,"2026-01-01 - 2026-01-31",55-64,female,"ad set 1",not_delivering,adset,8,14,1.75,"7-day click or 1-day view","Messaging conversations started",,0.35,,2026-01-31,Ongoing,,,25,0,,,,,,,,not_delivering,inactive,,,2026-01-01,2026-01-31
"Feb Ads - 31st Jan",6861084796197,"2026-01-01 - 2026-01-31",45-54,female,"ad set 1",not_delivering,adset,59,61,1.03389831,"7-day click or 1-day view","Messaging conversations started",,4.55,,2026-01-31,Ongoing,,,74.59016393,0,,,,,,,,not_delivering,inactive,,,2026-01-01,2026-01-31
"Feb Ads - 31st Jan",6861084796197,"2026-01-01 - 2026-01-31",55-64,male,"ad set 1",not_delivering,adset,32,36,1.125,"7-day click or 1-day view","Messaging conversations started",,1.59,,2026-01-31,Ongoing,,,44.16666667,0,,,,,,,,not_delivering,inactive,,,2026-01-01,2026-01-31
"LPU - Sept",6804632076597,"2025-12-01 - 2025-12-31",25-34,female,"New Engagement ad set",inactive,adset,2208,2888,1.30797101,"7-day click or 1-day view","Messaging conversations started",,189.66,,2025-09-07,Ongoing,6,31.61,65.67174515,0.51939058,,,,,,,,inactive,inactive,,,2025-12-01,2025-12-31
"LPU - Sept",6804632076597,"2025-12-01 - 2025-12-31",18-24,male,"New Engagement ad set",inactive,adset,7948,11582,1.45722194,"7-day click or 1-day view","Messaging conversations started",5,464.35,92.87,2025-09-07,Ongoing,24,19.34791667,40.09238473,0.26765671,,5,,,,,,inactive,inactive,0.04317044,92.87,2025-12-01,2025-12-31
"LPU - Sept",6804632076597,"2025-12-01 - 2025-12-31",25-34,male,"New Engagement ad set",inactive,adset,4821,6724,1.39473138,"7-day click or 1-day view","Messaging conversations started",4,386.86,96.715,2025-09-07,Ongoing,15,25.79066667,57.53420583,0.297442,,4,,,,,,inactive,inactive,0.0594884,96.715,2025-12-01,2025-12-31
"LPU - Sept",6804632076597,"2025-12-01 - 2025-12-31",35-44,male,"New Engagement ad set",inactive,adset,624,862,1.38141026,"7-day click or 1-day view","Messaging conversations started",1,71.5,71.5,2025-09-07,Ongoing,2,35.75,82.94663573,0.46403712,,1,,,,,,inactive,inactive,0.11600928,71.5,2025-12-01,2025-12-31
"LPU - Sept",6804632076597,"2025-12-01 - 2025-12-31",35-44,female,"New Engagement ad set",inactive,adset,301,368,1.22259136,"7-day click or 1-day view","Messaging conversations started",,28.69,,2025-09-07,Ongoing,2,14.345,77.96195652,0.54347826,,,,,,,,inactive,inactive,,,2025-12-01,2025-12-31
"LPU - Sept",6804632076597,"2025-12-01 - 2025-12-31",25-34,unknown,"New Engagement ad set",inactive,adset,10,17,1.7,"7-day click or 1-day view","Messaging conversations started",,0.72,,2025-09-07,Ongoing,,,42.35294118,0,,,,,,,,inactive,inactive,,,2025-12-01,2025-12-31
"LPU - Sept",6804632076597,"2025-12-01 - 2025-12-31",18-24,female,"New Engagement ad set",inactive,adset,5095,7053,1.38429833,"7-day click or 1-day view","Messaging conversations started",5,295.7,59.14,2025-09-07,Ongoing,22,13.44090909,41.92542181,0.46788601,,5,,,,,,inactive,inactive,0.07089182,59.14,2025-12-01,2025-12-31
"LPU - Sept",6804632076597,"2025-12-01 - 2025-12-31",18-24,unknown,"New Engagement ad set",inactive,adset,13,15,1.15384615,"7-day click or 1-day view","Messaging conversations started",,0.41,,2025-09-07,Ongoing,,,27.33333333,0,,,,,,,,inactive,inactive,,,2025-12-01,2025-12-31
"MBA - Degreecraft",6830713058997,"2025-11-01 - 2025-11-30",35-44,unknown,"New Engagement ad set - City",not_delivering,adset,11,15,1.36363636,"7-day click or 1-day view","Messaging conversations started",,3.82,,2025-11-18,Ongoing,,,254.66666667,0,,,,,,,,not_delivering,inactive,,,2025-11-01,2025-11-30
"New Session Ads - Nov 2025",6826134714197,"2025-11-01 - 2025-11-30",25-34,male,LPU,not_delivering,adset,16,17,1.0625,"7-day click or 1-day view","Messaging conversations started",,0.65,,2025-11-07,Ongoing,,,38.23529412,0,,,,,,,,not_delivering,inactive,,,2025-11-01,2025-11-30
"New Session Ads - Nov 2025",6826134714197,"2025-11-01 - 2025-11-30",35-44,female,LPU,not_delivering,adset,2,2,1,"7-day click or 1-day view","Messaging conversations started",,0.04,,2025-11-07,Ongoing,,,20,0,,,,,,,,not_delivering,inactive,,,2025-11-01,2025-11-30
"New Session Ads - Nov 2025",6826134714197,"2025-11-01 - 2025-11-30",25-34,female,LPU,not_delivering,adset,6,7,1.16666667,"7-day click or 1-day view","Messaging conversations started",,0.13,,2025-11-07,Ongoing,,,18.57142857,0,,,,,,,,not_delivering,inactive,,,2025-11-01,2025-11-30
"New Session Ads - Nov 2025",6826134714197,"2025-11-01 - 2025-11-30",18-24,male,LPU,not_delivering,adset,22,23,1.04545455,"7-day click or 1-day view","Messaging conversations started",,0.39,,2025-11-07,Ongoing,,,16.95652174,0,,,,,,,,not_delivering,inactive,,,2025-11-01,2025-11-30
"New Session Ads - Nov 2025",6826134714197,"2025-11-01 - 2025-11-30",18-24,female,LPU,not_delivering,adset,9,10,1.11111111,"7-day click or 1-day view","Messaging conversations started",,0.85,,2025-11-07,Ongoing,,,85,0,,,,,,,,not_delivering,inactive,,,2025-11-01,2025-11-30
"New Session Ads - Nov 2025",6826134714197,"2025-11-01 - 2025-11-30",35-44,male,LPU,not_delivering,adset,4,4,1,"7-day click or 1-day view","Messaging conversations started",,0.24,,2025-11-07,Ongoing,,,60,0,,,,,,,,not_delivering,inactive,,,2025-11-01,2025-11-30
"New Session Ads - Nov 2025",6826134714197,"2025-11-01 - 2025-11-30",18-24,female,AMITY,not_delivering,adset,1,1,1,"7-day click or 1-day view","Messaging conversations started",,0,,2025-11-07,Ongoing,,,0,0,,,,,,,,not_delivering,inactive,,,2025-11-01,2025-11-30
"New Session Ads - Nov 2025",6826134714197,"2025-11-01 - 2025-11-30",25-34,male,AMITY,not_delivering,adset,3,4,1.33333333,"7-day click or 1-day view","Messaging conversations started",,0.1,,2025-11-07,Ongoing,,,25,0,,,,,,,,not_delivering,inactive,,,2025-11-01,2025-11-30
"New Session Ads - Nov 2025",6826134714197,"2025-11-01 - 2025-11-30",18-24,male,AMITY,not_delivering,adset,3,3,1,"7-day click or 1-day view","Messaging conversations started",,0.04,,2025-11-07,Ongoing,,,13.33333333,0,,,,,,,,not_delivering,inactive,,,2025-11-01,2025-11-30
"Nov 2025 All Ads",6826267671197,"2025-11-01 - 2025-11-30",18-24,male,LPU,not_delivering,adset,1330,1527,1.1481203,"7-day click or 1-day view","Messaging conversations started",1,77.57,77.57,2025-11-08,Ongoing,2,38.785,50.79895219,0.26195154,,1,,,,,,not_delivering,inactive,0.06548788,77.57,2025-11-01,2025-11-30
"Nov 2025 All Ads",6826267671197,"2025-11-01 - 2025-11-30",35-44,female,LPU,not_delivering,adset,50,60,1.2,"7-day click or 1-day view","Messaging conversations started",,6.61,,2025-11-08,Ongoing,,,110.16666667,3.33333333,,,,,,,,not_delivering,inactive,,,2025-11-01,2025-11-30
"Nov 2025 All Ads",6826267671197,"2025-11-01 - 2025-11-30",25-34,female,LPU,not_delivering,adset,260,304,1.16923077,"7-day click or 1-day view","Messaging conversations started",,28.63,,2025-11-08,Ongoing,1,28.63,94.17763158,0.65789474,,,,,,,,not_delivering,inactive,,,2025-11-01,2025-11-30
"Nov 2025 All Ads",6826267671197,"2025-11-01 - 2025-11-30",25-34,male,LPU,not_delivering,adset,696,844,1.21264368,"7-day click or 1-day view","Messaging conversations started",,69.81,,2025-11-08,Ongoing,1,69.81,82.71327014,0.23696682,,,,,,,,not_delivering,inactive,,,2025-11-01,2025-11-30
"Nov 2025 All Ads",6826267671197,"2025-11-01 - 2025-11-30",18-24,female,LPU,not_delivering,adset,509,610,1.19842829,"7-day click or 1-day view","Messaging conversations started",,36.87,,2025-11-08,Ongoing,,,60.44262295,0,,,,,,,,not_delivering,inactive,,,2025-11-01,2025-11-30
"Nov 2025 All Ads",6826267671197,"2025-11-01 - 2025-11-30",18-24,unknown,LPU,not_delivering,adset,1,1,1,"7-day click or 1-day view","Messaging conversations started",,0,,2025-11-08,Ongoing,,,0,0,,,,,,,,not_delivering,inactive,,,2025-11-01,2025-11-30
"Nov 2025 All Ads",6826267671197,"2025-11-01 - 2025-11-30",35-44,male,LPU,not_delivering,adset,107,124,1.1588785,"7-day click or 1-day view","Messaging conversations started",1,14.5,14.5,2025-11-08,Ongoing,1,14.5,116.93548387,1.61290323,,1,,,,,,not_delivering,inactive,0.80645161,14.5,2025-11-01,2025-11-30
"MBA - Degreecraft",6830713058997,"2025-11-01 - 2025-11-30",35-44,male,"New Engagement ad set - City",not_delivering,adset,1922,2891,1.50416233,"7-day click or 1-day view","Messaging conversations started",1,295.27,295.27,2025-11-18,Ongoing,14,21.09071429,102.13420962,0.968523,,1,,,,,,not_delivering,inactive,0.03459011,295.27,2025-11-01,2025-11-30
"MBA - Degreecraft",6830713058997,"2025-11-01 - 2025-11-30",18-24,male,"New Engagement ad set - City",not_delivering,adset,22906,33765,1.47406793,"7-day click or 1-day view","Messaging conversations started",5,1117.83,223.566,2025-11-18,Ongoing,124,9.01475806,33.10617503,0.48571005,,5,,,,,,not_delivering,inactive,0.01480823,223.566,2025-11-01,2025-11-30
"MBA - Degreecraft",6830713058997,"2025-11-01 - 2025-11-30",25-34,male,"New Engagement ad set - City",not_delivering,adset,12847,19480,1.51630731,"7-day click or 1-day view","Messaging conversations started",4,1541.29,385.3225,2025-11-18,Ongoing,63,24.46492063,79.12166324,0.50821355,,4,,,,,,not_delivering,inactive,0.02053388,385.3225,2025-11-01,2025-11-30
"MBA - Degreecraft",6830713058997,"2025-11-01 - 2025-11-30",18-24,female,"New Engagement ad set - City",not_delivering,adset,11634,17189,1.4774798,"7-day click or 1-day view","Messaging conversations started",2,604.63,302.315,2025-11-18,Ongoing,60,10.07716667,35.17540287,0.47704928,,2,,,,,,not_delivering,inactive,0.01163535,302.315,2025-11-01,2025-11-30
"MBA - Degreecraft",6830713058997,"2025-11-01 - 2025-11-30",25-34,female,"New Engagement ad set - City",not_delivering,adset,4629,6536,1.41196803,"7-day click or 1-day view","Messaging conversations started",1,407.48,407.48,2025-11-18,Ongoing,25,16.2992,62.34394125,0.58139535,,1,,,,,,not_delivering,inactive,0.01529988,407.48,2025-11-01,2025-11-30
"MBA - Degreecraft",6830713058997,"2025-11-01 - 2025-11-30",35-44,female,"New Engagement ad set - City",not_delivering,adset,627,918,1.46411483,"7-day click or 1-day view","Messaging conversations started",,85.11,,2025-11-18,Ongoing,4,21.2775,92.7124183,0.54466231,,,,,,,,not_delivering,inactive,,,2025-11-01,2025-11-30
Skies,6832539425197,"2025-11-01 - 2025-11-30",18-24,male,"New Engagement ad set - 1",not_delivering,adset,2794,4874,1.7444524,"7-day click or 1-day view","Messaging conversations started",5,838.73,167.746,2025-11-21,Ongoing,29,28.92172414,172.08247846,0.82068117,,5,,,,,,not_delivering,inactive,0.10258515,167.746,2025-11-01,2025-11-30
Skies,6832539425197,"2025-11-01 - 2025-11-30",18-24,female,"New Engagement ad set - 1",not_delivering,adset,1282,2419,1.88689548,"7-day click or 1-day view","Messaging conversations started",4,423.67,105.9175,2025-11-21,Ongoing,16,26.479375,175.14262092,0.86812733,,4,,,,,,not_delivering,inactive,0.16535759,105.9175,2025-11-01,2025-11-30
"LPU - Sept",6804632076597,"2025-11-01 - 2025-11-30",35-44,male,"New Engagement ad set",inactive,adset,2208,2877,1.30298913,"7-day click or 1-day view","Messaging conversations started",4,244.94,61.235,2025-09-07,Ongoing,11,22.26727273,85.13729579,0.52137643,,4,,,,,,inactive,inactive,0.13903372,61.235,2025-11-01,2025-11-30
"MBA - Degreecraft",6830713058997,"2025-11-01 - 2025-11-30",18-24,unknown,"New Engagement ad set - City",not_delivering,adset,53,69,1.30188679,"7-day click or 1-day view","Messaging conversations started",,3.14,,2025-11-18,Ongoing,,,45.50724638,0,,,,,,,,not_delivering,inactive,,,2025-11-01,2025-11-30
Skies,6832539425197,"2025-11-01 - 2025-11-30",65+,female,"New Engagement ad set - 1",not_delivering,adset,28,37,1.32142857,"7-day click or 1-day view","Messaging conversations started",,1.94,,2025-11-21,Ongoing,1,1.94,52.43243243,2.7027027,,,,,,,,not_delivering,inactive,,,2025-11-01,2025-11-30
"Nov 2025 All Ads",6826267671197,"2025-11-01 - 2025-11-30",25-34,unknown,LPU,not_delivering,adset,2,2,1,"7-day click or 1-day view","Messaging conversations started",,0.12,,2025-11-08,Ongoing,,,60,0,,,,,,,,not_delivering,inactive,,,2025-11-01,2025-11-30
Skies,6832539425197,"2025-11-01 - 2025-11-30",25-34,unknown,"New Engagement ad set - 1",not_delivering,adset,6,9,1.5,"7-day click or 1-day view","Messaging conversations started",,0.86,,2025-11-21,Ongoing,,,95.55555556,0,,,,,,,,not_delivering,inactive,,,2025-11-01,2025-11-30
"LPU - Sept",6804632076597,"2025-11-01 - 2025-11-30",35-44,unknown,"New Engagement ad set",inactive,adset,8,12,1.5,"7-day click or 1-day view","Messaging conversations started",,0.56,,2025-09-07,Ongoing,,,46.66666667,0,,,,,,,,inactive,inactive,,,2025-11-01,2025-11-30
"LPU - Sept",6804632076597,"2025-11-01 - 2025-11-30",35-44,female,"New Engagement ad set",inactive,adset,1131,1400,1.23784262,"7-day click or 1-day view","Messaging conversations started",,107.9,,2025-09-07,Ongoing,6,17.98333333,77.07142857,0.71428571,,,,,,,,inactive,inactive,,,2025-11-01,2025-11-30
"LPU - Sept",6804632076597,"2025-11-01 - 2025-11-30",18-24,unknown,"New Engagement ad set",inactive,adset,46,65,1.41304348,"7-day click or 1-day view","Messaging conversations started",1,28.35,28.35,2025-09-07,Ongoing,1,28.35,436.15384615,0,,1,,,,,,inactive,inactive,1.53846154,28.35,2025-11-01,2025-11-30
"LPU - Sept",6804632076597,"2025-11-01 - 2025-11-30",25-34,female,"New Engagement ad set",inactive,adset,6622,8746,1.32074902,"7-day click or 1-day view","Messaging conversations started",5,533.68,106.736,2025-09-07,Ongoing,32,16.6775,61.01989481,0.53738852,,5,,,,,,inactive,inactive,0.05716899,106.736,2025-11-01,2025-11-30
"LPU - Sept",6804632076597,"2025-11-01 - 2025-11-30",25-34,male,"New Engagement ad set",inactive,adset,12608,18168,1.44098985,"7-day click or 1-day view","Messaging conversations started",6,1061.86,176.97666667,2025-09-07,Ongoing,43,24.6944186,58.44671951,0.39630119,,6,,,,,,inactive,inactive,0.0330251,176.97666667,2025-11-01,2025-11-30
"LPU - Sept",6804632076597,"2025-11-01 - 2025-11-30",18-24,male,"New Engagement ad set",inactive,adset,18746,29864,1.59308653,"7-day click or 1-day view","Messaging conversations started",5,1269.28,253.856,2025-09-07,Ongoing,61,20.80786885,42.50200911,0.32145727,,5,,,,,,inactive,inactive,0.01674257,253.856,2025-11-01,2025-11-30
Skies,6832539425197,"2025-11-01 - 2025-11-30",35-44,unknown,"New Engagement ad set - 1",not_delivering,adset,3,3,1,"7-day click or 1-day view","Messaging conversations started",,1.19,,2025-11-21,Ongoing,,,396.66666667,0,,,,,,,,not_delivering,inactive,,,2025-11-01,2025-11-30
Skies,6832539425197,"2025-11-01 - 2025-11-30",55-64,female,"New Engagement ad set - 1",not_delivering,adset,26,31,1.19230769,"7-day click or 1-day view","Messaging conversations started",,1.19,,2025-11-21,Ongoing,,,38.38709677,0,,,,,,,,not_delivering,inactive,,,2025-11-01,2025-11-30
"LPU - Sept",6804632076597,"2025-11-01 - 2025-11-30",18-24,female,"New Engagement ad set",inactive,adset,13657,19430,1.42271363,"7-day click or 1-day view","Messaging conversations started",5,792.94,158.588,2025-09-07,Ongoing,47,16.87106383,40.81008749,0.32938755,,5,,,,,,inactive,inactive,0.0257334,158.588,2025-11-01,2025-11-30
Skies,6832539425197,"2025-11-01 - 2025-11-30",55-64,unknown,"New Engagement ad set - 1",not_delivering,adset,2,2,1,"7-day click or 1-day view","Messaging conversations started",,0.21,,2025-11-21,Ongoing,,,105,0,,,,,,,,not_delivering,inactive,,,2025-11-01,2025-11-30
Skies,6832539425197,"2025-11-01 - 2025-11-30",45-54,female,"New Engagement ad set - 1",not_delivering,adset,101,201,1.99009901,"7-day click or 1-day view","Messaging conversations started",2,93.73,46.865,2025-11-21,Ongoing,4,23.4325,466.31840796,2.98507463,,2,,,,,,not_delivering,inactive,0.99502488,46.865,2025-11-01,2025-11-30
"LPU - Sept",6804632076597,"2025-11-01 - 2025-11-30",25-34,unknown,"New Engagement ad set",inactive,adset,14,16,1.14285714,"7-day click or 1-day view","Messaging conversations started",,0.82,,2025-09-07,Ongoing,,,51.25,0,,,,,,,,inactive,inactive,,,2025-11-01,2025-11-30
Skies,6832539425197,"2025-11-01 - 2025-11-30",45-54,male,"New Engagement ad set - 1",not_delivering,adset,338,686,2.0295858,"7-day click or 1-day view","Messaging conversations started",,238.34,,2025-11-21,Ongoing,5,47.668,347.43440233,0.87463557,,,,,,,,not_delivering,inactive,,,2025-11-01,2025-11-30
Skies,6832539425197,"2025-11-01 - 2025-11-30",25-34,male,"New Engagement ad set - 1",not_delivering,adset,1279,2348,1.83580923,"7-day click or 1-day view","Messaging conversations started",2,532.55,266.275,2025-11-21,Ongoing,13,40.96538462,226.81005111,0.89437819,,2,,,,,,not_delivering,inactive,0.08517888,266.275,2025-11-01,2025-11-30
Skies,6832539425197,"2025-11-01 - 2025-11-30",25-34,female,"New Engagement ad set - 1",not_delivering,adset,517,1051,2.03288201,"7-day click or 1-day view","Messaging conversations started",1,267.81,267.81,2025-11-21,Ongoing,7,38.25857143,254.81446242,1.14176974,,1,,,,,,not_delivering,inactive,0.09514748,267.81,2025-11-01,2025-11-30
"MBA - Degreecraft",6830713058997,"2025-11-01 - 2025-11-30",25-34,unknown,"New Engagement ad set - City",not_delivering,adset,44,53,1.20454545,"7-day click or 1-day view","Messaging conversations started",,2.14,,2025-11-18,Ongoing,,,40.37735849,0,,,,,,,,not_delivering,inactive,,,2025-11-01,2025-11-30
Skies,6832539425197,"2025-11-01 - 2025-11-30",18-24,unknown,"New Engagement ad set - 1",not_delivering,adset,20,30,1.5,"7-day click or 1-day view","Messaging conversations started",1,61.91,61.91,2025-11-21,Ongoing,3,20.63666667,2063.66666667,3.33333333,,1,,,,,,not_delivering,inactive,3.33333333,61.91,2025-11-01,2025-11-30
Skies,6832539425197,"2025-11-01 - 2025-11-30",35-44,male,"New Engagement ad set - 1",not_delivering,adset,595,1096,1.84201681,"7-day click or 1-day view","Messaging conversations started",2,283.57,141.785,2025-11-21,Ongoing,9,31.50777778,258.73175182,1.18613139,,2,,,,,,not_delivering,inactive,0.18248175,141.785,2025-11-01,2025-11-30
Skies,6832539425197,"2025-11-01 - 2025-11-30",55-64,male,"New Engagement ad set - 1",not_delivering,adset,125,222,1.776,"7-day click or 1-day view","Messaging conversations started",1,109.4,109.4,2025-11-21,Ongoing,4,27.35,492.79279279,2.25225225,,1,,,,,,not_delivering,inactive,0.45045045,109.4,2025-11-01,2025-11-30
Skies,6832539425197,"2025-11-01 - 2025-11-30",65+,male,"New Engagement ad set - 1",not_delivering,adset,81,145,1.79012346,"7-day click or 1-day view","Messaging conversations started",1,31.03,31.03,2025-11-21,Ongoing,2,15.515,214,1.37931034,,1,,,,,,not_delivering,inactive,0.68965517,31.03,2025-11-01,2025-11-30
Skies,6832539425197,"2025-11-01 - 2025-11-30",35-44,female,"New Engagement ad set - 1",not_delivering,adset,161,297,1.8447205,"7-day click or 1-day view","Messaging conversations started",,52.69,,2025-11-21,Ongoing,1,52.69,177.40740741,0.33670034,,,,,,,,not_delivering,inactive,,,2025-11-01,2025-11-30
"LPU - Sept",6804632076597,"2025-10-01 - 2025-10-31",18-24,male,"New Engagement ad set",inactive,adset,32477,50128,1.54349232,"7-day click or 1-day view","Messaging conversations started",10,1571.93,157.193,2025-09-07,Ongoing,100,15.7193,31.35832269,0.29125439,,10,,,,,,inactive,inactive,0.01994893,157.193,2025-10-01,2025-10-31
"LPU Punjab - 13/05",6715753772997,"2025-10-01 - 2025-10-31",35-44,male,SET1,not_delivering,adset,814,1036,1.27272727,"7-day click or 1-day view","Messaging conversations started",,50.77,,2025-05-13,Ongoing,,,49.00579151,0.19305019,,,,,,,,not_delivering,inactive,,,2025-10-01,2025-10-31
"LPU Punjab - 13/05",6715753772997,"2025-10-01 - 2025-10-31",35-44,unknown,SET1,not_delivering,adset,4,5,1.25,"7-day click or 1-day view","Messaging conversations started",,0.17,,2025-05-13,Ongoing,,,34,0,,,,,,,,not_delivering,inactive,,,2025-10-01,2025-10-31
"LPU Punjab - 13/05",6715753772997,"2025-10-01 - 2025-10-31",65+,female,SET1,not_delivering,adset,700,801,1.14428571,"7-day click or 1-day view","Messaging conversations started",,14.84,,2025-05-13,Ongoing,2,7.42,18.52684145,0.24968789,,,,,,,,not_delivering,inactive,,,2025-10-01,2025-10-31
"LPU Punjab - 13/05",6715753772997,"2025-10-01 - 2025-10-31",18-24,unknown,SET1,not_delivering,adset,50,66,1.32,"7-day click or 1-day view","Messaging conversations started",,2.21,,2025-05-13,Ongoing,2,1.105,33.48484848,3.03030303,,,,,,,,not_delivering,inactive,,,2025-10-01,2025-10-31
"LPU Punjab - 13/05",6715753772997,"2025-10-01 - 2025-10-31",25-34,unknown,SET1,not_delivering,adset,43,53,1.23255814,"7-day click or 1-day view","Messaging conversations started",,1.53,,2025-05-13,Ongoing,1,1.53,28.86792453,1.88679245,,,,,,,,not_delivering,inactive,,,2025-10-01,2025-10-31
"LPU Punjab - 13/05",6715753772997,"2025-10-01 - 2025-10-31",18-24,female,SET1,not_delivering,adset,21935,26874,1.22516526,"7-day click or 1-day view","Messaging conversations started",4,468.56,117.14,2025-05-13,Ongoing,37,12.66378378,17.43543946,0.25675374,,4,,,,,,not_delivering,inactive,0.01488427,117.14,2025-10-01,2025-10-31
"LPU Punjab - 13/05",6715753772997,"2025-10-01 - 2025-10-31",25-34,female,SET1,not_delivering,adset,5854,6726,1.14895798,"7-day click or 1-day view","Messaging conversations started",1,209.5,209.5,2025-05-13,Ongoing,11,19.04545455,31.14778472,0.31222123,,1,,,,,,not_delivering,inactive,0.01486768,209.5,2025-10-01,2025-10-31
"LPU Punjab - 13/05",6715753772997,"2025-10-01 - 2025-10-31",25-34,male,SET1,not_delivering,adset,14378,17721,1.232508,"7-day click or 1-day view","Messaging conversations started",5,509.21,101.842,2025-05-13,Ongoing,35,14.54885714,28.73483438,0.34986739,,5,,,,,,not_delivering,inactive,0.02821511,101.842,2025-10-01,2025-10-31
"LPU Punjab - 13/05",6715753772997,"2025-10-01 - 2025-10-31",65+,male,SET1,not_delivering,adset,630,739,1.17301587,"7-day click or 1-day view","Messaging conversations started",,17.59,,2025-05-13,Ongoing,2,8.795,23.80243572,0.40595399,,,,,,,,not_delivering,inactive,,,2025-10-01,2025-10-31
"LPU Punjab - 13/05",6715753772997,"2025-10-01 - 2025-10-31",35-44,female,SET1,not_delivering,adset,225,281,1.24888889,"7-day click or 1-day view","Messaging conversations started",,8.64,,2025-05-13,Ongoing,,,30.74733096,0,,,,,,,,not_delivering,inactive,,,2025-10-01,2025-10-31
"LPU - Sept",6804632076597,"2025-10-01 - 2025-10-31",35-44,male,"New Engagement ad set",inactive,adset,2333,3541,1.51778826,"7-day click or 1-day view","Messaging conversations started",,299.77,,2025-09-07,Ongoing,8,37.47125,84.65687659,0.25416549,,,,,,,,inactive,inactive,,,2025-10-01,2025-10-31
"LPU - Sept",6804632076597,"2025-10-01 - 2025-10-31",65+,male,"New Engagement ad set",inactive,adset,484,694,1.4338843,"7-day click or 1-day view","Messaging conversations started",1,48.65,48.65,2025-09-07,Ongoing,3,16.21666667,70.10086455,0.57636888,,1,,,,,,inactive,inactive,0.14409222,48.65,2025-10-01,2025-10-31
"LPU - Sept",6804632076597,"2025-10-01 - 2025-10-31",35-44,unknown,"New Engagement ad set",inactive,adset,9,16,1.77777778,"7-day click or 1-day view","Messaging conversations started",,0.56,,2025-09-07,Ongoing,,,35,0,,,,,,,,inactive,inactive,,,2025-10-01,2025-10-31
"LPU - Sept",6804632076597,"2025-10-01 - 2025-10-31",25-34,female,"New Engagement ad set",inactive,adset,8183,11485,1.40351949,"7-day click or 1-day view","Messaging conversations started",5,504.32,100.864,2025-09-07,Ongoing,25,20.1728,43.91118851,0.31345233,,5,,,,,,inactive,inactive,0.04353505,100.864,2025-10-01,2025-10-31
"LPU - Sept",6804632076597,"2025-10-01 - 2025-10-31",25-34,unknown,"New Engagement ad set",inactive,adset,53,65,1.22641509,"7-day click or 1-day view","Messaging conversations started",,1.87,,2025-09-07,Ongoing,,,28.76923077,0,,,,,,,,inactive,inactive,,,2025-10-01,2025-10-31
"LPU Punjab - 13/05",6715753772997,"2025-10-01 - 2025-10-31",18-24,male,SET1,not_delivering,adset,27259,36904,1.35382809,"7-day click or 1-day view","Messaging conversations started",5,798.75,159.75,2025-05-13,Ongoing,79,10.11075949,21.64399523,0.32245827,,5,,,,,,not_delivering,inactive,0.01354867,159.75,2025-10-01,2025-10-31
"LPU - Sept",6804632076597,"2025-10-01 - 2025-10-31",65+,female,"New Engagement ad set",inactive,adset,468,653,1.39529915,"7-day click or 1-day view","Messaging conversations started",,19.21,,2025-09-07,Ongoing,,,29.41807044,0.15313936,,,,,,,,inactive,inactive,,,2025-10-01,2025-10-31
"LPU - Sept",6804632076597,"2025-10-01 - 2025-10-31",18-24,female,"New Engagement ad set",inactive,adset,22927,34254,1.49404632,"7-day click or 1-day view","Messaging conversations started",8,998.46,124.8075,2025-09-07,Ongoing,53,18.83886792,29.14871256,0.26274304,,8,,,,,,inactive,inactive,0.02335494,124.8075,2025-10-01,2025-10-31
"LPU - Sept",6804632076597,"2025-10-01 - 2025-10-31",18-24,unknown,"New Engagement ad set",inactive,adset,109,140,1.28440367,"7-day click or 1-day view","Messaging conversations started",,2.88,,2025-09-07,Ongoing,,,20.57142857,0.71428571,,,,,,,,inactive,inactive,,,2025-10-01,2025-10-31
"LPU - Sept",6804632076597,"2025-10-01 - 2025-10-31",65+,unknown,"New Engagement ad set",inactive,adset,3,4,1.33333333,"7-day click or 1-day view","Messaging conversations started",,0.06,,2025-09-07,Ongoing,,,15,0,,,,,,,,inactive,inactive,,,2025-10-01,2025-10-31
"LPU - Sept",6804632076597,"2025-10-01 - 2025-10-31",35-44,female,"New Engagement ad set",inactive,adset,1264,1828,1.44620253,"7-day click or 1-day view","Messaging conversations started",1,115.49,115.49,2025-09-07,Ongoing,4,28.8725,63.17833698,0.60175055,,1,,,,,,inactive,inactive,0.0547046,115.49,2025-10-01,2025-10-31
"LPU - Sept",6804632076597,"2025-10-01 - 2025-10-31",25-34,male,"New Engagement ad set",inactive,adset,16063,24064,1.49810123,"7-day click or 1-day view","Messaging conversations started",3,1134.68,378.22666667,2025-09-07,Ongoing,44,25.78818182,47.15259309,0.31582447,,3,,,,,,inactive,inactive,0.01246676,378.22666667,2025-10-01,2025-10-31
"LPU Punjab - 13/05",6715753772997,"2025-09-01 - 2025-09-30",25-34,unknown,"SET2 - MBA",inactive,adset,239,306,1.28033473,"7-day click or 1-day view","Messaging conversations started",,24.69,,2025-05-25,Ongoing,3,8.23,80.68627451,0.98039216,,,,,,,,inactive,inactive,,,2025-09-01,2025-09-30
"AMITY Ads",6768967611397,"2025-09-01 - 2025-09-30",35-44,female,"New Engagement ad set",not_delivering,adset,201,267,1.32835821,"7-day click or 1-day view","Messaging conversations started",,25.69,,2025-07-15,Ongoing,1,25.69,96.21722846,0.37453184,,,,,,,,not_delivering,inactive,,,2025-09-01,2025-09-30
"LPU Punjab - 13/05",6715753772997,"2025-09-01 - 2025-09-30",25-34,male,"SET2 - MBA",inactive,adset,28089,43150,1.53618854,"7-day click or 1-day view","Messaging conversations started",15,3818.72,254.58133333,2025-05-25,Ongoing,133,28.71218045,88.49872538,0.49826188,,15,,,,,,inactive,inactive,0.03476246,254.58133333,2025-09-01,2025-09-30
"LPU Punjab - 13/05",6715753772997,"2025-09-01 - 2025-09-30",25-34,female,"SET2 - MBA",inactive,adset,10215,15268,1.49466471,"7-day click or 1-day view","Messaging conversations started",2,1531.42,765.71,2025-05-25,Ongoing,38,40.30052632,100.30259366,0.49122347,,2,,,,,,inactive,inactive,0.01309929,765.71,2025-09-01,2025-09-30
"LPU Punjab - 13/05",6715753772997,"2025-09-01 - 2025-09-30",35-44,male,"SET2 - MBA",inactive,adset,7922,12679,1.60047968,"7-day click or 1-day view","Messaging conversations started",6,1363.57,227.26166667,2025-05-25,Ongoing,47,29.01212766,107.54554776,0.71772222,,6,,,,,,inactive,inactive,0.04732234,227.26166667,2025-09-01,2025-09-30
"LPU Punjab - 13/05",6715753772997,"2025-09-01 - 2025-09-30",18-24,male,"SET2 - MBA",inactive,adset,25928,43528,1.67880284,"7-day click or 1-day view","Messaging conversations started",8,2424.49,303.06125,2025-05-25,Ongoing,96,25.25510417,55.69954972,0.38595846,,8,,,,,,inactive,inactive,0.01837897,303.06125,2025-09-01,2025-09-30
"LPU Punjab - 13/05",6715753772997,"2025-09-01 - 2025-09-30",35-44,female,"SET2 - MBA",inactive,adset,3053,4813,1.57648215,"7-day click or 1-day view","Messaging conversations started",2,616.82,308.41,2025-05-25,Ongoing,16,38.55125,128.15707459,0.62331186,,2,,,,,,inactive,inactive,0.04155412,308.41,2025-09-01,2025-09-30
"AMITY Ads",6768967611397,"2025-09-01 - 2025-09-30",18-24,female,"New Engagement ad set",not_delivering,adset,3123,4639,1.48543068,"7-day click or 1-day view","Messaging conversations started",,293.14,,2025-07-15,Ongoing,9,32.57111111,63.19034275,0.32334555,,,,,,,,not_delivering,inactive,,,2025-09-01,2025-09-30
"LPU Punjab - 13/05",6715753772997,"2025-09-01 - 2025-09-30",18-24,female,"SET2 - MBA",inactive,adset,15081,24677,1.63629733,"7-day click or 1-day view","Messaging conversations started",3,1428.35,476.11666667,2025-05-25,Ongoing,40,35.70875,57.88183329,0.30392673,,3,,,,,,inactive,inactive,0.01215707,476.11666667,2025-09-01,2025-09-30
"LPU Punjab - 13/05",6715753772997,"2025-09-01 - 2025-09-30",18-24,unknown,"SET2 - MBA",inactive,adset,314,389,1.2388535,"7-day click or 1-day view","Messaging conversations started",,25.12,,2025-05-25,Ongoing,,,64.57583548,0.25706941,,,,,,,,inactive,inactive,,,2025-09-01,2025-09-30
"AMITY Ads",6768967611397,"2025-09-01 - 2025-09-30",18-24,male,"New Engagement ad set",not_delivering,adset,5271,7891,1.49705938,"7-day click or 1-day view","Messaging conversations started",3,673.35,224.45,2025-07-15,Ongoing,29,23.21896552,85.33139019,0.57026993,,3,,,,,,not_delivering,inactive,0.038018,224.45,2025-09-01,2025-09-30
"AMITY Ads",6768967611397,"2025-09-01 - 2025-09-30",25-34,female,"New Engagement ad set",not_delivering,adset,1232,1813,1.47159091,"7-day click or 1-day view","Messaging conversations started",,215.2,,2025-07-15,Ongoing,5,43.04,118.69829013,0.44125758,,,,,,,,not_delivering,inactive,,,2025-09-01,2025-09-30
"AMITY Ads",6768967611397,"2025-09-01 - 2025-09-30",25-34,male,"New Engagement ad set",not_delivering,adset,3421,5122,1.49722303,"7-day click or 1-day view","Messaging conversations started",,804.95,,2025-07-15,Ongoing,19,42.36578947,157.15540804,0.70285045,,,,,,,,not_delivering,inactive,,,2025-09-01,2025-09-30
"AMITY Ads",6768967611397,"2025-09-01 - 2025-09-30",18-24,unknown,"New Engagement ad set",not_delivering,adset,80,96,1.2,"7-day click or 1-day view","Messaging conversations started",,8.67,,2025-07-15,Ongoing,1,8.67,90.3125,1.04166667,,,,,,,,not_delivering,inactive,,,2025-09-01,2025-09-30
"AMITY Ads",6768967611397,"2025-09-01 - 2025-09-30",35-44,male,"New Engagement ad set",not_delivering,adset,720,1101,1.52916667,"7-day click or 1-day view","Messaging conversations started",,158.6,,2025-07-15,Ongoing,2,79.3,144.05086285,0.54495913,,,,,,,,not_delivering,inactive,,,2025-09-01,2025-09-30
"AMITY Ads",6768967611397,"2025-09-01 - 2025-09-30",25-34,unknown,"New Engagement ad set",not_delivering,adset,22,25,1.13636364,"7-day click or 1-day view","Messaging conversations started",,1.18,,2025-07-15,Ongoing,,,47.2,0,,,,,,,,not_delivering,inactive,,,2025-09-01,2025-09-30
"LPU Punjab - 13/05",6715753772997,"2025-09-01 - 2025-09-30",35-44,unknown,"SET2 - MBA",inactive,adset,58,85,1.46551724,"7-day click or 1-day view","Messaging conversations started",,5.56,,2025-05-25,Ongoing,1,5.56,65.41176471,1.17647059,,,,,,,,inactive,inactive,,,2025-09-01,2025-09-30
"LPU - Sept",6804632076597,"2025-09-01 - 2025-09-30",18-24,female,"New Engagement ad set",inactive,adset,39558,62103,1.56992265,"7-day click or 1-day view","Messaging conversations started",11,1759.45,159.95,2025-09-07,Ongoing,104,16.91778846,28.33115953,0.27051833,,11,,,,,,inactive,inactive,0.01771251,159.95,2025-09-01,2025-09-30
"LPU Punjab - 13/05",6715753772997,"2025-09-01 - 2025-09-30",18-24,female,SET1,not_delivering,adset,39979,80857,2.02248681,"7-day click or 1-day view","Messaging conversations started",21,2707.7,128.93809524,2025-05-13,Ongoing,146,18.54589041,33.487515,0.34629036,,21,,,,,,not_delivering,inactive,0.02597178,128.93809524,2025-09-01,2025-09-30
"LPU - Sept",6804632076597,"2025-09-01 - 2025-09-30",25-34,unknown,"New Engagement ad set",inactive,adset,205,251,1.22439024,"7-day click or 1-day view","Messaging conversations started",,9.57,,2025-09-07,Ongoing,,,38.12749004,0.39840637,,,,,,,,inactive,inactive,,,2025-09-01,2025-09-30
"LPU Punjab - 13/05",6715753772997,"2025-09-01 - 2025-09-30",25-34,female,SET1,not_delivering,adset,13835,25143,1.81734731,"7-day click or 1-day view","Messaging conversations started",17,1531.58,90.09294118,2025-05-13,Ongoing,68,22.52323529,60.91476753,0.46931552,,17,,,,,,not_delivering,inactive,0.06761325,90.09294118,2025-09-01,2025-09-30
"LPU - Sept",6804632076597,"2025-09-01 - 2025-09-30",25-34,female,"New Engagement ad set",inactive,adset,15137,22891,1.51225474,"7-day click or 1-day view","Messaging conversations started",7,1123.36,160.48,2025-09-07,Ongoing,69,16.28057971,49.07430868,0.43248438,,7,,,,,,inactive,inactive,0.0305797,160.48,2025-09-01,2025-09-30
"LPU Punjab - 13/05",6715753772997,"2025-09-01 - 2025-09-30",18-24,male,SET1,not_delivering,adset,54365,119017,2.18922101,"7-day click or 1-day view","Messaging conversations started",33,4116.9,124.75454545,2025-05-13,Ongoing,244,16.87254098,34.59085677,0.3444886,,33,,,,,,not_delivering,inactive,0.02772713,124.75454545,2025-09-01,2025-09-30
"LPU Punjab - 13/05",6715753772997,"2025-09-01 - 2025-09-30",35-44,male,SET1,not_delivering,adset,1751,3104,1.77270131,"7-day click or 1-day view","Messaging conversations started",3,237.79,79.26333333,2025-05-13,Ongoing,8,29.72375,76.60760309,0.41881443,,3,,,,,,not_delivering,inactive,0.09664948,79.26333333,2025-09-01,2025-09-30
"LPU Punjab - 13/05",6715753772997,"2025-09-01 - 2025-09-30",35-44,female,SET1,not_delivering,adset,661,1059,1.602118,"7-day click or 1-day view","Messaging conversations started",2,136.31,68.155,2025-05-13,Ongoing,3,45.43666667,128.71576959,0.94428706,,2,,,,,,not_delivering,inactive,0.18885741,68.155,2025-09-01,2025-09-30
"LPU Punjab - 13/05",6715753772997,"2025-09-01 - 2025-09-30",18-24,unknown,SET1,not_delivering,adset,577,905,1.56845754,"7-day click or 1-day view","Messaging conversations started",,35.35,,2025-05-13,Ongoing,,,39.06077348,0,,,,,,,,not_delivering,inactive,,,2025-09-01,2025-09-30
"LPU Punjab - 13/05",6715753772997,"2025-09-01 - 2025-09-30",35-44,unknown,SET1,not_delivering,adset,7,12,1.71428571,"7-day click or 1-day view","Messaging conversations started",,1.06,,2025-05-13,Ongoing,,,88.33333333,0,,,,,,,,not_delivering,inactive,,,2025-09-01,2025-09-30
"LPU Punjab - 13/05",6715753772997,"2025-09-01 - 2025-09-30",25-34,unknown,SET1,not_delivering,adset,205,308,1.50243902,"7-day click or 1-day view","Messaging conversations started",,15.93,,2025-05-13,Ongoing,2,7.965,51.72077922,0.64935065,,,,,,,,not_delivering,inactive,,,2025-09-01,2025-09-30
"LPU Punjab - 13/05",6715753772997,"2025-09-01 - 2025-09-30",25-34,male,SET1,not_delivering,adset,32564,61122,1.87698071,"7-day click or 1-day view","Messaging conversations started",25,3391.49,135.6596,2025-05-13,Ongoing,134,25.30962687,55.48722228,0.38447695,,25,,,,,,not_delivering,inactive,0.0409018,135.6596,2025-09-01,2025-09-30
"LPU - Sept",6804632076597,"2025-09-01 - 2025-09-30",18-24,male,"New Engagement ad set",inactive,adset,48846,85748,1.7554764,"7-day click or 1-day view","Messaging conversations started",14,2423.84,173.13142857,2025-09-07,Ongoing,157,15.43847134,28.26701497,0.2787237,,14,,,,,,inactive,inactive,0.01632691,173.13142857,2025-09-01,2025-09-30
"LPU - Sept",6804632076597,"2025-09-01 - 2025-09-30",25-34,male,"New Engagement ad set",inactive,adset,28682,45501,1.58639565,"7-day click or 1-day view","Messaging conversations started",21,2103.59,100.17095238,2025-09-07,Ongoing,110,19.12354545,46.23173117,0.33625635,,21,,,,,,inactive,inactive,0.04615283,100.17095238,2025-09-01,2025-09-30
"LPU - Sept",6804632076597,"2025-09-01 - 2025-09-30",35-44,female,"New Engagement ad set",inactive,adset,2427,3918,1.61433869,"7-day click or 1-day view","Messaging conversations started",3,286.45,95.48333333,2025-09-07,Ongoing,14,20.46071429,73.11128127,0.51046452,,3,,,,,,inactive,inactive,0.07656968,95.48333333,2025-09-01,2025-09-30
"LPU - Sept",6804632076597,"2025-09-01 - 2025-09-30",35-44,male,"New Engagement ad set",inactive,adset,4942,7913,1.60117361,"7-day click or 1-day view","Messaging conversations started",,550.66,,2025-09-07,Ongoing,21,26.22190476,69.58928346,0.39176039,,,,,,,,inactive,inactive,,,2025-09-01,2025-09-30
"LPU - Sept",6804632076597,"2025-09-01 - 2025-09-30",18-24,unknown,"New Engagement ad set",inactive,adset,700,911,1.30142857,"7-day click or 1-day view","Messaging conversations started",,41.13,,2025-09-07,Ongoing,1,41.13,45.1481888,0.21953897,,,,,,,,inactive,inactive,,,2025-09-01,2025-09-30
"LPU - Sept",6804632076597,"2025-09-01 - 2025-09-30",35-44,unknown,"New Engagement ad set",inactive,adset,46,54,1.17391304,"7-day click or 1-day view","Messaging conversations started",,3.1,,2025-09-07,Ongoing,,,57.40740741,0,,,,,,,,inactive,inactive,,,2025-09-01,2025-09-30
"AMITY Ads",6768967611397,"2025-09-01 - 2025-09-30",35-44,unknown,"New Engagement ad set",not_delivering,adset,7,9,1.28571429,"7-day click or 1-day view","Messaging conversations started",,3.5,,2025-07-15,Ongoing,,,388.88888889,0,,,,,,,,not_delivering,inactive,,,2025-09-01,2025-09-30
"LPU Punjab - 13/05",6715753772997,"2025-08-01 - 2025-08-31",35-44,unknown,"SET2 - MBA",inactive,adset,6,7,1.16666667,"7-day click or 1-day view","Messaging conversations started",,0.57,,2025-05-25,Ongoing,,,81.42857143,0,,,,,,,,inactive,inactive,,,2025-08-01,2025-08-31
"LPU Punjab - 13/05",6715753772997,"2025-08-01 - 2025-08-31",18-24,unknown,"SET2 - MBA",inactive,adset,17,25,1.47058824,"7-day click or 1-day view","Messaging conversations started",,0.67,,2025-05-25,Ongoing,,,26.8,0,,,,,,,,inactive,inactive,,,2025-08-01,2025-08-31
"LPU Punjab - 13/05",6715753772997,"2025-08-01 - 2025-08-31",18-24,female,"SET2 - MBA",inactive,adset,8730,13414,1.53654066,"7-day click or 1-day view","Messaging conversations started",5,736.51,147.302,2025-05-25,Ongoing,28,26.30392857,54.90606829,0.38019979,,5,,,,,,inactive,inactive,0.03727449,147.302,2025-08-01,2025-08-31
"LPU Punjab - 13/05",6715753772997,"2025-08-01 - 2025-08-31",25-34,male,"SET2 - MBA",inactive,adset,11121,16381,1.47297905,"7-day click or 1-day view","Messaging conversations started",7,1348.39,192.62714286,2025-05-25,Ongoing,27,49.94037037,82.31426653,0.39069654,,7,,,,,,inactive,inactive,0.04273243,192.62714286,2025-08-01,2025-08-31
"LPU Punjab - 13/05",6715753772997,"2025-08-01 - 2025-08-31",18-24,male,"SET2 - MBA",inactive,adset,12616,18936,1.50095117,"7-day click or 1-day view","Messaging conversations started",3,1132.95,377.65,2025-05-25,Ongoing,42,26.975,59.83048162,0.34854246,,3,,,,,,inactive,inactive,0.01584284,377.65,2025-08-01,2025-08-31
"LPU Punjab - 13/05",6715753772997,"2025-08-01 - 2025-08-31",35-44,female,"SET2 - MBA",inactive,adset,816,1397,1.7120098,"7-day click or 1-day view","Messaging conversations started",2,175.76,87.88,2025-05-25,Ongoing,4,43.94,125.81245526,0.57265569,,2,,,,,,inactive,inactive,0.14316392,87.88,2025-08-01,2025-08-31
"LPU Punjab - 13/05",6715753772997,"2025-08-01 - 2025-08-31",25-34,female,"SET2 - MBA",inactive,adset,4873,6765,1.38826185,"7-day click or 1-day view","Messaging conversations started",1,470.84,470.84,2025-05-25,Ongoing,15,31.38933333,69.59940872,0.36954915,,1,,,,,,inactive,inactive,0.01478197,470.84,2025-08-01,2025-08-31
"LPU Punjab - 13/05",6715753772997,"2025-08-01 - 2025-08-31",25-34,unknown,"SET2 - MBA",inactive,adset,27,42,1.55555556,"7-day click or 1-day view","Messaging conversations started",,1.83,,2025-05-25,Ongoing,,,43.57142857,0,,,,,,,,inactive,inactive,,,2025-08-01,2025-08-31
"LPU Punjab - 13/05",6715753772997,"2025-08-01 - 2025-08-31",18-24,female,SET1,not_delivering,adset,10357,18694,1.80496283,"7-day click or 1-day view","Messaging conversations started",12,995.4,82.95,2025-05-13,Ongoing,45,22.12,53.24703113,0.39584894,,12,,,,,,not_delivering,inactive,0.06419172,82.95,2025-08-01,2025-08-31
"LPU Punjab - 13/05",6715753772997,"2025-08-01 - 2025-08-31",35-44,male,"SET2 - MBA",inactive,adset,2208,3510,1.58967391,"7-day click or 1-day view","Messaging conversations started",,420.56,,2025-05-25,Ongoing,6,70.09333333,119.81766382,0.71225071,,,,,,,,inactive,inactive,,,2025-08-01,2025-08-31
"LPU Punjab - 13/05",6715753772997,"2025-08-01 - 2025-08-31",25-34,female,SET1,not_delivering,adset,3323,5559,1.67288595,"7-day click or 1-day view","Messaging conversations started",9,437.33,48.59222222,2025-05-13,Ongoing,22,19.87863636,78.67062421,0.62960964,,9,,,,,,not_delivering,inactive,0.16189962,48.59222222,2025-08-01,2025-08-31
"LPU Punjab - 13/05",6715753772997,"2025-08-01 - 2025-08-31",35-44,male,SET1,not_delivering,adset,450,817,1.81555556,"7-day click or 1-day view","Messaging conversations started",,86.59,,2025-05-13,Ongoing,4,21.6475,105.98531212,0.73439412,,,,,,,,not_delivering,inactive,,,2025-08-01,2025-08-31
"LPU Punjab - 13/05",6715753772997,"2025-08-01 - 2025-08-31",25-34,unknown,SET1,not_delivering,adset,20,37,1.85,"7-day click or 1-day view","Messaging conversations started",,3.6,,2025-05-13,Ongoing,,,97.2972973,0,,,,,,,,not_delivering,inactive,,,2025-08-01,2025-08-31
"LPU Punjab - 13/05",6715753772997,"2025-08-01 - 2025-08-31",35-44,unknown,SET1,not_delivering,adset,1,3,3,"7-day click or 1-day view","Messaging conversations started",,0.02,,2025-05-13,Ongoing,,,6.66666667,0,,,,,,,,not_delivering,inactive,,,2025-08-01,2025-08-31
"LPU Punjab - 13/05",6715753772997,"2025-08-01 - 2025-08-31",35-44,female,SET1,not_delivering,adset,132,240,1.81818182,"7-day click or 1-day view","Messaging conversations started",,21.07,,2025-05-13,Ongoing,,,87.79166667,0.83333333,,,,,,,,not_delivering,inactive,,,2025-08-01,2025-08-31
"LPU Punjab - 13/05",6715753772997,"2025-08-01 - 2025-08-31",18-24,unknown,SET1,not_delivering,adset,28,40,1.42857143,"7-day click or 1-day view","Messaging conversations started",,0.83,,2025-05-13,Ongoing,,,20.75,0,,,,,,,,not_delivering,inactive,,,2025-08-01,2025-08-31
"LPU Punjab - 13/05",6715753772997,"2025-08-01 - 2025-08-31",25-34,male,SET1,not_delivering,adset,8251,15008,1.81893104,"7-day click or 1-day view","Messaging conversations started",7,1124.29,160.61285714,2025-05-13,Ongoing,42,26.76880952,74.91271322,0.47308102,,7,,,,,,not_delivering,inactive,0.04664179,160.61285714,2025-08-01,2025-08-31
"LPU Punjab - 13/05",6715753772997,"2025-08-01 - 2025-08-31",18-24,male,SET1,not_delivering,adset,15847,30243,1.90843693,"7-day click or 1-day view","Messaging conversations started",12,1517.42,126.45166667,2025-05-13,Ongoing,88,17.24340909,50.1742552,0.46622359,,12,,,,,,not_delivering,inactive,0.0396786,126.45166667,2025-08-01,2025-08-31
"AMITY Ads",6768967611397,"2025-07-01 - 2025-07-31",35-44,male,"New Engagement ad set",not_delivering,adset,1608,2188,1.36069652,"7-day click or 1-day view","Messaging conversations started",2,325.5,162.75,2025-07-15,Ongoing,5,65.1,148.76599634,0.41133455,,2,,,,,,not_delivering,inactive,0.09140768,162.75,2025-07-01,2025-07-31
"AMITY Ads",6768967611397,"2025-07-01 - 2025-07-31",35-44,female,"New Engagement ad set",not_delivering,adset,624,868,1.39102564,"7-day click or 1-day view","Messaging conversations started",,93.41,,2025-07-15,Ongoing,1,93.41,107.61520737,0.23041475,,,,,,,,not_delivering,inactive,,,2025-07-01,2025-07-31
"AMITY Ads",6768967611397,"2025-07-01 - 2025-07-31",18-24,female,"New Engagement ad set",not_delivering,adset,11872,16892,1.42284367,"7-day click or 1-day view","Messaging conversations started",3,898.54,299.51333333,2025-07-15,Ongoing,40,22.4635,53.19322756,0.42623727,,3,,,,,,not_delivering,inactive,0.01775989,299.51333333,2025-07-01,2025-07-31
"AMITY Ads",6768967611397,"2025-07-01 - 2025-07-31",18-24,unknown,"New Engagement ad set",not_delivering,adset,85,85,1,"7-day click or 1-day view","Messaging conversations started",,3.33,,2025-07-15,Ongoing,,,39.17647059,0,,,,,,,,not_delivering,inactive,,,2025-07-01,2025-07-31
DegreeCraft,6769014077597,"2025-07-01 - 2025-07-31",25-34,female,"New Engagement ad set",not_delivering,adset,2800,3727,1.33107143,"7-day click or 1-day view","Messaging conversations started",4,400.41,100.1025,2025-07-15,Ongoing,15,26.694,107.43493426,0.53662463,,4,,,,,,not_delivering,inactive,0.10732493,100.1025,2025-07-01,2025-07-31
DegreeCraft,6769014077597,"2025-07-01 - 2025-07-31",18-24,male,"New Engagement ad set",not_delivering,adset,8304,11675,1.40594894,"7-day click or 1-day view","Messaging conversations started",7,1080.41,154.34428571,2025-07-15,Ongoing,27,40.01518519,92.54047109,0.53104925,,7,,,,,,not_delivering,inactive,0.05995717,154.34428571,2025-07-01,2025-07-31
"AMITY Ads",6768967611397,"2025-07-01 - 2025-07-31",18-24,male,"New Engagement ad set",not_delivering,adset,15016,21220,1.4131593,"7-day click or 1-day view","Messaging conversations started",7,1210.19,172.88428571,2025-07-15,Ongoing,47,25.7487234,57.03063148,0.36286522,,7,,,,,,not_delivering,inactive,0.03298775,172.88428571,2025-07-01,2025-07-31
"AMITY Ads",6768967611397,"2025-07-01 - 2025-07-31",25-34,female,"New Engagement ad set",not_delivering,adset,4232,5353,1.26488658,"7-day click or 1-day view","Messaging conversations started",2,458.36,229.18,2025-07-15,Ongoing,20,22.918,85.62675135,0.57911452,,2,,,,,,not_delivering,inactive,0.03736223,229.18,2025-07-01,2025-07-31
"AMITY Ads",6768967611397,"2025-07-01 - 2025-07-31",25-34,unknown,"New Engagement ad set",not_delivering,adset,33,33,1,"7-day click or 1-day view","Messaging conversations started",,2.06,,2025-07-15,Ongoing,,,62.42424242,0,,,,,,,,not_delivering,inactive,,,2025-07-01,2025-07-31
"AMITY Ads",6768967611397,"2025-07-01 - 2025-07-31",35-44,unknown,"New Engagement ad set",not_delivering,adset,6,6,1,"7-day click or 1-day view","Messaging conversations started",,1,,2025-07-15,Ongoing,,,166.66666667,0,,,,,,,,not_delivering,inactive,,,2025-07-01,2025-07-31
DegreeCraft,6769014077597,"2025-07-01 - 2025-07-31",25-34,male,"New Engagement ad set",not_delivering,adset,7560,12072,1.5968254,"7-day click or 1-day view","Messaging conversations started",24,1434.36,59.765,2025-07-15,Ongoing,62,23.13483871,118.81709742,0.83664679,,24,,,,,,not_delivering,inactive,0.19880716,59.765,2025-07-01,2025-07-31
DegreeCraft,6769014077597,"2025-07-01 - 2025-07-31",18-24,female,"New Engagement ad set",not_delivering,adset,5304,7967,1.50207391,"7-day click or 1-day view","Messaging conversations started",3,536.17,178.72333333,2025-07-15,Ongoing,25,21.4468,67.29885779,0.50207104,,3,,,,,,not_delivering,inactive,0.03765533,178.72333333,2025-07-01,2025-07-31
"AMITY Ads",6768967611397,"2025-07-01 - 2025-07-31",25-34,male,"New Engagement ad set",not_delivering,adset,8168,12092,1.48041136,"7-day click or 1-day view","Messaging conversations started",5,1275.63,255.126,2025-07-15,Ongoing,47,27.14106383,105.49371485,0.64505458,,5,,,,,,not_delivering,inactive,0.04134965,255.126,2025-07-01,2025-07-31
DegreeCraft,6769014077597,"2025-07-01 - 2025-07-31",35-44,female,"New Engagement ad set",not_delivering,adset,616,924,1.5,"7-day click or 1-day view","Messaging conversations started",1,147.33,147.33,2025-07-15,Ongoing,6,24.555,159.44805195,0.86580087,,1,,,,,,not_delivering,inactive,0.10822511,147.33,2025-07-01,2025-07-31
"LPU Punjab - 13/05",6715753772997,"2025-07-01 - 2025-07-31",25-34,female,SET1,not_delivering,adset,16096,20065,1.246583,"7-day click or 1-day view","Messaging conversations started",9,709.33,78.81444444,2025-05-13,Ongoing,43,16.49604651,35.35160728,0.44355844,,9,,,,,,not_delivering,inactive,0.04485422,78.81444444,2025-07-01,2025-07-31
"LPU Punjab - 13/05",6715753772997,"2025-07-01 - 2025-07-31",25-34,unknown,SET1,not_delivering,adset,156,156,1,"7-day click or 1-day view","Messaging conversations started",,3.89,,2025-05-13,Ongoing,1,3.89,24.93589744,0.64102564,,,,,,,,not_delivering,inactive,,,2025-07-01,2025-07-31
DegreeCraft,6769014077597,"2025-07-01 - 2025-07-31",35-44,male,"New Engagement ad set",not_delivering,adset,1688,2926,1.73341232,"7-day click or 1-day view","Messaging conversations started",8,574.49,71.81125,2025-07-15,Ongoing,16,35.905625,196.33971292,0.8202324,,8,,,,,,not_delivering,inactive,0.2734108,71.81125,2025-07-01,2025-07-31
DegreeCraft,6769014077597,"2025-07-01 - 2025-07-31",18-24,unknown,"New Engagement ad set",not_delivering,adset,27,27,1,"7-day click or 1-day view","Messaging conversations started",,1.04,,2025-07-15,Ongoing,,,38.51851852,0,,,,,,,,not_delivering,inactive,,,2025-07-01,2025-07-31
DegreeCraft,6769014077597,"2025-07-01 - 2025-07-31",25-34,unknown,"New Engagement ad set",not_delivering,adset,39,39,1,"7-day click or 1-day view","Messaging conversations started",,1.81,,2025-07-15,Ongoing,,,46.41025641,0,,,,,,,,not_delivering,inactive,,,2025-07-01,2025-07-31
"LPU Punjab - 13/05",6715753772997,"2025-07-01 - 2025-07-31",25-34,male,SET1,not_delivering,adset,28640,39684,1.38561453,"7-day click or 1-day view","Messaging conversations started",10,1261.44,126.144,2025-05-13,Ongoing,115,10.96904348,31.78711823,0.47878238,,10,,,,,,not_delivering,inactive,0.02519907,126.144,2025-07-01,2025-07-31
DegreeCraft,6769014077597,"2025-07-01 - 2025-07-31",35-44,unknown,"New Engagement ad set",not_delivering,adset,0,8,0,"7-day click or 1-day view","Messaging conversations started",,0.39,,2025-07-15,Ongoing,,,48.75,0,,,,,,,,not_delivering,inactive,,,2025-07-01,2025-07-31
"LPU Punjab - 13/05",6715753772997,"2025-07-01 - 2025-07-31",35-44,male,SET1,not_delivering,adset,1824,2316,1.26973684,"7-day click or 1-day view","Messaging conversations started",1,95.32,95.32,2025-05-13,Ongoing,14,6.80857143,41.15716753,1.12262522,,1,,,,,,not_delivering,inactive,0.04317789,95.32,2025-07-01,2025-07-31
"LPU Punjab - 13/05",6715753772997,"2025-07-01 - 2025-07-31",18-24,female,SET1,not_delivering,adset,43648,61236,1.40295088,"7-day click or 1-day view","Messaging conversations started",10,1278.06,127.806,2025-05-13,Ongoing,96,13.313125,20.87105624,0.31680711,,10,,,,,,not_delivering,inactive,0.01633026,127.806,2025-07-01,2025-07-31
"LPU Punjab - 13/05",6715753772997,"2025-07-01 - 2025-07-31",35-44,female,SET1,not_delivering,adset,704,918,1.30397727,"7-day click or 1-day view","Messaging conversations started",,40.6,,2025-05-13,Ongoing,4,10.15,44.22657952,0.54466231,,,,,,,,not_delivering,inactive,,,2025-07-01,2025-07-31
"LPU Punjab - 13/05",6715753772997,"2025-07-01 - 2025-07-31",18-24,male,SET1,not_delivering,adset,48448,66881,1.38046978,"7-day click or 1-day view","Messaging conversations started",15,1492.46,99.49733333,2025-05-13,Ongoing,138,10.81492754,22.31515677,0.3603415,,15,,,,,,not_delivering,inactive,0.02242789,99.49733333,2025-07-01,2025-07-31
"LPU Punjab - 13/05",6715753772997,"2025-07-01 - 2025-07-31",18-24,unknown,SET1,not_delivering,adset,313,313,1,"7-day click or 1-day view","Messaging conversations started",,4.74,,2025-05-13,Ongoing,1,4.74,15.14376997,0.31948882,,,,,,,,not_delivering,inactive,,,2025-07-01,2025-07-31
"LPU Punjab - 13/05",6715753772997,"2025-07-01 - 2025-07-31",35-44,unknown,SET1,not_delivering,adset,0,6,0,"7-day click or 1-day view","Messaging conversations started",,0.12,,2025-05-13,Ongoing,,,20,0,,,,,,,,not_delivering,inactive,,,2025-07-01,2025-07-31
"LPU Online – 20/25",6723531168997,"2025-06-01 - 2025-06-30",25-34,unknown,SET1,not_delivering,adset,118,118,1,"7-day click or 1-day view","Messaging conversations started",,8.13,,2025-05-19,Ongoing,1,8.13,68.89830508,0.84745763,,,,,,,,not_delivering,inactive,,,2025-06-01,2025-06-30
"LPU Online – 20/25",6723531168997,"2025-06-01 - 2025-06-30",18-24,male,SET1,not_delivering,adset,34048,61072,1.79370301,"7-day click or 1-day view","Messaging conversations started",20,2239.79,111.9895,2025-05-19,Ongoing,138,16.23036232,36.67458082,0.35695572,,20,,,,,,not_delivering,inactive,0.03274823,111.9895,2025-06-01,2025-06-30
"SK-LPU-MAY 2025 – 1",6724323110197,"2025-06-01 - 2025-06-30",18-24,female,SET1,not_delivering,adset,36512,58824,1.61108677,"7-day click or 1-day view","Messaging conversations started",5,1566.65,313.33,2025-05-20,Ongoing,89,17.60280899,26.63283694,0.2379981,,5,,,,,,not_delivering,inactive,0.00849993,313.33,2025-06-01,2025-06-30
"LPU Online – 20/25",6723531168997,"2025-06-01 - 2025-06-30",35-44,male,SET1,not_delivering,adset,1632,2989,1.8314951,"7-day click or 1-day view","Messaging conversations started",,188.34,,2025-05-19,Ongoing,23,8.18869565,63.01104048,1.2713282,,,,,,,,not_delivering,inactive,,,2025-06-01,2025-06-30
"LPU Online – 20/25",6723531168997,"2025-06-01 - 2025-06-30",18-24,female,SET1,not_delivering,adset,22640,41715,1.84253534,"7-day click or 1-day view","Messaging conversations started",11,1541,140.09090909,2025-05-19,Ongoing,90,17.12222222,36.94114827,0.3739662,,11,,,,,,not_delivering,inactive,0.02636941,140.09090909,2025-06-01,2025-06-30
"LPU Online – 20/25",6723531168997,"2025-06-01 - 2025-06-30",35-44,female,SET1,not_delivering,adset,496,743,1.49798387,"7-day click or 1-day view","Messaging conversations started",,48.48,,2025-05-19,Ongoing,3,16.16,65.24899058,0.67294751,,,,,,,,not_delivering,inactive,,,2025-06-01,2025-06-30
"LPU Online – 20/25",6723531168997,"2025-06-01 - 2025-06-30",25-34,female,SET1,not_delivering,adset,10368,17652,1.7025463,"7-day click or 1-day view","Messaging conversations started",7,932.21,133.17285714,2025-05-19,Ongoing,47,19.83425532,52.81044641,0.40788579,,7,,,,,,not_delivering,inactive,0.03965556,133.17285714,2025-06-01,2025-06-30
"SK-LPU-MAY 2025 – 1",6724323110197,"2025-06-01 - 2025-06-30",25-34,female,SET1,not_delivering,adset,13056,21902,1.67754289,"7-day click or 1-day view","Messaging conversations started",4,905.91,226.4775,2025-05-20,Ongoing,43,21.06767442,41.36197608,0.30134234,,4,,,,,,not_delivering,inactive,0.01826317,226.4775,2025-06-01,2025-06-30
"LPU Online – 20/25",6723531168997,"2025-06-01 - 2025-06-30",25-34,male,SET1,not_delivering,adset,26384,48854,1.85165252,"7-day click or 1-day view","Messaging conversations started",14,2572.88,183.77714286,2025-05-19,Ongoing,140,18.37771429,52.66467434,0.50149425,,14,,,,,,not_delivering,inactive,0.02865681,183.77714286,2025-06-01,2025-06-30
"LPU Online – 20/25",6723531168997,"2025-06-01 - 2025-06-30",35-44,unknown,SET1,not_delivering,adset,0,11,0,"7-day click or 1-day view","Messaging conversations started",,0.6,,2025-05-19,Ongoing,,,54.54545455,0,,,,,,,,not_delivering,inactive,,,2025-06-01,2025-06-30
"SK-LPU-MAY 2025 – 1",6724323110197,"2025-06-01 - 2025-06-30",25-34,male,SET1,not_delivering,adset,22880,35653,1.55826049,"7-day click or 1-day view","Messaging conversations started",13,1491.04,114.69538462,2025-05-20,Ongoing,84,17.75047619,41.82088464,0.37023532,,13,,,,,,not_delivering,inactive,0.03646257,114.69538462,2025-06-01,2025-06-30
"SK-LPU-MAY 2025 – 1",6724323110197,"2025-06-01 - 2025-06-30",18-24,male,SET1,not_delivering,adset,46656,69217,1.48356053,"7-day click or 1-day view","Messaging conversations started",2,1764.11,882.055,2025-05-20,Ongoing,148,11.91966216,25.4866579,0.33517777,,2,,,,,,not_delivering,inactive,0.00288946,882.055,2025-06-01,2025-06-30
"SK-LPU-MAY 2025 – 1",6724323110197,"2025-06-01 - 2025-06-30",25-34,unknown,SET1,not_delivering,adset,109,109,1,"7-day click or 1-day view","Messaging conversations started",,3.71,,2025-05-20,Ongoing,,,34.03669725,0.91743119,,,,,,,,not_delivering,inactive,,,2025-06-01,2025-06-30
"SK-LPU-MAY 2025 – 1",6724323110197,"2025-06-01 - 2025-06-30",35-44,male,SET1,not_delivering,adset,1280,1835,1.43359375,"7-day click or 1-day view","Messaging conversations started",,99.38,,2025-05-20,Ongoing,3,33.12666667,54.15803815,0.27247956,,,,,,,,not_delivering,inactive,,,2025-06-01,2025-06-30
"LPU Punjab - 13/05",6715753772997,"2025-06-01 - 2025-06-30",35-44,male,"SET2 - MBA",inactive,adset,8608,11918,1.38452602,"7-day click or 1-day view","Messaging conversations started",1,737.52,737.52,2025-05-25,Ongoing,36,20.48666667,61.88286625,0.59573754,,1,,,,,,inactive,inactive,0.00839067,737.52,2025-06-01,2025-06-30
"SK-LPU-MAY 2025 – 1",6724323110197,"2025-06-01 - 2025-06-30",35-44,female,SET1,not_delivering,adset,416,1013,2.43509615,"7-day click or 1-day view","Messaging conversations started",1,45.06,45.06,2025-05-20,Ongoing,3,15.02,44.48173741,0.39486673,,1,,,,,,not_delivering,inactive,0.09871668,45.06,2025-06-01,2025-06-30
"SK-LPU-MAY 2025 – 1",6724323110197,"2025-06-01 - 2025-06-30",18-24,unknown,SET1,not_delivering,adset,96,170,1.77083333,"7-day click or 1-day view","Messaging conversations started",,5.01,,2025-05-20,Ongoing,,,29.47058824,0,,,,,,,,not_delivering,inactive,,,2025-06-01,2025-06-30
"LPU Online – 20/25",6723531168997,"2025-06-01 - 2025-06-30",18-24,unknown,SET1,not_delivering,adset,96,163,1.69791667,"7-day click or 1-day view","Messaging conversations started",,4.58,,2025-05-19,Ongoing,,,28.09815951,0,,,,,,,,not_delivering,inactive,,,2025-06-01,2025-06-30
"LPU Punjab - 13/05",6715753772997,"2025-06-01 - 2025-06-30",35-44,unknown,"SET2 - MBA",inactive,adset,32,32,1,"7-day click or 1-day view","Messaging conversations started",,0.78,,2025-05-25,Ongoing,,,24.375,0,,,,,,,,inactive,inactive,,,2025-06-01,2025-06-30
"LPU Punjab - 13/05",6715753772997,"2025-06-01 - 2025-06-30",25-34,unknown,"SET2 - MBA",inactive,adset,128,158,1.234375,"7-day click or 1-day view","Messaging conversations started",,7.79,,2025-05-25,Ongoing,,,49.30379747,0,,,,,,,,inactive,inactive,,,2025-06-01,2025-06-30
"LPU Punjab - 13/05",6715753772997,"2025-06-01 - 2025-06-30",35-44,unknown,SET1,not_delivering,adset,0,17,0,"7-day click or 1-day view","Messaging conversations started",,0.32,,2025-05-13,Ongoing,,,18.82352941,0,,,,,,,,not_delivering,inactive,,,2025-06-01,2025-06-30
"LPU Punjab - 13/05",6715753772997,"2025-06-01 - 2025-06-30",25-34,female,"SET2 - MBA",inactive,adset,13440,18099,1.34665179,"7-day click or 1-day view","Messaging conversations started",3,1024.71,341.57,2025-05-25,Ongoing,51,20.09235294,56.61694016,0.41438754,,3,,,,,,inactive,inactive,0.0165755,341.57,2025-06-01,2025-06-30
"LPU Punjab - 13/05",6715753772997,"2025-06-01 - 2025-06-30",18-24,unknown,"SET2 - MBA",inactive,adset,128,170,1.328125,"7-day click or 1-day view","Messaging conversations started",,5.25,,2025-05-25,Ongoing,,,30.88235294,0,,,,,,,,inactive,inactive,,,2025-06-01,2025-06-30
"LPU Punjab - 13/05",6715753772997,"2025-06-01 - 2025-06-30",18-24,female,"SET2 - MBA",inactive,adset,20256,29446,1.45369273,"7-day click or 1-day view","Messaging conversations started",4,1242.83,310.7075,2025-05-25,Ongoing,66,18.83075758,42.20709095,0.3973375,,4,,,,,,inactive,inactive,0.01358419,310.7075,2025-06-01,2025-06-30
"LPU Punjab - 13/05",6715753772997,"2025-06-01 - 2025-06-30",25-34,male,"SET2 - MBA",inactive,adset,29856,44946,1.50542605,"7-day click or 1-day view","Messaging conversations started",16,2336.74,146.04625,2025-05-25,Ongoing,114,20.4977193,51.98994349,0.46500245,,16,,,,,,inactive,inactive,0.03559827,146.04625,2025-06-01,2025-06-30
"LPU Punjab - 13/05",6715753772997,"2025-06-01 - 2025-06-30",18-24,male,"SET2 - MBA",inactive,adset,28128,44875,1.59538538,"7-day click or 1-day view","Messaging conversations started",10,1625.23,162.523,2025-05-25,Ongoing,112,14.51098214,36.21682451,0.42562674,,10,,,,,,inactive,inactive,0.02228412,162.523,2025-06-01,2025-06-30
"LPU Punjab - 13/05",6715753772997,"2025-06-01 - 2025-06-30",35-44,female,"SET2 - MBA",inactive,adset,3904,5271,1.35015369,"7-day click or 1-day view","Messaging conversations started",,362.56,,2025-05-25,Ongoing,13,27.88923077,68.78391197,0.55018023,,,,,,,,inactive,inactive,,,2025-06-01,2025-06-30
"LPU Punjab - 13/05",6715753772997,"2025-06-01 - 2025-06-30",35-44,female,SET1,not_delivering,adset,832,2045,2.45793269,"7-day click or 1-day view","Messaging conversations started",,54.52,,2025-05-13,Ongoing,6,9.08666667,26.6601467,0.29339853,,,,,,,,not_delivering,inactive,,,2025-06-01,2025-06-30
"LPU Punjab - 13/05",6715753772997,"2025-06-01 - 2025-06-30",18-24,female,SET1,not_delivering,adset,117568,228646,1.9447979,"7-day click or 1-day view","Messaging conversations started",48,3455.97,71.999375,2025-05-13,Ongoing,325,10.63375385,15.1149375,0.25497931,,48,,,,,,not_delivering,inactive,0.02099315,71.999375,2025-06-01,2025-06-30
"SK-LPU-MAY 2025 – 1",6724323110197,"2025-06-01 - 2025-06-30",35-44,unknown,SET1,not_delivering,adset,0,6,0,"7-day click or 1-day view","Messaging conversations started",,0.16,,2025-05-20,Ongoing,,,26.66666667,0,,,,,,,,not_delivering,inactive,,,2025-06-01,2025-06-30
"LPU Punjab - 13/05",6715753772997,"2025-06-01 - 2025-06-30",25-34,male,SET1,not_delivering,adset,58048,89757,1.54625482,"7-day click or 1-day view","Messaging conversations started",21,1856.21,88.39095238,2025-05-13,Ongoing,170,10.91888235,20.68039262,0.28855688,,21,,,,,,not_delivering,inactive,0.0233965,88.39095238,2025-06-01,2025-06-30
"LPU Punjab - 13/05",6715753772997,"2025-06-01 - 2025-06-30",18-24,male,SET1,not_delivering,adset,121216,203673,1.68024848,"7-day click or 1-day view","Messaging conversations started",44,3368.66,76.56045455,2025-05-13,Ongoing,325,10.36510769,16.53955114,0.25973006,,44,,,,,,not_delivering,inactive,0.02160326,76.56045455,2025-06-01,2025-06-30
"LPU Punjab - 13/05",6715753772997,"2025-06-01 - 2025-06-30",25-34,female,SET1,not_delivering,adset,45120,75223,1.66717642,"7-day click or 1-day view","Messaging conversations started",17,1543.92,90.81882353,2025-05-13,Ongoing,124,12.45096774,20.5245736,0.27252303,,17,,,,,,not_delivering,inactive,0.02259947,90.81882353,2025-06-01,2025-06-30
"LPU Punjab - 13/05",6715753772997,"2025-06-01 - 2025-06-30",18-24,unknown,SET1,not_delivering,adset,1024,1045,1.02050781,"7-day click or 1-day view","Messaging conversations started",,18.35,,2025-05-13,Ongoing,3,6.11666667,17.55980861,0.28708134,,,,,,,,not_delivering,inactive,,,2025-06-01,2025-06-30
"LPU Punjab - 13/05",6715753772997,"2025-06-01 - 2025-06-30",35-44,male,SET1,not_delivering,adset,1792,2525,1.40904018,"7-day click or 1-day view","Messaging conversations started",,75.09,,2025-05-13,Ongoing,5,15.018,29.73861386,0.23762376,,,,,,,,not_delivering,inactive,,,2025-06-01,2025-06-30
"LPU Punjab - 13/05",6715753772997,"2025-06-01 - 2025-06-30",25-34,unknown,SET1,not_delivering,adset,311,311,1,"7-day click or 1-day view","Messaging conversations started",,5.69,,2025-05-13,Ongoing,,,18.29581994,0.32154341,,,,,,,,not_delivering,inactive,,,2025-06-01,2025-06-30
"LPU Page Ads - May 2025",6699045369797,"2025-05-01 - 2025-05-31",18-24,unknown,SET1,not_delivering,adset,16,24,1.5,"7-day click or 1-day view","Messaging conversations started",,0.6,,2025-05-01,Ongoing,,,25,0,,,,,,,,not_delivering,inactive,,,2025-05-01,2025-05-31
"LPU Page Ads - May 2025",6699045369797,"2025-05-01 - 2025-05-31",25-34,female,SET1,not_delivering,adset,2656,3300,1.24246988,"7-day click or 1-day view","Messaging conversations started",,121.88,,2025-05-01,Ongoing,7,17.41142857,36.93333333,0.39393939,,,,,,,,not_delivering,inactive,,,2025-05-01,2025-05-31
"LPU Patiala 19/04/2025",6675807605797,"2025-05-01 - 2025-05-31",25-34,unknown,"New Engagement ad set",not_delivering,adset,64,114,1.78125,"7-day click or 1-day view","Messaging conversations started",,2.95,,2025-04-18,Ongoing,,,25.87719298,0,,,,,,,,not_delivering,inactive,,,2025-05-01,2025-05-31
"LPU Patiala 19/04/2025",6675807605797,"2025-05-01 - 2025-05-31",18-24,male,"New Engagement ad set",not_delivering,adset,28864,43167,1.49553076,"7-day click or 1-day view","Messaging conversations started",12,1018,84.83333333,2025-04-18,Ongoing,84,12.11904762,23.58282948,0.30810573,,12,,,,,,not_delivering,inactive,0.02779901,84.83333333,2025-05-01,2025-05-31
"LPU Patiala 19/04/2025",6675807605797,"2025-05-01 - 2025-05-31",18-24,unknown,"New Engagement ad set",not_delivering,adset,96,146,1.52083333,"7-day click or 1-day view","Messaging conversations started",,2.53,,2025-04-18,Ongoing,,,17.32876712,0,,,,,,,,not_delivering,inactive,,,2025-05-01,2025-05-31
"LPU Patiala 19/04/2025",6675807605797,"2025-05-01 - 2025-05-31",35-44,male,"New Engagement ad set",not_delivering,adset,1312,2284,1.74085366,"7-day click or 1-day view","Messaging conversations started",2,83.63,41.815,2025-04-18,Ongoing,9,9.29222222,36.61558669,0.83187391,,2,,,,,,not_delivering,inactive,0.08756567,41.815,2025-05-01,2025-05-31
"LPU Patiala 19/04/2025",6675807605797,"2025-05-01 - 2025-05-31",18-24,female,"New Engagement ad set",not_delivering,adset,31296,49019,1.5663024,"7-day click or 1-day view","Messaging conversations started",6,1142.94,190.49,2025-04-18,Ongoing,80,14.28675,23.31626512,0.28764357,,6,,,,,,not_delivering,inactive,0.01224015,190.49,2025-05-01,2025-05-31
"LPU Patiala 19/04/2025",6675807605797,"2025-05-01 - 2025-05-31",25-34,male,"New Engagement ad set",not_delivering,adset,21632,35362,1.63470784,"7-day click or 1-day view","Messaging conversations started",12,1133.29,94.44083333,2025-04-18,Ongoing,105,10.7932381,32.04824388,0.48639783,,12,,,,,,not_delivering,inactive,0.03393473,94.44083333,2025-05-01,2025-05-31
"JGND - Punjab - MAY 2025",6699157867197,"2025-05-01 - 2025-05-31",45-54,unknown,"New Engagement ad set",not_delivering,adset,30,30,1,"7-day click or 1-day view","Messaging conversations started",,1.62,,2025-05-01,Ongoing,,,54,0,,,,,,,,not_delivering,inactive,,,2025-05-01,2025-05-31
"LPU Page Ads - May 2025",6699045369797,"2025-05-01 - 2025-05-31",35-44,male,SET1,not_delivering,adset,279,279,1,"7-day click or 1-day view","Messaging conversations started",,13.33,,2025-05-01,Ongoing,1,13.33,47.77777778,0.35842294,,,,,,,,not_delivering,inactive,,,2025-05-01,2025-05-31
"LPU Patiala 19/04/2025",6675807605797,"2025-05-01 - 2025-05-31",35-44,female,"New Engagement ad set",not_delivering,adset,864,1589,1.83912037,"7-day click or 1-day view","Messaging conversations started",,65.21,,2025-04-18,Ongoing,3,21.73666667,41.03838892,0.37759597,,,,,,,,not_delivering,inactive,,,2025-05-01,2025-05-31
"LPU Patiala 19/04/2025",6675807605797,"2025-05-01 - 2025-05-31",25-34,female,"New Engagement ad set",not_delivering,adset,18080,28043,1.55105088,"7-day click or 1-day view","Messaging conversations started",14,880.9,62.92142857,2025-04-18,Ongoing,56,15.73035714,31.4124737,0.34233142,,14,,,,,,not_delivering,inactive,0.04992333,62.92142857,2025-05-01,2025-05-31
"LPU Page Ads - May 2025",6699045369797,"2025-05-01 - 2025-05-31",25-34,male,SET1,not_delivering,adset,4288,5351,1.24790112,"7-day click or 1-day view","Messaging conversations started",,198.81,,2025-05-01,Ongoing,6,33.135,37.15380303,0.24294524,,,,,,,,not_delivering,inactive,,,2025-05-01,2025-05-31
"LPU Page Ads - May 2025",6699045369797,"2025-05-01 - 2025-05-31",18-24,male,SET1,not_delivering,adset,10048,12174,1.21158439,"7-day click or 1-day view","Messaging conversations started",1,287.15,287.15,2025-05-01,Ongoing,17,16.89117647,23.58715295,0.24642681,,1,,,,,,not_delivering,inactive,0.00821423,287.15,2025-05-01,2025-05-31
"LPU Page Ads - May 2025",6699045369797,"2025-05-01 - 2025-05-31",18-24,female,SET1,not_delivering,adset,9680,11361,1.17365702,"7-day click or 1-day view","Messaging conversations started",1,267.98,267.98,2025-05-01,Ongoing,30,8.93266667,23.58771235,0.41369598,,1,,,,,,not_delivering,inactive,0.00880204,267.98,2025-05-01,2025-05-31
"LPU Page Ads - May 2025",6699045369797,"2025-05-01 - 2025-05-31",35-44,female,SET1,not_delivering,adset,64,129,2.015625,"7-day click or 1-day view","Messaging conversations started",,4.55,,2025-05-01,Ongoing,,,35.27131783,0,,,,,,,,not_delivering,inactive,,,2025-05-01,2025-05-31
"LPU Page Ads - May 2025",6699045369797,"2025-05-01 - 2025-05-31",25-34,unknown,SET1,not_delivering,adset,8,9,1.125,"7-day click or 1-day view","Messaging conversations started",,0.21,,2025-05-01,Ongoing,,,23.33333333,0,,,,,,,,not_delivering,inactive,,,2025-05-01,2025-05-31
"LPU Page Ads - May 2025",6699045369797,"2025-05-01 - 2025-05-31",35-44,unknown,SET1,not_delivering,adset,0,1,0,"7-day click or 1-day view","Messaging conversations started",,0.01,,2025-05-01,Ongoing,,,10,0,,,,,,,,not_delivering,inactive,,,2025-05-01,2025-05-31
"SK-LPU-MAY 2025",6699121217397,"2025-05-01 - 2025-05-31",18-24,female,SET1,not_delivering,adset,43168,79723,1.84680782,"7-day click or 1-day view","Messaging conversations started",14,1740.67,124.33357143,2025-05-01,Ongoing,155,11.23012903,21.83397514,0.27846418,,14,,,,,,not_delivering,inactive,0.0175608,124.33357143,2025-05-01,2025-05-31
"SK-LPU-MAY 2025",6699121217397,"2025-05-01 - 2025-05-31",35-44,male,SET1,not_delivering,adset,640,1209,1.8890625,"7-day click or 1-day view","Messaging conversations started",,56.86,,2025-05-01,Ongoing,3,18.95333333,47.0306038,0.49627792,,,,,,,,not_delivering,inactive,,,2025-05-01,2025-05-31
"SK-LPU-MAY 2025",6699121217397,"2025-05-01 - 2025-05-31",18-24,male,SET1,not_delivering,adset,43008,77630,1.80501302,"7-day click or 1-day view","Messaging conversations started",17,1682.41,98.96529412,2025-05-01,Ongoing,174,9.66902299,21.67216282,0.31044699,,17,,,,,,not_delivering,inactive,0.02189875,98.96529412,2025-05-01,2025-05-31
"SK-LPU-MAY 2025",6699121217397,"2025-05-01 - 2025-05-31",35-44,female,SET1,not_delivering,adset,416,956,2.29807692,"7-day click or 1-day view","Messaging conversations started",,42.72,,2025-05-01,Ongoing,3,14.24,44.68619247,0.31380753,,,,,,,,not_delivering,inactive,,,2025-05-01,2025-05-31
"SK-LPU-MAY 2025",6699121217397,"2025-05-01 - 2025-05-31",25-34,male,SET1,not_delivering,adset,17920,33639,1.87717634,"7-day click or 1-day view","Messaging conversations started",4,1023.77,255.9425,2025-05-01,Ongoing,81,12.6391358,30.43402004,0.32105592,,4,,,,,,not_delivering,inactive,0.01189096,255.9425,2025-05-01,2025-05-31
"SK-LPU-MAY 2025",6699121217397,"2025-05-01 - 2025-05-31",25-34,unknown,SET1,not_delivering,adset,93,93,1,"7-day click or 1-day view","Messaging conversations started",,2.09,,2025-05-01,Ongoing,,,22.47311828,0,,,,,,,,not_delivering,inactive,,,2025-05-01,2025-05-31
"SK-LPU-MAY 2025",6699121217397,"2025-05-01 - 2025-05-31",18-24,unknown,SET1,not_delivering,adset,64,148,2.3125,"7-day click or 1-day view","Messaging conversations started",,3.9,,2025-05-01,Ongoing,,,26.35135135,0,,,,,,,,not_delivering,inactive,,,2025-05-01,2025-05-31
"SK-LPU-MAY 2025",6699121217397,"2025-05-01 - 2025-05-31",25-34,female,SET1,not_delivering,adset,14944,25622,1.71453426,"7-day click or 1-day view","Messaging conversations started",8,850.12,106.265,2025-05-01,Ongoing,72,11.80722222,33.17929904,0.39809539,,8,,,,,,not_delivering,inactive,0.03122317,106.265,2025-05-01,2025-05-31
"JGND - Punjab - MAY 2025",6699157867197,"2025-05-01 - 2025-05-31",18-24,female,"New Engagement ad set",not_delivering,adset,14192,19000,1.33878241,"7-day click or 1-day view","Messaging conversations started",6,498.52,83.08666667,2025-05-01,Ongoing,37,13.47351351,26.23789474,0.35789474,,6,,,,,,not_delivering,inactive,0.03157895,83.08666667,2025-05-01,2025-05-31
"Messages Ad: 🎓Admission Open for - Distance & Online Learning...",6703091270997,"2025-05-01 - 2025-05-31",65+,male,"Messages Ad: 🎓Admission Open for - Distance & Online Learning...",not_delivering,adset,2,3,1.5,"7-day click or 1-day view","Messaging conversations started",,0.05,,2025-05-03,2025-05-07,,,16.66666667,0,,,,,,,,not_delivering,inactive,,,2025-05-01,2025-05-31
"JGND - Punjab - MAY 2025",6699157867197,"2025-05-01 - 2025-05-31",65+,male,"New Engagement ad set",not_delivering,adset,512,650,1.26953125,"7-day click or 1-day view","Messaging conversations started",1,28.84,28.84,2025-05-01,Ongoing,3,9.61333333,44.36923077,1.38461538,,1,,,,,,not_delivering,inactive,0.15384615,28.84,2025-05-01,2025-05-31
"LPU Patiala 19/04/2025",6675807605797,"2025-05-01 - 2025-05-31",35-44,unknown,"New Engagement ad set",not_delivering,adset,0,2,0,"7-day click or 1-day view","Messaging conversations started",,0.02,,2025-04-18,Ongoing,,,10,0,,,,,,,,not_delivering,inactive,,,2025-05-01,2025-05-31
"JGND - Punjab - MAY 2025",6699157867197,"2025-05-01 - 2025-05-31",35-44,female,"New Engagement ad set",not_delivering,adset,3312,5027,1.51781401,"7-day click or 1-day view","Messaging conversations started",2,280.2,140.1,2025-05-01,Ongoing,12,23.35,55.73900935,0.53709966,,2,,,,,,not_delivering,inactive,0.03978516,140.1,2025-05-01,2025-05-31
"JGND - Punjab - MAY 2025",6699157867197,"2025-05-01 - 2025-05-31",18-24,male,"New Engagement ad set",not_delivering,adset,17536,24262,1.38355383,"7-day click or 1-day view","Messaging conversations started",5,663.41,132.682,2025-05-01,Ongoing,48,13.82104167,27.34358256,0.31324705,,5,,,,,,not_delivering,inactive,0.02060836,132.682,2025-05-01,2025-05-31
"JGND - Punjab - MAY 2025",6699157867197,"2025-05-01 - 2025-05-31",25-34,unknown,"New Engagement ad set",not_delivering,adset,16,27,1.6875,"7-day click or 1-day view","Messaging conversations started",,1.5,,2025-05-01,Ongoing,,,55.55555556,0,,,,,,,,not_delivering,inactive,,,2025-05-01,2025-05-31
"JGND - Punjab - MAY 2025",6699157867197,"2025-05-01 - 2025-05-31",18-24,unknown,"New Engagement ad set",not_delivering,adset,32,62,1.9375,"7-day click or 1-day view","Messaging conversations started",,2.02,,2025-05-01,Ongoing,,,32.58064516,0,,,,,,,,not_delivering,inactive,,,2025-05-01,2025-05-31
"JGND - Punjab - MAY 2025",6699157867197,"2025-05-01 - 2025-05-31",35-44,unknown,"New Engagement ad set",not_delivering,adset,0,23,0,"7-day click or 1-day view","Messaging conversations started",1,2.71,2.71,2025-05-01,Ongoing,1,2.71,117.82608696,4.34782609,,1,,,,,,not_delivering,inactive,4.34782609,2.71,2025-05-01,2025-05-31
"JGND - Punjab - MAY 2025",6699157867197,"2025-05-01 - 2025-05-31",65+,female,"New Engagement ad set",not_delivering,adset,96,199,2.07291667,"7-day click or 1-day view","Messaging conversations started",,6.81,,2025-05-01,Ongoing,,,34.22110553,0.50251256,,,,,,,,not_delivering,inactive,,,2025-05-01,2025-05-31
"JGND - Punjab - MAY 2025",6699157867197,"2025-05-01 - 2025-05-31",35-44,male,"New Engagement ad set",not_delivering,adset,5808,10404,1.79132231,"7-day click or 1-day view","Messaging conversations started",18,572.73,31.81833333,2025-05-01,Ongoing,72,7.95458333,55.04901961,1.26874279,,18,,,,,,not_delivering,inactive,0.17301038,31.81833333,2025-05-01,2025-05-31
"Messages Ad: 🎓Admission Open for - Distance & Online Learning...",6703091270997,"2025-05-01 - 2025-05-31",35-44,unknown,"Messages Ad: 🎓Admission Open for - Distance & Online Learning...",not_delivering,adset,1,1,1,"7-day click or 1-day view","Messaging conversations started",,0.22,,2025-05-03,2025-05-07,,,220,0,,,,,,,,not_delivering,inactive,,,2025-05-01,2025-05-31
"JGND - Punjab - MAY 2025",6699157867197,"2025-05-01 - 2025-05-31",45-54,male,"New Engagement ad set",not_delivering,adset,3248,5658,1.74199507,"7-day click or 1-day view","Messaging conversations started",14,358.05,25.575,2025-05-01,Ongoing,52,6.88557692,63.28207847,1.39625309,,14,,,,,,not_delivering,inactive,0.24743726,25.575,2025-05-01,2025-05-31
"JGND - Punjab - MAY 2025",6699157867197,"2025-05-01 - 2025-05-31",25-34,female,"New Engagement ad set",not_delivering,adset,5344,7743,1.44891467,"7-day click or 1-day view","Messaging conversations started",,349.37,,2025-05-01,Ongoing,24,14.55708333,45.12075423,0.51659563,,,,,,,,not_delivering,inactive,,,2025-05-01,2025-05-31
"JGND - Punjab - MAY 2025",6699157867197,"2025-05-01 - 2025-05-31",25-34,male,"New Engagement ad set",not_delivering,adset,10784,17704,1.64169139,"7-day click or 1-day view","Messaging conversations started",16,952.57,59.535625,2025-05-01,Ongoing,73,13.04890411,53.80535472,0.84726615,,16,,,,,,not_delivering,inactive,0.09037506,59.535625,2025-05-01,2025-05-31
"JGND - Punjab - MAY 2025",6699157867197,"2025-05-01 - 2025-05-31",55-64,unknown,"New Engagement ad set",not_delivering,adset,0,3,0,"7-day click or 1-day view","Messaging conversations started",,0.05,,2025-05-01,Ongoing,,,16.66666667,0,,,,,,,,not_delivering,inactive,,,2025-05-01,2025-05-31
"JGND - Punjab - MAY 2025",6699157867197,"2025-05-01 - 2025-05-31",45-54,female,"New Engagement ad set",not_delivering,adset,1136,1697,1.49383803,"7-day click or 1-day view","Messaging conversations started",4,93.66,23.415,2025-05-01,Ongoing,13,7.20461538,55.19151444,1.11962286,,4,,,,,,not_delivering,inactive,0.23571008,23.415,2025-05-01,2025-05-31
"CU Oonline - MAY 2025",6699345212397,"2025-05-01 - 2025-05-31",18-24,unknown,SET1,not_delivering,adset,16,70,4.375,"7-day click or 1-day view","Messaging conversations started",,6.76,,2025-05-01,Ongoing,,,96.57142857,0,,,,,,,,not_delivering,inactive,,,2025-05-01,2025-05-31
"JGND - Punjab - MAY 2025",6699157867197,"2025-05-01 - 2025-05-31",55-64,male,"New Engagement ad set",not_delivering,adset,784,1241,1.58290816,"7-day click or 1-day view","Messaging conversations started",,54.73,,2025-05-01,Ongoing,3,18.24333333,44.10153102,0.88638195,,,,,,,,not_delivering,inactive,,,2025-05-01,2025-05-31
"CU Oonline - MAY 2025",6699345212397,"2025-05-01 - 2025-05-31",35-44,unknown,SET1,not_delivering,adset,0,1,0,"7-day click or 1-day view","Messaging conversations started",,0.01,,2025-05-01,Ongoing,,,10,0,,,,,,,,not_delivering,inactive,,,2025-05-01,2025-05-31
"CU Oonline - MAY 2025",6699345212397,"2025-05-01 - 2025-05-31",35-44,female,SET1,not_delivering,adset,96,212,2.20833333,"7-day click or 1-day view","Messaging conversations started",,19.34,,2025-05-01,Ongoing,2,9.67,91.22641509,0.94339623,,,,,,,,not_delivering,inactive,,,2025-05-01,2025-05-31
"CU Oonline - MAY 2025",6699345212397,"2025-05-01 - 2025-05-31",18-24,male,SET1,not_delivering,adset,26256,40717,1.55076935,"7-day click or 1-day view","Messaging conversations started",27,1742.38,64.53259259,2025-05-01,Ongoing,99,17.59979798,42.79244542,0.40769212,,27,,,,,,not_delivering,inactive,0.06631137,64.53259259,2025-05-01,2025-05-31
"CU Oonline - MAY 2025",6699345212397,"2025-05-01 - 2025-05-31",25-34,female,SET1,not_delivering,adset,3472,5678,1.63536866,"7-day click or 1-day view","Messaging conversations started",,407.81,,2025-05-01,Ongoing,5,81.562,71.82282494,0.2994012,,,,,,,,not_delivering,inactive,,,2025-05-01,2025-05-31
"CU Oonline - MAY 2025",6699345212397,"2025-05-01 - 2025-05-31",18-24,female,SET1,not_delivering,adset,20912,33317,1.59320008,"7-day click or 1-day view","Messaging conversations started",5,1176.99,235.398,2025-05-01,Ongoing,72,16.34708333,35.32701024,0.37518384,,5,,,,,,not_delivering,inactive,0.01500735,235.398,2025-05-01,2025-05-31
"CU Oonline - MAY 2025",6699345212397,"2025-05-01 - 2025-05-31",35-44,male,SET1,not_delivering,adset,304,592,1.94736842,"7-day click or 1-day view","Messaging conversations started",1,66.54,66.54,2025-05-01,Ongoing,2,33.27,112.39864865,0.67567568,,1,,,,,,not_delivering,inactive,0.16891892,66.54,2025-05-01,2025-05-31
"CU Oonline - MAY 2025",6699345212397,"2025-05-01 - 2025-05-31",25-34,unknown,SET1,not_delivering,adset,0,25,0,"7-day click or 1-day view","Messaging conversations started",,1.96,,2025-05-01,Ongoing,,,78.4,0,,,,,,,,not_delivering,inactive,,,2025-05-01,2025-05-31
"Messages Ad: 🎓Admission Open for - Distance & Online Learning...",6703091270997,"2025-05-01 - 2025-05-31",25-34,male,"Messages Ad: 🎓Admission Open for - Distance & Online Learning...",not_delivering,adset,736,872,1.18478261,"7-day click or 1-day view","Messaging conversations started",,23.24,,2025-05-03,2025-05-07,2,11.62,26.65137615,0.2293578,,,,,,,,not_delivering,inactive,,,2025-05-01,2025-05-31
"Messages Ad: 🎓Admission Open for - Distance & Online Learning...",6703091270997,"2025-05-01 - 2025-05-31",45-54,male,"Messages Ad: 🎓Admission Open for - Distance & Online Learning...",not_delivering,adset,8,13,1.625,"7-day click or 1-day view","Messaging conversations started",,0.25,,2025-05-03,2025-05-07,,,19.23076923,0,,,,,,,,not_delivering,inactive,,,2025-05-01,2025-05-31
"Messages Ad: 🎓Admission Open for - Distance & Online Learning...",6703091270997,"2025-05-01 - 2025-05-31",25-34,unknown,"Messages Ad: 🎓Admission Open for - Distance & Online Learning...",not_delivering,adset,2,3,1.5,"7-day click or 1-day view","Messaging conversations started",,0.02,,2025-05-03,2025-05-07,,,6.66666667,0,,,,,,,,not_delivering,inactive,,,2025-05-01,2025-05-31
"Messages Ad: 🎓Admission Open for - Distance & Online Learning...",6703091270997,"2025-05-01 - 2025-05-31",55-64,female,"Messages Ad: 🎓Admission Open for - Distance & Online Learning...",not_delivering,adset,4,4,1,"7-day click or 1-day view","Messaging conversations started",,0.04,,2025-05-03,2025-05-07,,,10,0,,,,,,,,not_delivering,inactive,,,2025-05-01,2025-05-31
"JGND - Punjab - MAY 2025",6699157867197,"2025-05-01 - 2025-05-31",55-64,female,"New Engagement ad set",not_delivering,adset,300,300,1,"7-day click or 1-day view","Messaging conversations started",,9.07,,2025-05-01,Ongoing,,,30.23333333,0.33333333,,,,,,,,not_delivering,inactive,,,2025-05-01,2025-05-31
"CU Oonline - MAY 2025",6699345212397,"2025-05-01 - 2025-05-31",25-34,male,SET1,not_delivering,adset,7296,12353,1.69311952,"7-day click or 1-day view","Messaging conversations started",11,1072.06,97.46,2025-05-01,Ongoing,44,24.365,86.78539626,0.58285437,,11,,,,,,not_delivering,inactive,0.0890472,97.46,2025-05-01,2025-05-31
"Messages Ad: 🎓Admission Open for - Distance & Online Learning...",6703091270997,"2025-05-01 - 2025-05-31",25-34,female,"Messages Ad: 🎓Admission Open for - Distance & Online Learning...",not_delivering,adset,762,795,1.04330709,"7-day click or 1-day view","Messaging conversations started",,19,,2025-05-03,2025-05-07,,,23.89937107,0.12578616,,,,,,,,not_delivering,inactive,,,2025-05-01,2025-05-31
"Messages Ad: 🎓Admission Open for - Distance & Online Learning...",6703091270997,"2025-05-01 - 2025-05-31",55-64,male,"Messages Ad: 🎓Admission Open for - Distance & Online Learning...",not_delivering,adset,2,4,2,"7-day click or 1-day view","Messaging conversations started",,0.09,,2025-05-03,2025-05-07,,,22.5,0,,,,,,,,not_delivering,inactive,,,2025-05-01,2025-05-31
"Messages Ad: 🎓Admission Open for - Distance & Online Learning...",6703091270997,"2025-05-01 - 2025-05-31",35-44,female,"Messages Ad: 🎓Admission Open for - Distance & Online Learning...",not_delivering,adset,58,68,1.17241379,"7-day click or 1-day view","Messaging conversations started",,3.18,,2025-05-03,2025-05-07,,,46.76470588,0,,,,,,,,not_delivering,inactive,,,2025-05-01,2025-05-31
"Messages Ad: 🎓Admission Open for - Distance & Online Learning...",6703091270997,"2025-05-01 - 2025-05-31",18-24,male,"Messages Ad: 🎓Admission Open for - Distance & Online Learning...",not_delivering,adset,2412,2659,1.10240464,"7-day click or 1-day view","Messaging conversations started",,47.73,,2025-05-03,2025-05-07,4,11.9325,17.95035728,0.26325686,,,,,,,,not_delivering,inactive,,,2025-05-01,2025-05-31
"Messages Ad: 🎓Admission Open for - Distance & Online Learning...",6703091270997,"2025-05-01 - 2025-05-31",45-54,female,"Messages Ad: 🎓Admission Open for - Distance & Online Learning...",not_delivering,adset,10,10,1,"7-day click or 1-day view","Messaging conversations started",,1.01,,2025-05-03,2025-05-07,,,101,0,,,,,,,,not_delivering,inactive,,,2025-05-01,2025-05-31
"Messages Ad: 🎓Admission Open for - Distance & Online Learning...",6703091270997,"2025-05-01 - 2025-05-31",65+,female,"Messages Ad: 🎓Admission Open for - Distance & Online Learning...",not_delivering,adset,6,6,1,"7-day click or 1-day view","Messaging conversations started",,0.12,,2025-05-03,2025-05-07,,,20,0,,,,,,,,not_delivering,inactive,,,2025-05-01,2025-05-31
"Messages Ad: 🎓Admission Open for - Distance & Online Learning...",6703091270997,"2025-05-01 - 2025-05-31",35-44,male,"Messages Ad: 🎓Admission Open for - Distance & Online Learning...",not_delivering,adset,66,74,1.12121212,"7-day click or 1-day view","Messaging conversations started",,3.94,,2025-05-03,2025-05-07,,,53.24324324,0,,,,,,,,not_delivering,inactive,,,2025-05-01,2025-05-31
"Messages Ad: 🎓Admission Open for - Distance & Online Learning...",6703091270997,"2025-05-01 - 2025-05-31",18-24,unknown,"Messages Ad: 🎓Admission Open for - Distance & Online Learning...",not_delivering,adset,4,7,1.75,"7-day click or 1-day view","Messaging conversations started",,0.06,,2025-05-03,2025-05-07,,,8.57142857,0,,,,,,,,not_delivering,inactive,,,2025-05-01,2025-05-31
"LPU Patiala 19/04/2025",6675807605797,"2025-05-01 - 2025-05-31",18-24,female,"New Set",inactive,adset,4144,5179,1.24975869,"7-day click or 1-day view","Messaging conversations started",2,179.39,89.695,2025-05-03,Ongoing,12,14.94916667,34.637961,0.48271867,,2,,,,,,inactive,inactive,0.03861749,89.695,2025-05-01,2025-05-31
"LPU Patiala 19/04/2025",6675807605797,"2025-05-01 - 2025-05-31",35-44,female,"New Set",inactive,adset,524,691,1.31870229,"7-day click or 1-day view","Messaging conversations started",,53.35,,2025-05-03,Ongoing,,,77.20694645,0,,,,,,,,inactive,inactive,,,2025-05-01,2025-05-31
"LPU Patiala 19/04/2025",6675807605797,"2025-05-01 - 2025-05-31",25-34,female,"New Set",inactive,adset,1516,2091,1.3792876,"7-day click or 1-day view","Messaging conversations started",,123.9,,2025-05-03,Ongoing,5,24.78,59.25394548,0.43041607,,,,,,,,inactive,inactive,,,2025-05-01,2025-05-31
"Tailored messages campaign 06/05/2025 Campaign",6710313106597,"2025-05-01 - 2025-05-31",35-44,male,"Tailored messages campaign 06/05/2025 Ad set",not_delivering,adset,86,125,1.45348837,"7-day click or 1-day view","Messaging conversations started",,3.55,,2025-05-06,Ongoing,1,3.55,28.4,0.8,,,,,,,,not_delivering,inactive,,,2025-05-01,2025-05-31
"Tailored messages campaign 06/05/2025 Campaign",6710313106597,"2025-05-01 - 2025-05-31",25-34,unknown,"Tailored messages campaign 06/05/2025 Ad set",not_delivering,adset,6,6,1,"7-day click or 1-day view","Messaging conversations started",,0.39,,2025-05-06,Ongoing,,,65,0,,,,,,,,not_delivering,inactive,,,2025-05-01,2025-05-31
"Tailored messages campaign 06/05/2025 Campaign",6710313106597,"2025-05-01 - 2025-05-31",18-24,male,"Tailored messages campaign 06/05/2025 Ad set",not_delivering,adset,2982,3546,1.18913481,"7-day click or 1-day view","Messaging conversations started",1,69.42,69.42,2025-05-06,Ongoing,8,8.6775,19.57698816,0.25380711,,1,,,,,,not_delivering,inactive,0.02820079,69.42,2025-05-01,2025-05-31
"Tailored messages campaign 06/05/2025 Campaign",6710313106597,"2025-05-01 - 2025-05-31",35-44,female,"Tailored messages campaign 06/05/2025 Ad set",not_delivering,adset,44,63,1.43181818,"7-day click or 1-day view","Messaging conversations started",,5.6,,2025-05-06,Ongoing,,,88.88888889,3.17460317,,,,,,,,not_delivering,inactive,,,2025-05-01,2025-05-31
"Tailored messages campaign 06/05/2025 Campaign",6710313106597,"2025-05-01 - 2025-05-31",18-24,unknown,"Tailored messages campaign 06/05/2025 Ad set",not_delivering,adset,6,10,1.66666667,"7-day click or 1-day view","Messaging conversations started",,0.08,,2025-05-06,Ongoing,,,8,0,,,,,,,,not_delivering,inactive,,,2025-05-01,2025-05-31
"Tailored messages campaign 06/05/2025 Campaign",6710313106597,"2025-05-01 - 2025-05-31",18-24,female,"Tailored messages campaign 06/05/2025 Ad set",not_delivering,adset,2872,3399,1.18349582,"7-day click or 1-day view","Messaging conversations started",1,71.36,71.36,2025-05-06,Ongoing,7,10.19428571,20.99441012,0.38246543,,1,,,,,,not_delivering,inactive,0.02942042,71.36,2025-05-01,2025-05-31
"LPU Online – 20/25",6723531168997,"2025-05-01 - 2025-05-31",18-24,female,SET1,not_delivering,adset,7520,14875,1.97805851,"7-day click or 1-day view","Messaging conversations started",9,950.75,105.63888889,2025-05-19,Ongoing,30,31.69166667,63.91596639,0.32941176,,9,,,,,,not_delivering,inactive,0.0605042,105.63888889,2025-05-01,2025-05-31
"LPU Online – 20/25",6723531168997,"2025-05-01 - 2025-05-31",25-34,female,SET1,not_delivering,adset,3808,7254,1.90493697,"7-day click or 1-day view","Messaging conversations started",3,666.84,222.28,2025-05-19,Ongoing,21,31.75428571,91.92721257,0.42735043,,3,,,,,,not_delivering,inactive,0.04135649,222.28,2025-05-01,2025-05-31
"Tailored messages campaign 06/05/2025 Campaign",6710313106597,"2025-05-01 - 2025-05-31",25-34,female,"Tailored messages campaign 06/05/2025 Ad set",not_delivering,adset,870,1022,1.17471264,"7-day click or 1-day view","Messaging conversations started",,39.13,,2025-05-06,Ongoing,3,13.04333333,38.28767123,1.07632094,,,,,,,,not_delivering,inactive,,,2025-05-01,2025-05-31
"LPU Online – 20/25",6723531168997,"2025-05-01 - 2025-05-31",18-24,unknown,SET1,not_delivering,adset,16,41,2.5625,"7-day click or 1-day view","Messaging conversations started",,2.29,,2025-05-19,Ongoing,,,55.85365854,0,,,,,,,,not_delivering,inactive,,,2025-05-01,2025-05-31
"LPU Online",6723178659597,"2025-05-01 - 2025-05-31",35-44,female,SET1,not_delivering,adset,5,6,1.2,"7-day click or 1-day view","Messaging conversations started",,0.14,,2025-05-19,Ongoing,,,23.33333333,0,,,,,,,,not_delivering,inactive,,,2025-05-01,2025-05-31
"LPU Punjab - 13/05",6715753772997,"2025-05-01 - 2025-05-31",35-44,unknown,SET1,not_delivering,adset,0,2,0,"7-day click or 1-day view","Messaging conversations started",,0.02,,2025-05-13,Ongoing,,,10,0,,,,,,,,not_delivering,inactive,,,2025-05-01,2025-05-31
"LPU Online",6723178659597,"2025-05-01 - 2025-05-31",35-44,male,SET1,not_delivering,adset,8,9,1.125,"7-day click or 1-day view","Messaging conversations started",,3.45,,2025-05-19,Ongoing,,,383.33333333,0,,,,,,,,not_delivering,inactive,,,2025-05-01,2025-05-31
"LPU Online",6723178659597,"2025-05-01 - 2025-05-31",25-34,unknown,SET1,not_delivering,adset,2,2,1,"7-day click or 1-day view","Messaging conversations started",,0.04,,2025-05-19,Ongoing,,,20,0,,,,,,,,not_delivering,inactive,,,2025-05-01,2025-05-31
"LPU Online",6723178659597,"2025-05-01 - 2025-05-31",18-24,female,SET1,not_delivering,adset,232,251,1.08189655,"7-day click or 1-day view","Messaging conversations started",,8.62,,2025-05-19,Ongoing,,,34.34262948,0.39840637,,,,,,,,not_delivering,inactive,,,2025-05-01,2025-05-31
"LPU Online",6723178659597,"2025-05-01 - 2025-05-31",25-34,female,SET1,not_delivering,adset,96,108,1.125,"7-day click or 1-day view","Messaging conversations started",,10.67,,2025-05-19,Ongoing,1,10.67,98.7962963,0.92592593,,,,,,,,not_delivering,inactive,,,2025-05-01,2025-05-31
"LPU Online",6723178659597,"2025-05-01 - 2025-05-31",25-34,male,SET1,not_delivering,adset,249,286,1.14859438,"7-day click or 1-day view","Messaging conversations started",,19.29,,2025-05-19,Ongoing,,,67.44755245,0,,,,,,,,not_delivering,inactive,,,2025-05-01,2025-05-31
"Tailored messages campaign 06/05/2025 Campaign",6710313106597,"2025-05-01 - 2025-05-31",25-34,male,"Tailored messages campaign 06/05/2025 Ad set",not_delivering,adset,1338,1608,1.20179372,"7-day click or 1-day view","Messaging conversations started",1,83.49,83.49,2025-05-06,Ongoing,5,16.698,51.92164179,0.37313433,,1,,,,,,not_delivering,inactive,0.06218905,83.49,2025-05-01,2025-05-31
"LPU Online – 20/25",6723531168997,"2025-05-01 - 2025-05-31",25-34,unknown,SET1,not_delivering,adset,8,31,3.875,"7-day click or 1-day view","Messaging conversations started",,2.25,,2025-05-19,Ongoing,,,72.58064516,0,,,,,,,,not_delivering,inactive,,,2025-05-01,2025-05-31
"LPU Online – 20/25",6723531168997,"2025-05-01 - 2025-05-31",35-44,male,SET1,not_delivering,adset,448,1025,2.28794643,"7-day click or 1-day view","Messaging conversations started",,134.38,,2025-05-19,Ongoing,4,33.595,131.10243902,0.58536585,,,,,,,,not_delivering,inactive,,,2025-05-01,2025-05-31
"LPU Online",6723178659597,"2025-05-01 - 2025-05-31",18-24,male,SET1,not_delivering,adset,357,384,1.07563025,"7-day click or 1-day view","Messaging conversations started",,17.93,,2025-05-19,Ongoing,,,46.69270833,0.26041667,,,,,,,,not_delivering,inactive,,,2025-05-01,2025-05-31
"LPU Punjab - 13/05",6715753772997,"2025-05-01 - 2025-05-31",25-34,male,SET1,not_delivering,adset,38080,73545,1.93132878,"7-day click or 1-day view","Messaging conversations started",23,1779.33,77.36217391,2025-05-13,Ongoing,137,12.98781022,24.19375892,0.28282004,,23,,,,,,not_delivering,inactive,0.03127337,77.36217391,2025-05-01,2025-05-31
"LPU Online – 20/25",6723531168997,"2025-05-01 - 2025-05-31",18-24,male,SET1,not_delivering,adset,11760,22159,1.88426871,"7-day click or 1-day view","Messaging conversations started",18,1480.1,82.22777778,2025-05-19,Ongoing,70,21.14428571,66.79453044,0.4512839,,18,,,,,,not_delivering,inactive,0.0812311,82.22777778,2025-05-01,2025-05-31
"LPU Online – 20/25",6723531168997,"2025-05-01 - 2025-05-31",35-44,female,SET1,not_delivering,adset,216,406,1.87962963,"7-day click or 1-day view","Messaging conversations started",,35.22,,2025-05-19,Ongoing,,,86.74876847,0.24630542,,,,,,,,not_delivering,inactive,,,2025-05-01,2025-05-31
"LPU Online – 20/25",6723531168997,"2025-05-01 - 2025-05-31",25-34,male,SET1,not_delivering,adset,8624,18138,2.10320037,"7-day click or 1-day view","Messaging conversations started",14,1604.58,114.61285714,2025-05-19,Ongoing,54,29.71444444,88.46510089,0.50722241,,14,,,,,,not_delivering,inactive,0.07718602,114.61285714,2025-05-01,2025-05-31
"SK-LPU-MAY 2025 – 1",6724323110197,"2025-05-01 - 2025-05-31",25-34,female,SET1,not_delivering,adset,9392,15792,1.68143101,"7-day click or 1-day view","Messaging conversations started",4,829.12,207.28,2025-05-20,Ongoing,42,19.74095238,52.50253293,0.37360689,,4,,,,,,not_delivering,inactive,0.02532928,207.28,2025-05-01,2025-05-31
"SK-LPU-MAY 2025 – 1",6724323110197,"2025-05-01 - 2025-05-31",25-34,unknown,SET1,not_delivering,adset,52,52,1,"7-day click or 1-day view","Messaging conversations started",,2.1,,2025-05-20,Ongoing,,,40.38461538,0,,,,,,,,not_delivering,inactive,,,2025-05-01,2025-05-31
"SK-LPU-MAY 2025 – 1",6724323110197,"2025-05-01 - 2025-05-31",25-34,male,SET1,not_delivering,adset,13440,24422,1.8171131,"7-day click or 1-day view","Messaging conversations started",3,1414.11,471.37,2025-05-20,Ongoing,55,25.71109091,57.90312014,0.36442552,,3,,,,,,not_delivering,inactive,0.01228401,471.37,2025-05-01,2025-05-31
"SK-LPU-MAY 2025 – 1",6724323110197,"2025-05-01 - 2025-05-31",18-24,female,SET1,not_delivering,adset,23424,41971,1.79179474,"7-day click or 1-day view","Messaging conversations started",10,1481.06,148.106,2025-05-20,Ongoing,94,15.75595745,35.28769865,0.32165066,,10,,,,,,not_delivering,inactive,0.02382598,148.106,2025-05-01,2025-05-31
"SK-LPU-MAY 2025 – 1",6724323110197,"2025-05-01 - 2025-05-31",18-24,male,SET1,not_delivering,adset,26256,46680,1.77787934,"7-day click or 1-day view","Messaging conversations started",8,1734.91,216.86375,2025-05-20,Ongoing,107,16.21411215,37.16602399,0.31919452,,8,,,,,,not_delivering,inactive,0.01713796,216.86375,2025-05-01,2025-05-31
"SK-LPU-MAY 2025 – 1",6724323110197,"2025-05-01 - 2025-05-31",35-44,male,SET1,not_delivering,adset,544,1041,1.91360294,"7-day click or 1-day view","Messaging conversations started",1,82.01,82.01,2025-05-20,Ongoing,5,16.402,78.78001921,0.76849183,,1,,,,,,not_delivering,inactive,0.09606148,82.01,2025-05-01,2025-05-31
"SK-LPU-MAY 2025 – 1",6724323110197,"2025-05-01 - 2025-05-31",35-44,female,SET1,not_delivering,adset,400,691,1.7275,"7-day click or 1-day view","Messaging conversations started",,48.4,,2025-05-20,Ongoing,5,9.68,70.04341534,1.0130246,,,,,,,,not_delivering,inactive,,,2025-05-01,2025-05-31
"LPU Punjab - 13/05",6715753772997,"2025-05-01 - 2025-05-31",25-34,male,"SET2 - MBA",inactive,adset,2626,3195,1.21667936,"7-day click or 1-day view","Messaging conversations started",1,156.32,156.32,2025-05-25,Ongoing,9,17.36888889,48.92644757,0.59467919,,1,,,,,,inactive,inactive,0.0312989,156.32,2025-05-01,2025-05-31
"LPU Punjab - 13/05",6715753772997,"2025-05-01 - 2025-05-31",35-44,male,"SET2 - MBA",inactive,adset,658,882,1.34042553,"7-day click or 1-day view","Messaging conversations started",1,72.02,72.02,2025-05-25,Ongoing,3,24.00666667,81.6553288,0.34013605,,1,,,,,,inactive,inactive,0.11337868,72.02,2025-05-01,2025-05-31
"LPU Punjab - 13/05",6715753772997,"2025-05-01 - 2025-05-31",25-34,unknown,"SET2 - MBA",inactive,adset,6,7,1.16666667,"7-day click or 1-day view","Messaging conversations started",,0.18,,2025-05-25,Ongoing,,,25.71428571,0,,,,,,,,inactive,inactive,,,2025-05-01,2025-05-31
"SK-LPU-MAY 2025 – 1",6724323110197,"2025-05-01 - 2025-05-31",18-24,unknown,SET1,not_delivering,adset,48,108,2.25,"7-day click or 1-day view","Messaging conversations started",,4.14,,2025-05-20,Ongoing,,,38.33333333,0,,,,,,,,not_delivering,inactive,,,2025-05-01,2025-05-31
"LPU Punjab - 13/05",6715753772997,"2025-05-01 - 2025-05-31",18-24,male,"SET2 - MBA",inactive,adset,2416,2741,1.13451987,"7-day click or 1-day view","Messaging conversations started",,93.32,,2025-05-25,Ongoing,11,8.48363636,34.04596862,0.5107625,,,,,,,,inactive,inactive,,,2025-05-01,2025-05-31
"LPU Punjab - 13/05",6715753772997,"2025-05-01 - 2025-05-31",25-34,female,"SET2 - MBA",inactive,adset,1074,1190,1.10800745,"7-day click or 1-day view","Messaging conversations started",,60.59,,2025-05-25,Ongoing,3,20.19666667,50.91596639,0.33613445,,,,,,,,inactive,inactive,,,2025-05-01,2025-05-31
"Messages Ad: 🎓Admission Open for - Distance & Online Learning...",6703091270997,"2025-05-01 - 2025-05-31",18-24,female,"Messages Ad: 🎓Admission Open for - Distance & Online Learning...",not_delivering,adset,2858,3280,1.1476557,"7-day click or 1-day view","Messaging conversations started",,60.2,,2025-05-03,2025-05-07,2,30.1,18.35365854,0.21341463,,,,,,,,not_delivering,inactive,,,2025-05-01,2025-05-31
"LPU Punjab - 13/05",6715753772997,"2025-05-01 - 2025-05-31",18-24,female,"SET2 - MBA",inactive,adset,1474,1753,1.18928087,"7-day click or 1-day view","Messaging conversations started",1,66.69,66.69,2025-05-25,Ongoing,2,33.345,38.04335425,0.28522533,,1,,,,,,inactive,inactive,0.05704507,66.69,2025-05-01,2025-05-31
"LPU Punjab - 13/05",6715753772997,"2025-05-01 - 2025-05-31",18-24,unknown,SET1,not_delivering,adset,320,391,1.221875,"7-day click or 1-day view","Messaging conversations started",,6.74,,2025-05-13,Ongoing,,,17.23785166,0.25575448,,,,,,,,not_delivering,inactive,,,2025-05-01,2025-05-31
"LPU Punjab - 13/05",6715753772997,"2025-05-01 - 2025-05-31",35-44,female,SET1,not_delivering,adset,960,2115,2.203125,"7-day click or 1-day view","Messaging conversations started",,63.9,,2025-05-13,Ongoing,5,12.78,30.21276596,0.23640662,,,,,,,,not_delivering,inactive,,,2025-05-01,2025-05-31
"LPU Punjab - 13/05",6715753772997,"2025-05-01 - 2025-05-31",25-34,unknown,SET1,not_delivering,adset,128,169,1.3203125,"7-day click or 1-day view","Messaging conversations started",,3.94,,2025-05-13,Ongoing,,,23.31360947,0,,,,,,,,not_delivering,inactive,,,2025-05-01,2025-05-31
"LPU Punjab - 13/05",6715753772997,"2025-05-01 - 2025-05-31",18-24,male,SET1,not_delivering,adset,78336,150355,1.91936019,"7-day click or 1-day view","Messaging conversations started",47,2798.63,59.54531915,2025-05-13,Ongoing,258,10.8474031,18.61348143,0.27667853,,47,,,,,,not_delivering,inactive,0.03125935,59.54531915,2025-05-01,2025-05-31
"LPU Punjab - 13/05",6715753772997,"2025-05-01 - 2025-05-31",35-44,male,SET1,not_delivering,adset,1280,2273,1.77578125,"7-day click or 1-day view","Messaging conversations started",2,81.77,40.885,2025-05-13,Ongoing,13,6.29,35.97448306,0.70391553,,2,,,,,,not_delivering,inactive,0.08798944,40.885,2025-05-01,2025-05-31
"LPU Punjab - 13/05",6715753772997,"2025-05-01 - 2025-05-31",25-34,female,SET1,not_delivering,adset,33472,63610,1.90039436,"7-day click or 1-day view","Messaging conversations started",21,1574.08,74.95619048,2025-05-13,Ongoing,130,12.10830769,24.74579469,0.31598805,,21,,,,,,not_delivering,inactive,0.03301368,74.95619048,2025-05-01,2025-05-31
"LPU Punjab - 13/05",6715753772997,"2025-05-01 - 2025-05-31",18-24,female,SET1,not_delivering,adset,82496,176459,2.13900068,"7-day click or 1-day view","Messaging conversations started",55,3144.91,57.18018182,2025-05-13,Ongoing,290,10.84451724,17.822327,0.28788557,,55,,,,,,not_delivering,inactive,0.03116871,57.18018182,2025-05-01,2025-05-31
"LPU Punjab - 13/05",6715753772997,"2025-05-01 - 2025-05-31",18-24,unknown,"SET2 - MBA",inactive,adset,0,5,0,"7-day click or 1-day view","Messaging conversations started",,0.12,,2025-05-25,Ongoing,,,24,0,,,,,,,,inactive,inactive,,,2025-05-01,2025-05-31
"LPU Punjab - 13/05",6715753772997,"2025-05-01 - 2025-05-31",35-44,unknown,"SET2 - MBA",inactive,adset,0,2,0,"7-day click or 1-day view","Messaging conversations started",,0.03,,2025-05-25,Ongoing,,,15,0,,,,,,,,inactive,inactive,,,2025-05-01,2025-05-31
"LPU Punjab - 13/05",6715753772997,"2025-05-01 - 2025-05-31",35-44,female,"SET2 - MBA",inactive,adset,370,391,1.05675676,"7-day click or 1-day view","Messaging conversations started",,56.02,,2025-05-25,Ongoing,1,56.02,143.27365729,0.25575448,,,,,,,,inactive,inactive,,,2025-05-01,2025-05-31
"LPU Punjab",6641565898197,"2025-04-01 - 2025-04-30",25-34,female,"New Traffic ad set",not_delivering,adset,10000,13069,1.3069,"7-day click or 1-day view","Link clicks",99,68.04,0.68727273,2025-03-29,Ongoing,99,0.68727273,5.20621318,0.81107965,,,,,,,,not_delivering,inactive,0.75751779,,2025-04-01,2025-04-30
"Punjabi University",6642089283597,"2025-04-01 - 2025-04-30",35-44,unknown,"New Engagement ad set",not_delivering,adset,0,12,0,"7-day click or 1-day view","Messaging conversations started",,0.17,,2025-03-29,Ongoing,,,14.16666667,0,,,,,,,,not_delivering,inactive,,,2025-04-01,2025-04-30
"MMU - New",6673302606797,"2025-04-01 - 2025-04-30",45-54,unknown,"MMU MBA",not_delivering,adset,4,4,1,"7-day click or 1-day view","Messaging conversations started",,0.07,,2025-04-14,Ongoing,,,17.5,0,,,,,,,,not_delivering,inactive,,,2025-04-01,2025-04-30
"MMU - New",6673302606797,"2025-04-01 - 2025-04-30",35-44,male,"MMU MBA",not_delivering,adset,1260,1779,1.41190476,"7-day click or 1-day view","Messaging conversations started",2,175.3,87.65,2025-04-14,Ongoing,6,29.21666667,98.53850478,0.73074761,,2,,,,,,not_delivering,inactive,0.11242271,87.65,2025-04-01,2025-04-30
"LPU Punjab",6641565898197,"2025-04-01 - 2025-04-30",18-24,male,"New Traffic ad set",not_delivering,adset,25712,36059,1.4024191,"7-day click or 1-day view","Link clicks",256,173.61,0.67816406,2025-03-29,Ongoing,256,0.67816406,4.81460939,0.75709254,,,,,,,,not_delivering,inactive,0.70994759,,2025-04-01,2025-04-30
"LPU Punjab",6641565898197,"2025-04-01 - 2025-04-30",25-34,male,"New Traffic ad set",not_delivering,adset,28480,39235,1.37763343,"7-day click or 1-day view","Link clicks",265,188.45,0.71113208,2025-03-29,Ongoing,265,0.71113208,4.80310947,0.73148974,,,,,,,,not_delivering,inactive,0.67541736,,2025-04-01,2025-04-30
"LPU Punjab",6641565898197,"2025-04-01 - 2025-04-30",35-44,female,"New Traffic ad set",not_delivering,adset,1104,1307,1.18387681,"7-day click or 1-day view","Link clicks",8,7.16,0.895,2025-03-29,Ongoing,8,0.895,5.47819434,0.68859985,,,,,,,,not_delivering,inactive,0.61208875,,2025-04-01,2025-04-30
"LPU Punjab",6641565898197,"2025-04-01 - 2025-04-30",35-44,male,"New Traffic ad set",not_delivering,adset,2704,3708,1.37130178,"7-day click or 1-day view","Link clicks",29,18.01,0.62103448,2025-03-29,Ongoing,29,0.62103448,4.8570658,0.78209277,,,,,,,,not_delivering,inactive,0.78209277,,2025-04-01,2025-04-30
"Punjabi University",6642089283597,"2025-04-01 - 2025-04-30",18-24,male,"New Engagement ad set",not_delivering,adset,33408,77270,2.31291906,"7-day click or 1-day view","Messaging conversations started",48,1822.52,37.96916667,2025-03-29,Ongoing,225,8.10008889,23.5863854,0.64449334,,48,,,,,,not_delivering,inactive,0.06211984,37.96916667,2025-04-01,2025-04-30
"LPU Punjab",6641565898197,"2025-04-01 - 2025-04-30",18-24,female,"New Traffic ad set",not_delivering,adset,8096,12082,1.4923419,"7-day click or 1-day view","Link clicks",101,61.52,0.60910891,2025-03-29,Ongoing,101,0.60910891,5.09187221,0.88561496,,,,,,,,not_delivering,inactive,0.83595431,,2025-04-01,2025-04-30
"LPU Distance Education Patiala",6668282295797,"2025-04-01 - 2025-04-30",18-24,female,SET1,not_delivering,adset,36832,69002,1.87342528,"7-day click or 1-day view","Messaging conversations started",12,1808.32,150.69333333,2025-04-09,Ongoing,125,14.46656,26.20677662,0.33187444,,12,,,,,,not_delivering,inactive,0.0173908,150.69333333,2025-04-01,2025-04-30
"LPU Punjab",6641565898197,"2025-04-01 - 2025-04-30",25-34,unknown,"New Traffic ad set",not_delivering,adset,32,47,1.46875,"7-day click or 1-day view","Link clicks",,0.24,,2025-03-29,Ongoing,,,5.10638298,0,,,,,,,,not_delivering,inactive,,,2025-04-01,2025-04-30
"LPU Punjab",6641565898197,"2025-04-01 - 2025-04-30",35-44,unknown,"New Traffic ad set",not_delivering,adset,0,2,0,"7-day click or 1-day view","Link clicks",,0.01,,2025-03-29,Ongoing,,,5,0,,,,,,,,not_delivering,inactive,,,2025-04-01,2025-04-30
"Punjabi University",6642089283597,"2025-04-01 - 2025-04-30",18-24,female,"New Engagement ad set",not_delivering,adset,28096,69619,2.47789721,"7-day click or 1-day view","Messaging conversations started",40,1493.21,37.33025,2025-03-29,Ongoing,172,8.68145349,21.44831152,0.56593746,,40,,,,,,not_delivering,inactive,0.05745558,37.33025,2025-04-01,2025-04-30
"Punjabi University",6642089283597,"2025-04-01 - 2025-04-30",25-34,male,"New Engagement ad set",not_delivering,adset,25440,69007,2.71253931,"7-day click or 1-day view","Messaging conversations started",94,2423.38,25.7806383,2025-03-29,Ongoing,273,8.87684982,35.11788659,0.82600316,,94,,,,,,not_delivering,inactive,0.13621806,25.7806383,2025-04-01,2025-04-30
"Punjabi University",6642089283597,"2025-04-01 - 2025-04-30",35-44,male,"New Engagement ad set",not_delivering,adset,1504,3715,2.47007979,"7-day click or 1-day view","Messaging conversations started",6,157.81,26.30166667,2025-03-29,Ongoing,17,9.28294118,42.47913863,0.91520861,,6,,,,,,not_delivering,inactive,0.1615074,26.30166667,2025-04-01,2025-04-30
"MMU - New",6673302606797,"2025-04-01 - 2025-04-30",25-34,female,"MMU MBA",not_delivering,adset,1596,2045,1.28132832,"7-day click or 1-day view","Messaging conversations started",,132.9,,2025-04-14,Ongoing,4,33.225,64.98777506,0.53789731,,,,,,,,not_delivering,inactive,,,2025-04-01,2025-04-30
"LPU Distance Education Patiala",6668282295797,"2025-04-01 - 2025-04-30",18-24,unknown,SET1,not_delivering,adset,192,218,1.13541667,"7-day click or 1-day view","Messaging conversations started",,6.64,,2025-04-09,Ongoing,3,2.21333333,30.4587156,1.37614679,,,,,,,,not_delivering,inactive,,,2025-04-01,2025-04-30
"Punjabi University",6642089283597,"2025-04-01 - 2025-04-30",25-34,female,"New Engagement ad set",not_delivering,adset,17664,42095,2.38309556,"7-day click or 1-day view","Messaging conversations started",27,1409.66,52.20962963,2025-03-29,Ongoing,121,11.65008264,33.4875876,0.63665518,,27,,,,,,not_delivering,inactive,0.06414063,52.20962963,2025-04-01,2025-04-30
"Punjabi University",6642089283597,"2025-04-01 - 2025-04-30",25-34,unknown,"New Engagement ad set",not_delivering,adset,96,170,1.77083333,"7-day click or 1-day view","Messaging conversations started",1,4.82,4.82,2025-03-29,Ongoing,2,2.41,28.35294118,2.35294118,,1,,,,,,not_delivering,inactive,0.58823529,4.82,2025-04-01,2025-04-30
"LPU Distance Education Patiala",6668282295797,"2025-04-01 - 2025-04-30",35-44,male,SET1,not_delivering,adset,1408,2289,1.62571023,"7-day click or 1-day view","Messaging conversations started",,111.41,,2025-04-09,Ongoing,6,18.56833333,48.67190913,0.3058104,,,,,,,,not_delivering,inactive,,,2025-04-01,2025-04-30
MMU,6671478791197,"2025-04-01 - 2025-04-30",18-24,unknown,"MMU MBA",not_delivering,adset,12,19,1.58333333,"7-day click or 1-day view","Messaging conversations started",,1.57,,2025-04-12,Ongoing,,,82.63157895,0,,,,,,,,not_delivering,inactive,,,2025-04-01,2025-04-30
"LPU Distance Education Patiala",6668282295797,"2025-04-01 - 2025-04-30",25-34,male,SET1,not_delivering,adset,22336,45186,2.02301218,"7-day click or 1-day view","Messaging conversations started",6,1851.7,308.61666667,2025-04-09,Ongoing,79,23.43924051,40.97950693,0.34081353,,6,,,,,,not_delivering,inactive,0.01327845,308.61666667,2025-04-01,2025-04-30
"LPU Punjab",6641565898197,"2025-04-01 - 2025-04-30",18-24,unknown,"New Traffic ad set",not_delivering,adset,0,103,0,"7-day click or 1-day view","Link clicks",,0.44,,2025-03-29,Ongoing,,,4.27184466,0,,,,,,,,not_delivering,inactive,,,2025-04-01,2025-04-30
MMU,6671478791197,"2025-04-01 - 2025-04-30",35-44,male,"MMU MBA",not_delivering,adset,468,541,1.15598291,"7-day click or 1-day view","Messaging conversations started",1,43.83,43.83,2025-04-12,Ongoing,3,14.61,81.01663586,0.73937153,,1,,,,,,not_delivering,inactive,0.18484288,43.83,2025-04-01,2025-04-30
"LPU Distance Education Patiala",6668282295797,"2025-04-01 - 2025-04-30",35-44,unknown,SET1,not_delivering,adset,0,9,0,"7-day click or 1-day view","Messaging conversations started",,0.16,,2025-04-09,Ongoing,,,17.77777778,0,,,,,,,,not_delivering,inactive,,,2025-04-01,2025-04-30
"LPU Distance Education Patiala",6668282295797,"2025-04-01 - 2025-04-30",35-44,female,SET1,not_delivering,adset,608,1565,2.57401316,"7-day click or 1-day view","Messaging conversations started",,83.66,,2025-04-09,Ongoing,5,16.732,53.45686901,0.51118211,,,,,,,,not_delivering,inactive,,,2025-04-01,2025-04-30
"LPU Distance Education Patiala",6668282295797,"2025-04-01 - 2025-04-30",18-24,male,SET1,not_delivering,adset,39904,70834,1.77511026,"7-day click or 1-day view","Messaging conversations started",15,2021.68,134.77866667,2025-04-09,Ongoing,123,16.43642276,28.54109608,0.3487026,,15,,,,,,not_delivering,inactive,0.02117627,134.77866667,2025-04-01,2025-04-30
"MMU - New",6673302606797,"2025-04-01 - 2025-04-30",35-44,female,"MMU MBA",not_delivering,adset,576,772,1.34027778,"7-day click or 1-day view","Messaging conversations started",,56.37,,2025-04-14,Ongoing,4,14.0925,73.01813472,0.77720207,,,,,,,,not_delivering,inactive,,,2025-04-01,2025-04-30
"LPU Distance Education Patiala",6668282295797,"2025-04-01 - 2025-04-30",25-34,unknown,SET1,not_delivering,adset,96,125,1.30208333,"7-day click or 1-day view","Messaging conversations started",,4.96,,2025-04-09,Ongoing,,,39.68,0.8,,,,,,,,not_delivering,inactive,,,2025-04-01,2025-04-30
MMU,6671478791197,"2025-04-01 - 2025-04-30",25-34,female,"MMU MBA",not_delivering,adset,2048,2763,1.34912109,"7-day click or 1-day view","Messaging conversations started",1,111.04,111.04,2025-04-12,Ongoing,2,55.52,40.18820123,0.21715527,,1,,,,,,not_delivering,inactive,0.03619254,111.04,2025-04-01,2025-04-30
MMU,6671478791197,"2025-04-01 - 2025-04-30",35-44,unknown,"MMU MBA",not_delivering,adset,2,2,1,"7-day click or 1-day view","Messaging conversations started",,2.45,,2025-04-12,Ongoing,,,1225,0,,,,,,,,not_delivering,inactive,,,2025-04-01,2025-04-30
"MMU - New",6673302606797,"2025-04-01 - 2025-04-30",55-64,female,"MMU MBA",not_delivering,adset,32,36,1.125,"7-day click or 1-day view","Messaging conversations started",,7.14,,2025-04-14,Ongoing,1,7.14,198.33333333,2.77777778,,,,,,,,not_delivering,inactive,,,2025-04-01,2025-04-30
MMU,6671478791197,"2025-04-01 - 2025-04-30",25-34,unknown,"MMU MBA",not_delivering,adset,8,9,1.125,"7-day click or 1-day view","Messaging conversations started",,0.29,,2025-04-12,Ongoing,,,32.22222222,0,,,,,,,,not_delivering,inactive,,,2025-04-01,2025-04-30
MMU,6671478791197,"2025-04-01 - 2025-04-30",18-24,female,"MMU MBA",not_delivering,adset,5140,6535,1.27140078,"7-day click or 1-day view","Messaging conversations started",1,162.27,162.27,2025-04-12,Ongoing,7,23.18142857,24.83091048,0.19892884,,1,,,,,,not_delivering,inactive,0.01530222,162.27,2025-04-01,2025-04-30
MMU,6671478791197,"2025-04-01 - 2025-04-30",35-44,female,"MMU MBA",not_delivering,adset,236,307,1.30084746,"7-day click or 1-day view","Messaging conversations started",,24.59,,2025-04-12,Ongoing,,,80.09771987,0.3257329,,,,,,,,not_delivering,inactive,,,2025-04-01,2025-04-30
MMU,6671478791197,"2025-04-01 - 2025-04-30",25-34,male,"MMU MBA",not_delivering,adset,5056,6779,1.34078323,"7-day click or 1-day view","Messaging conversations started",3,345.31,115.10333333,2025-04-12,Ongoing,21,16.44333333,50.93819147,0.47204602,,3,,,,,,not_delivering,inactive,0.04425431,115.10333333,2025-04-01,2025-04-30
"LPU Distance Education Patiala",6668282295797,"2025-04-01 - 2025-04-30",25-34,female,SET1,not_delivering,adset,17408,29851,1.71478631,"7-day click or 1-day view","Messaging conversations started",11,1286.51,116.95545455,2025-04-09,Ongoing,62,20.75016129,43.09771867,0.35509698,,11,,,,,,not_delivering,inactive,0.03684969,116.95545455,2025-04-01,2025-04-30
MMU,6671478791197,"2025-04-01 - 2025-04-30",18-24,male,"MMU MBA",not_delivering,adset,7788,10325,1.32575758,"7-day click or 1-day view","Messaging conversations started",4,385.04,96.26,2025-04-12,Ongoing,27,14.26074074,37.29200969,0.3874092,,4,,,,,,not_delivering,inactive,0.03874092,96.26,2025-04-01,2025-04-30
"MMU - New",6673302606797,"2025-04-01 - 2025-04-30",45-54,female,"MMU MBA",not_delivering,adset,144,184,1.27777778,"7-day click or 1-day view","Messaging conversations started",,11.29,,2025-04-14,Ongoing,,,61.35869565,0,,,,,,,,not_delivering,inactive,,,2025-04-01,2025-04-30
"MMU - New",6673302606797,"2025-04-01 - 2025-04-30",18-24,male,"MMU MBA",not_delivering,adset,7360,9991,1.35747283,"7-day click or 1-day view","Messaging conversations started",7,424.42,60.63142857,2025-04-14,Ongoing,36,11.78944444,42.48023221,0.51045941,,7,,,,,,not_delivering,inactive,0.07006306,60.63142857,2025-04-01,2025-04-30
"Punjabi University",6642089283597,"2025-04-01 - 2025-04-30",18-24,unknown,"New Engagement ad set",not_delivering,adset,96,149,1.55208333,"7-day click or 1-day view","Messaging conversations started",,2.36,,2025-03-29,Ongoing,,,15.83892617,0,,,,,,,,not_delivering,inactive,,,2025-04-01,2025-04-30
"MMU - New",6673302606797,"2025-04-01 - 2025-04-30",18-24,unknown,"MMU MBA",not_delivering,adset,20,27,1.35,"7-day click or 1-day view","Messaging conversations started",,0.81,,2025-04-14,Ongoing,,,30,0,,,,,,,,not_delivering,inactive,,,2025-04-01,2025-04-30
"MMU - New",6673302606797,"2025-04-01 - 2025-04-30",25-34,male,"MMU MBA",not_delivering,adset,4500,6352,1.41155556,"7-day click or 1-day view","Messaging conversations started",4,413.27,103.3175,2025-04-14,Ongoing,28,14.75964286,65.06139798,0.5824937,,4,,,,,,not_delivering,inactive,0.06297229,103.3175,2025-04-01,2025-04-30
"LPU - SET 18/04/2025",6675261135997,"2025-04-01 - 2025-04-30",18-24,female,SET1,not_delivering,adset,1330,1536,1.15488722,"7-day click or 1-day view","Messaging conversations started",,61.53,,2025-04-17,Ongoing,2,30.765,40.05859375,0.26041667,,,,,,,,not_delivering,inactive,,,2025-04-01,2025-04-30
"MMU - New",6673302606797,"2025-04-01 - 2025-04-30",65+,female,"MMU MBA",not_delivering,adset,32,41,1.28125,"7-day click or 1-day view","Messaging conversations started",,2.51,,2025-04-14,Ongoing,,,61.2195122,0,,,,,,,,not_delivering,inactive,,,2025-04-01,2025-04-30
"Punjabi University",6642089283597,"2025-04-01 - 2025-04-30",35-44,female,"New Engagement ad set",not_delivering,adset,896,2285,2.55022321,"7-day click or 1-day view","Messaging conversations started",3,105.49,35.16333333,2025-03-29,Ongoing,4,26.3725,46.16630197,0.48140044,,3,,,,,,not_delivering,inactive,0.13129103,35.16333333,2025-04-01,2025-04-30
"MMU - New",6673302606797,"2025-04-01 - 2025-04-30",18-24,female,"MMU MBA",not_delivering,adset,4792,6285,1.31156093,"7-day click or 1-day view","Messaging conversations started",1,207.12,207.12,2025-04-14,Ongoing,15,13.808,32.95465394,0.41368337,,1,,,,,,not_delivering,inactive,0.0159109,207.12,2025-04-01,2025-04-30
"MMU - New",6673302606797,"2025-04-01 - 2025-04-30",35-44,unknown,"MMU MBA",not_delivering,adset,4,4,1,"7-day click or 1-day view","Messaging conversations started",,3.25,,2025-04-14,Ongoing,,,812.5,0,,,,,,,,not_delivering,inactive,,,2025-04-01,2025-04-30
"LPU - SET 18/04/2025",6675261135997,"2025-04-01 - 2025-04-30",18-24,unknown,SET1,not_delivering,adset,4,4,1,"7-day click or 1-day view","Messaging conversations started",,0.1,,2025-04-17,Ongoing,,,25,0,,,,,,,,not_delivering,inactive,,,2025-04-01,2025-04-30
"MMU - 18/04/2025",6675281096797,"2025-04-01 - 2025-04-30",18-24,female,SET1,not_delivering,adset,688,820,1.19186047,"7-day click or 1-day view","Messaging conversations started",,39.64,,2025-04-17,Ongoing,2,19.82,48.34146341,0.48780488,,,,,,,,not_delivering,inactive,,,2025-04-01,2025-04-30
"LPU - SET 18/04/2025",6675261135997,"2025-04-01 - 2025-04-30",25-34,male,SET1,not_delivering,adset,831,982,1.18170878,"7-day click or 1-day view","Messaging conversations started",,67.45,,2025-04-17,Ongoing,2,33.725,68.68635438,0.20366599,,,,,,,,not_delivering,inactive,,,2025-04-01,2025-04-30
"LPU - SET 18/04/2025",6675261135997,"2025-04-01 - 2025-04-30",35-44,male,SET1,not_delivering,adset,48,56,1.16666667,"7-day click or 1-day view","Messaging conversations started",,3.49,,2025-04-17,Ongoing,,,62.32142857,0,,,,,,,,not_delivering,inactive,,,2025-04-01,2025-04-30
"LPU - SET 18/04/2025",6675261135997,"2025-04-01 - 2025-04-30",25-34,female,SET1,not_delivering,adset,608,683,1.12335526,"7-day click or 1-day view","Messaging conversations started",1,48,48,2025-04-17,Ongoing,2,24,70.27818448,0.87847731,,1,,,,,,not_delivering,inactive,0.14641288,48,2025-04-01,2025-04-30
"MMU - 18/04/2025",6675281096797,"2025-04-01 - 2025-04-30",25-34,unknown,SET1,not_delivering,adset,8,9,1.125,"7-day click or 1-day view","Messaging conversations started",,0.53,,2025-04-17,Ongoing,,,58.88888889,0,,,,,,,,not_delivering,inactive,,,2025-04-01,2025-04-30
"LPU - SET 18/04/2025",6675261135997,"2025-04-01 - 2025-04-30",18-24,male,SET1,not_delivering,adset,1266,1494,1.18009479,"7-day click or 1-day view","Messaging conversations started",,82.4,,2025-04-17,Ongoing,3,27.46666667,55.15394913,0.20080321,,,,,,,,not_delivering,inactive,,,2025-04-01,2025-04-30
"LPU - SET 18/04/2025",6675261135997,"2025-04-01 - 2025-04-30",25-34,unknown,SET1,not_delivering,adset,1,1,1,"7-day click or 1-day view","Messaging conversations started",,0.03,,2025-04-17,Ongoing,,,30,0,,,,,,,,not_delivering,inactive,,,2025-04-01,2025-04-30
"MMU - 18/04/2025",6675281096797,"2025-04-01 - 2025-04-30",35-44,male,SET1,not_delivering,adset,532,811,1.52443609,"7-day click or 1-day view","Messaging conversations started",2,98.41,49.205,2025-04-17,Ongoing,5,19.682,121.34401973,1.47965475,,2,,,,,,not_delivering,inactive,0.24660912,49.205,2025-04-01,2025-04-30
"MMU - 18/04/2025",6675281096797,"2025-04-01 - 2025-04-30",35-44,female,SET1,not_delivering,adset,242,316,1.30578512,"7-day click or 1-day view","Messaging conversations started",,35.47,,2025-04-17,Ongoing,1,35.47,112.24683544,0.63291139,,,,,,,,not_delivering,inactive,,,2025-04-01,2025-04-30
"MMU - 18/04/2025",6675281096797,"2025-04-01 - 2025-04-30",25-34,male,SET1,not_delivering,adset,2510,3167,1.26175299,"7-day click or 1-day view","Messaging conversations started",7,262.16,37.45142857,2025-04-17,Ongoing,17,15.42117647,82.77865488,0.75781497,,7,,,,,,not_delivering,inactive,0.22102937,37.45142857,2025-04-01,2025-04-30
"MMU - 18/04/2025",6675281096797,"2025-04-01 - 2025-04-30",18-24,unknown,SET1,not_delivering,adset,2,6,3,"7-day click or 1-day view","Messaging conversations started",,0.33,,2025-04-17,Ongoing,,,55,0,,,,,,,,not_delivering,inactive,,,2025-04-01,2025-04-30
"LPU - SET 18/04/2025",6675261135997,"2025-04-01 - 2025-04-30",35-44,female,SET1,not_delivering,adset,31,39,1.25806452,"7-day click or 1-day view","Messaging conversations started",,2.52,,2025-04-17,Ongoing,,,64.61538462,0,,,,,,,,not_delivering,inactive,,,2025-04-01,2025-04-30
"MMU - New",6673302606797,"2025-04-01 - 2025-04-30",55-64,male,"MMU MBA",not_delivering,adset,148,178,1.2027027,"7-day click or 1-day view","Messaging conversations started",,13.9,,2025-04-14,Ongoing,2,6.95,78.08988764,1.12359551,,,,,,,,not_delivering,inactive,,,2025-04-01,2025-04-30
"LPU - 26/04",6685419908397,"2025-04-01 - 2025-04-30",18-24,male,"New Engagement ad set",not_delivering,adset,7344,9845,1.34055011,"7-day click or 1-day view","Messaging conversations started",,233.22,,2025-04-26,Ongoing,13,17.94,23.68918233,0.24377857,,,,,,,,not_delivering,inactive,,,2025-04-01,2025-04-30
"MMU - New",6673302606797,"2025-04-01 - 2025-04-30",25-34,unknown,"MMU MBA",not_delivering,adset,16,25,1.5625,"7-day click or 1-day view","Messaging conversations started",,1.51,,2025-04-14,Ongoing,,,60.4,4,,,,,,,,not_delivering,inactive,,,2025-04-01,2025-04-30
"LPU Patiala 19/04/2025",6675807605797,"2025-04-01 - 2025-04-30",35-44,female,"New Engagement ad set",not_delivering,adset,368,467,1.26902174,"7-day click or 1-day view","Messaging conversations started",,16.51,,2025-04-18,Ongoing,1,16.51,35.35331906,0.21413276,,,,,,,,not_delivering,inactive,,,2025-04-01,2025-04-30
"LPU Patiala 19/04/2025",6675807605797,"2025-04-01 - 2025-04-30",18-24,unknown,"New Engagement ad set",not_delivering,adset,32,36,1.125,"7-day click or 1-day view","Messaging conversations started",,0.57,,2025-04-18,Ongoing,,,15.83333333,0,,,,,,,,not_delivering,inactive,,,2025-04-01,2025-04-30
"MMU - New",6673302606797,"2025-04-01 - 2025-04-30",45-54,male,"MMU MBA",not_delivering,adset,468,564,1.20512821,"7-day click or 1-day view","Messaging conversations started",1,63.72,63.72,2025-04-14,Ongoing,5,12.744,112.9787234,1.24113475,,1,,,,,,not_delivering,inactive,0.17730496,63.72,2025-04-01,2025-04-30
"MMU - 18/04/2025",6675281096797,"2025-04-01 - 2025-04-30",25-34,female,SET1,not_delivering,adset,794,977,1.23047859,"7-day click or 1-day view","Messaging conversations started",,57.94,,2025-04-17,Ongoing,4,14.485,59.30399181,0.81883316,,,,,,,,not_delivering,inactive,,,2025-04-01,2025-04-30
"LPU Patiala 19/04/2025",6675807605797,"2025-04-01 - 2025-04-30",25-34,unknown,"New Engagement ad set",not_delivering,adset,40,41,1.025,"7-day click or 1-day view","Messaging conversations started",,1.14,,2025-04-18,Ongoing,,,27.80487805,0,,,,,,,,not_delivering,inactive,,,2025-04-01,2025-04-30
"LPU Patiala 19/04/2025",6675807605797,"2025-04-01 - 2025-04-30",35-44,unknown,"New Engagement ad set",not_delivering,adset,1,1,1,"7-day click or 1-day view","Messaging conversations started",,0.01,,2025-04-18,Ongoing,,,10,0,,,,,,,,not_delivering,inactive,,,2025-04-01,2025-04-30
"LPU Patiala 19/04/2025",6675807605797,"2025-04-01 - 2025-04-30",25-34,male,"New Engagement ad set",not_delivering,adset,8680,14717,1.69550691,"7-day click or 1-day view","Messaging conversations started",4,534.91,133.7275,2025-04-18,Ongoing,42,12.73595238,36.34640212,0.40769179,,4,,,,,,not_delivering,inactive,0.02717945,133.7275,2025-04-01,2025-04-30
"MMU - New",6673302606797,"2025-04-01 - 2025-04-30",65+,male,"MMU MBA",not_delivering,adset,60,104,1.73333333,"7-day click or 1-day view","Messaging conversations started",,6.28,,2025-04-14,Ongoing,1,6.28,60.38461538,0.96153846,,,,,,,,not_delivering,inactive,,,2025-04-01,2025-04-30
"LPU Patiala 19/04/2025",6675807605797,"2025-04-01 - 2025-04-30",18-24,female,"New Engagement ad set",not_delivering,adset,10720,14697,1.37098881,"7-day click or 1-day view","Messaging conversations started",6,351.92,58.65333333,2025-04-18,Ongoing,25,14.0768,23.94502279,0.29938083,,6,,,,,,not_delivering,inactive,0.04082466,58.65333333,2025-04-01,2025-04-30
"LPU Patiala 19/04/2025",6675807605797,"2025-04-01 - 2025-04-30",18-24,male,"New Engagement ad set",not_delivering,adset,12792,18311,1.43144153,"7-day click or 1-day view","Messaging conversations started",9,406.28,45.14222222,2025-04-18,Ongoing,37,10.98054054,22.18775599,0.38228387,,9,,,,,,not_delivering,inactive,0.04915078,45.14222222,2025-04-01,2025-04-30
"LPU Patiala 19/04/2025",6675807605797,"2025-04-01 - 2025-04-30",35-44,male,"New Engagement ad set",not_delivering,adset,568,855,1.50528169,"7-day click or 1-day view","Messaging conversations started",,35.43,,2025-04-18,Ongoing,1,35.43,41.43859649,0.58479532,,,,,,,,not_delivering,inactive,,,2025-04-01,2025-04-30
"MMU - 18/04/2025",6675281096797,"2025-04-01 - 2025-04-30",18-24,male,SET1,not_delivering,adset,1316,1637,1.24392097,"7-day click or 1-day view","Messaging conversations started",1,99.31,99.31,2025-04-17,Ongoing,6,16.55166667,60.66585217,0.61087355,,1,,,,,,not_delivering,inactive,0.06108735,99.31,2025-04-01,2025-04-30
"LPU - 26/04",6685419908397,"2025-04-01 - 2025-04-30",25-34,unknown,"New Engagement ad set",not_delivering,adset,8,23,2.875,"7-day click or 1-day view","Messaging conversations started",,0.83,,2025-04-26,Ongoing,1,0.83,36.08695652,8.69565217,,,,,,,,not_delivering,inactive,,,2025-04-01,2025-04-30
"LPU - 26/04",6685419908397,"2025-04-01 - 2025-04-30",18-24,female,"New Engagement ad set",not_delivering,adset,8568,11674,1.36251167,"7-day click or 1-day view","Messaging conversations started",2,255.58,127.79,2025-04-26,Ongoing,21,12.17047619,21.89309577,0.33407572,,2,,,,,,not_delivering,inactive,0.01713209,127.79,2025-04-01,2025-04-30
"LPU - 26/04",6685419908397,"2025-04-01 - 2025-04-30",35-44,male,"New Engagement ad set",not_delivering,adset,288,344,1.19444444,"7-day click or 1-day view","Messaging conversations started",,19.02,,2025-04-26,Ongoing,2,9.51,55.29069767,0.87209302,,,,,,,,not_delivering,inactive,,,2025-04-01,2025-04-30
"LPU - 26/04",6685419908397,"2025-04-01 - 2025-04-30",25-34,female,"New Engagement ad set",not_delivering,adset,3816,5242,1.37368973,"7-day click or 1-day view","Messaging conversations started",1,197.25,197.25,2025-04-26,Ongoing,9,21.91666667,37.62876765,0.24799695,,1,,,,,,not_delivering,inactive,0.01907669,197.25,2025-04-01,2025-04-30
"LPU - 26/04",6685419908397,"2025-04-01 - 2025-04-30",35-44,female,"New Engagement ad set",not_delivering,adset,224,295,1.31696429,"7-day click or 1-day view","Messaging conversations started",,14.23,,2025-04-26,Ongoing,,,48.23728814,0,,,,,,,,not_delivering,inactive,,,2025-04-01,2025-04-30
"LPU - 26/04",6685419908397,"2025-04-01 - 2025-04-30",25-34,male,"New Engagement ad set",not_delivering,adset,4048,6241,1.54174901,"7-day click or 1-day view","Messaging conversations started",,263.78,,2025-04-26,Ongoing,8,32.9725,42.26566255,0.30443839,,,,,,,,not_delivering,inactive,,,2025-04-01,2025-04-30
"LPU - 26/04",6685419908397,"2025-04-01 - 2025-04-30",18-24,unknown,"New Engagement ad set",not_delivering,adset,0,22,0,"7-day click or 1-day view","Messaging conversations started",,0.27,,2025-04-26,Ongoing,,,12.27272727,0,,,,,,,,not_delivering,inactive,,,2025-04-01,2025-04-30
"LPU Patiala 19/04/2025",6675807605797,"2025-04-01 - 2025-04-30",25-34,female,"New Engagement ad set",not_delivering,adset,6152,8468,1.37646294,"7-day click or 1-day view","Messaging conversations started",3,287.98,95.99333333,2025-04-18,Ongoing,18,15.99888889,34.00803023,0.41332074,,3,,,,,,not_delivering,inactive,0.03542749,95.99333333,2025-04-01,2025-04-30
"SK- LPU - Facebook + Insta + Whtsapp Ads",6612219196197,"2025-02-01 - 2025-02-28",25-34,unknown,"New Engagement ad set",not_delivering,adset,8,38,4.75,"7-day click or 1-day view","Messaging conversations started",,8.33,,2025-02-16,Ongoing,,,219.21052632,0,,,,,,,,not_delivering,inactive,,,2025-02-01,2025-02-28
"SK- LPU - Facebook + Insta + Whtsapp Ads",6612219196197,"2025-02-01 - 2025-02-28",35-44,unknown,"New Engagement ad set",not_delivering,adset,0,5,0,"7-day click or 1-day view","Messaging conversations started",,5.56,,2025-02-16,Ongoing,,,1112,0,,,,,,,,not_delivering,inactive,,,2025-02-01,2025-02-28
"SK- LPU - Facebook + Insta + Whtsapp Ads",6612219196197,"2025-02-01 - 2025-02-28",18-24,unknown,"New Engagement ad set",not_delivering,adset,54,54,1,"7-day click or 1-day view","Messaging conversations started",,3.62,,2025-02-16,Ongoing,,,67.03703704,0,,,,,,,,not_delivering,inactive,,,2025-02-01,2025-02-28
"SK- LPU - Facebook + Insta + Whtsapp Ads",6612219196197,"2025-02-01 - 2025-02-28",25-34,female,"New Engagement ad set",not_delivering,adset,5336,9329,1.74831334,"7-day click or 1-day view","Messaging conversations started",13,844.52,64.96307692,2025-02-16,Ongoing,32,26.39125,90.52631579,0.6860328,,13,,,,,,not_delivering,inactive,0.13935041,64.96307692,2025-02-01,2025-02-28
"SK- LPU - Facebook + Insta + Whtsapp Ads",6612219196197,"2025-02-01 - 2025-02-28",25-34,male,"New Engagement ad set",not_delivering,adset,10776,21182,1.96566444,"7-day click or 1-day view","Messaging conversations started",16,1909.4,119.3375,2025-02-16,Ongoing,61,31.30163934,90.14257388,0.50042489,,16,,,,,,not_delivering,inactive,0.07553583,119.3375,2025-02-01,2025-02-28
"SK- LPU - Facebook + Insta + Whtsapp Ads",6612219196197,"2025-02-01 - 2025-02-28",35-44,male,"New Engagement ad set",not_delivering,adset,2240,5320,2.375,"7-day click or 1-day view","Messaging conversations started",11,604.25,54.93181818,2025-02-16,Ongoing,29,20.8362069,113.58082707,1.03383459,,11,,,,,,not_delivering,inactive,0.20676692,54.93181818,2025-02-01,2025-02-28
"SK- LPU - Facebook + Insta + Whtsapp Ads",6612219196197,"2025-02-01 - 2025-02-28",18-24,male,"New Engagement ad set",not_delivering,adset,14024,24842,1.7713919,"7-day click or 1-day view","Messaging conversations started",17,1411.43,83.02529412,2025-02-16,Ongoing,54,26.13759259,56.81627888,0.42267128,,17,,,,,,not_delivering,inactive,0.06843249,83.02529412,2025-02-01,2025-02-28
"SK- LPU - Facebook + Insta + Whtsapp Ads",6612219196197,"2025-02-01 - 2025-02-28",35-44,female,"New Engagement ad set",not_delivering,adset,1080,1980,1.83333333,"7-day click or 1-day view","Messaging conversations started",5,276.46,55.292,2025-02-16,Ongoing,10,27.646,139.62626263,0.80808081,,5,,,,,,not_delivering,inactive,0.25252525,55.292,2025-02-01,2025-02-28
"SK- LPU - Facebook + Insta + Whtsapp Ads",6612219196197,"2025-02-01 - 2025-02-28",18-24,female,"New Engagement ad set",not_delivering,adset,9288,17397,1.87306202,"7-day click or 1-day view","Messaging conversations started",4,868.63,217.1575,2025-02-16,Ongoing,25,34.7452,49.92987297,0.27590964,,4,,,,,,not_delivering,inactive,0.02299247,217.1575,2025-02-01,2025-02-28
