"Campaign name","Campaign ID",Placement,Platform,"Delivery status","Delivery level",Reach,Impressions,Frequency,"Attribution setting","Result type",Results,"Amount spent (INR)","Cost per result",Starts,Ends,"Link clicks","CPC (cost per link click)","CPM (cost per 1,000 impressions)","CTR (all)","Messaging conversations replied","Messaging conversations started","Unique CTR (all)","Cost per lead",Leads,"Leads conversion value","Ad delivery","Ad set delivery","Campaign delivery","Result rate","Cost per messaging conversation started","Reporting starts","Reporting ends"
,,,,,,4623414,14050288,3.03894222,,,,404501.42,,,,54645,7.40235008,28.78954652,0.50887925,5,4716,1.19349035,,,,,,,,85.77214165,2023-07-20,2026-08-19
"FB Ads - 01/07/2026",6976611088797,"Instagram Reels",instagram,active,campaign,668678,1510010,2.258202,"7-day click or 1-day view","Messaging conversations started",367,30833.3555744,84.01459285,,,6935,4.44604983,20.41930555,0.49589076,,367,,,,,,,active,0.02430447,84.01459285,2023-07-20,2026-08-19
"FB Ads - 01/07/2026",6976611088797,Feed,instagram,active,campaign,544773,906369,1.66375536,"7-day click or 1-day view","Messaging conversations started",406,30442.41918064,74.98132803,,,6164,4.93874419,33.58722461,0.78367641,,406,,,,,,,active,0.04479412,74.98132803,2023-07-20,2026-08-19
"LPU Punjab - 13/05",6715753772997,"Instagram Reels",instagram,inactive,campaign,539184,1240515,2.30072665,"7-day click or 1-day view","Messaging conversations started",287,26098.58437467,90.93583406,,,1370,19.05006159,21.0385077,0.23087186,,287,,,,,,,inactive,0.02313555,90.93583406,2023-07-20,2026-08-19
"FB Ads - New Session - 27/04/2026",6910460698397,"Instagram Reels",instagram,inactive,campaign,450160,1096282,2.43531633,"7-day click or 1-day view","Messaging conversations started",390,23365.05787483,59.91040481,,,4520,5.16926059,21.31299964,0.47150277,,390,,,,,,,inactive,0.03557479,59.91040481,2023-07-20,2026-08-19
"FB Ads - New Session - 27/04/2026",6910460698397,Feed,instagram,inactive,campaign,267383,506072,1.89268577,"7-day click or 1-day view","Messaging conversations started",165,15320.36126544,92.85067434,,,1259,12.16867456,30.27308617,0.34224379,,165,,,,,,,inactive,0.03260406,92.85067434,2023-07-20,2026-08-19
"LPU Punjab - 13/05",6715753772997,Feed,instagram,inactive,campaign,178917,287608,1.60749398,"7-day click or 1-day view","Messaging conversations started",104,14462.75241501,139.06492707,,,1030,14.0415072,50.28633562,0.49303218,,104,,,,,,,inactive,0.03616033,139.06492707,2023-07-20,2026-08-19
"Feb Ads - 31st Jan",6861084796197,Feed,instagram,inactive,campaign,162561,258984,1.59314965,"7-day click or 1-day view","Messaging conversations started",60,12868.45713087,214.47428551,,,925,13.91184555,49.68823221,0.43245915,,60,,,,,,,inactive,0.02316745,214.47428551,2023-07-20,2026-08-19
"FB Ads - 14/06/2026",6959678385397,"Instagram Reels",instagram,inactive,campaign,290044,544398,1.8769497,"7-day click or 1-day view","Messaging conversations started",105,12258.44089199,116.74705611,,,1622,7.55760844,22.51742455,0.35892858,,105,,,,,,,inactive,0.01928736,116.74705611,2023-07-20,2026-08-19
"LPU Punjab - 13/05",6715753772997,"Instagram Stories",instagram,inactive,campaign,195043,323145,1.6567885,"7-day click or 1-day view","Messaging conversations started",108,10565.6445724,97.83004234,,,916,11.53454648,32.696296,0.3580436,,108,,,,,,,inactive,0.03342153,97.83004234,2023-07-20,2026-08-19
"LPU Punjab - 13/05",6715753772997,Feed,facebook,inactive,campaign,76405,130418,1.70693017,"7-day click or 1-day view","Messaging conversations started",40,10164.48552768,254.11213819,,,516,19.69861536,77.93775037,0.88561395,,40,,,,,,,inactive,0.03067061,254.11213819,2023-07-20,2026-08-19
"Feb Ads - 31st Jan",6861084796197,"Instagram Reels",instagram,inactive,campaign,222594,382411,1.71797533,"7-day click or 1-day view","Messaging conversations started",70,8081.68703881,115.45267198,,,1679,4.81339311,21.13351091,0.49397115,,70,,,,,,,inactive,0.01830491,115.45267198,2023-07-20,2026-08-19
"FB Ads - 14/06/2026",6959678385397,Feed,instagram,inactive,campaign,116606,162669,1.39503113,"7-day click or 1-day view","Messaging conversations started",51,6943.23253672,136.14181445,,,406,17.10155797,42.68319432,0.33319194,,51,,,,,,,inactive,0.03135201,136.14181445,2023-07-20,2026-08-19
"LPU - Sept",6804632076597,"Instagram Reels",instagram,inactive,campaign,137272,228473,1.66438167,"7-day click or 1-day view","Messaging conversations started",54,6673.57897651,123.58479586,,,178,37.49201672,29.20948636,0.16238243,,54,,,,,,,inactive,0.02363518,123.58479586,2023-07-20,2026-08-19
"LPU - Sept",6804632076597,Feed,instagram,inactive,campaign,85715,124901,1.45716619,"7-day click or 1-day view","Messaging conversations started",33,5507.78936734,166.9027081,,,423,13.02077865,44.09723995,0.45395954,,33,,,,,,,inactive,0.02642093,166.9027081,2023-07-20,2026-08-19
"Feb Ads - 31st Jan",6861084796197,Feed,facebook,inactive,campaign,64384,91147,1.41567781,"7-day click or 1-day view","Messaging conversations started",38,5023.15059043,132.18817343,,,422,11.90320045,55.11043249,0.8414978,,38,,,,,,,inactive,0.04169089,132.18817343,2023-07-20,2026-08-19
"Fb Ads -SK - 06/08/2026",6988772271597,"Instagram Reels",instagram,inactive,campaign,163964,271146,1.65369227,"7-day click or 1-day view","Messaging conversations started",64,4947.59462415,77.306166,,,1269,3.89881373,18.24697626,0.48608499,,64,,,,,,,inactive,0.02360352,77.306166,2023-07-20,2026-08-19
"FB Ads - 01/07/2026",6976611088797,Feed,facebook,active,campaign,94465,131676,1.39391309,"7-day click or 1-day view","Messaging conversations started",51,4676.15686429,91.68935028,,,960,4.87099673,35.51259808,1.23257086,,51,,,,,,,active,0.03873143,91.68935028,2023-07-20,2026-08-19
"Feb Ads - 31st Jan",6861084796197,"Facebook Reels",facebook,inactive,campaign,66945,110506,1.65069833,"7-day click or 1-day view","Messaging conversations started",49,4575.39964642,93.37550299,,,227,20.15594558,41.40408346,0.46332326,,49,,,,,,,inactive,0.04434148,93.37550299,2023-07-20,2026-08-19
"FB Ads - New Session - 27/04/2026",6910460698397,"Instagram Stories",instagram,inactive,campaign,88317,150591,1.70511906,"7-day click or 1-day view","Messaging conversations started",51,4554.7738871,89.3092919,,,803,5.67219662,30.24599005,0.6534255,,51,,,,,,,inactive,0.03386657,89.3092919,2023-07-20,2026-08-19
"LPU Online – 20/25",6723531168997,"Instagram Reels",instagram,inactive,campaign,71204,126230,1.77279366,"7-day click or 1-day view","Messaging conversations started",35,4517.75466908,129.07870483,,,162,27.8873745,35.78986508,0.24083023,,35,,,,,,,inactive,0.02772716,129.07870483,2023-07-20,2026-08-19
"FB Ads - 01/07/2026",6976611088797,Status,whatsapp,active,campaign,1349457,1354531,1.00376003,"7-day click or 1-day view","Messaging conversations started",715,4495.19853356,6.28699096,,,9602,0.46815232,3.31863836,0.82663298,,715,,,,,,,active,0.0527858,6.28699096,2023-07-20,2026-08-19
"FB Ads - 01/07/2026",6976611088797,"Instagram Stories",instagram,active,campaign,72449,100575,1.38821792,"7-day click or 1-day view","Messaging conversations started",40,4462.35883649,111.55897091,,,798,5.59192837,44.36846966,0.88988317,,40,,,,,,,active,0.03977131,111.55897091,2023-07-20,2026-08-19
"Fb Ads -SK - 06/08/2026",6988772271597,Feed,instagram,inactive,campaign,66238,88253,1.33236209,"7-day click or 1-day view","Messaging conversations started",36,4443.5136994,123.43093609,,,269,16.51863829,50.34971842,0.36372701,2,36,,,,,,,inactive,0.04079181,123.43093609,2023-07-20,2026-08-19
"SK-LPU-MAY 2025 – 1",6724323110197,"Instagram Reels",instagram,inactive,campaign,81703,137851,1.68722079,"7-day click or 1-day view","Messaging conversations started",20,3827.13340554,191.35667028,,,121,31.6292017,27.76282657,0.1697485,,20,,,,,,,inactive,0.01450842,191.35667028,2023-07-20,2026-08-19
"FB Ads - 01/07/2026",6976611088797,"Facebook Reels",facebook,active,campaign,58113,102841,1.76967288,"7-day click or 1-day view","Messaging conversations started",31,3328.46929618,107.3699773,,,245,13.58558896,32.3651977,0.43854105,,31,,,,,,,active,0.03014362,107.3699773,2023-07-20,2026-08-19
"LPU Punjab - 13/05",6715753772997,"Facebook Reels",facebook,inactive,campaign,28540,49811,1.74530484,"7-day click or 1-day view","Messaging conversations started",17,3300.90843387,194.17108435,,,75,44.01211245,66.26866423,0.31519142,,17,,,,,,,inactive,0.03412901,194.17108435,2023-07-20,2026-08-19
"SK-LPU-MAY 2025 – 1",6724323110197,Feed,instagram,inactive,campaign,56293,79389,1.41028192,"7-day click or 1-day view","Messaging conversations started",10,3102.09866011,310.20986601,,,230,13.48738548,39.07466601,0.39929965,,10,,,,,,,inactive,0.0125962,310.20986601,2023-07-20,2026-08-19
"Punjabi University",6642089283597,Feed,instagram,inactive,campaign,49504,92012,1.85867809,"7-day click or 1-day view","Messaging conversations started",82,2944.27,35.90573171,,,346,8.50945087,31.99876103,0.71077686,,82,,,,,,,inactive,0.08911881,35.90573171,2023-07-20,2026-08-19
"FB Ads - 23rd Jan",6857822968197,Feed,instagram,inactive,campaign,37440,56962,1.52142094,"7-day click or 1-day view","Messaging conversations started",14,2876.57280239,205.46948588,,,229,12.56145329,50.49985609,0.46522243,1,14,,,,,,,inactive,0.02457779,205.46948588,2023-07-20,2026-08-19
"FB Ads - 02/06/2026",6941440443997,"Instagram Reels",instagram,inactive,campaign,98810,130242,1.31810545,"7-day click or 1-day view","Messaging conversations started",33,2747.5319722,83.25854461,,,354,7.76138975,21.09559107,0.33015464,,33,,,,,,,inactive,0.02533745,83.25854461,2023-07-20,2026-08-19
"LPU - Sept",6804632076597,"Instagram Stories",instagram,inactive,campaign,44201,60693,1.37311373,"7-day click or 1-day view","Messaging conversations started",19,2741.95419433,144.31337865,,,188,14.58486274,45.17743717,0.3838993,,19,,,,,,,inactive,0.03130509,144.31337865,2023-07-20,2026-08-19
"FB Distance - 09/06/2026",6953152263197,"Instagram Reels",instagram,inactive,campaign,81086,118535,1.46184298,"7-day click or 1-day view","Messaging conversations started",17,2721.77,160.10411765,,,285,9.55007018,22.96174126,0.30033323,,17,,,,,,,inactive,0.01434176,160.10411765,2023-07-20,2026-08-19
"LPU Online – 20/25",6723531168997,Feed,instagram,inactive,campaign,23393,33231,1.42055316,"7-day click or 1-day view","Messaging conversations started",19,2702.69056411,142.2468718,,,159,16.99805386,81.33040126,0.61087539,,19,,,,,,,inactive,0.05717553,142.2468718,2023-07-20,2026-08-19
"LPU - Sept",6804632076597,Feed,facebook,inactive,campaign,19254,29564,1.53547315,"7-day click or 1-day view","Messaging conversations started",13,2506.27322561,192.79024812,,,108,23.20623357,84.77449687,0.72047084,,13,,,,,,,inactive,0.0439724,192.79024812,2023-07-20,2026-08-19
"LPU Distance Education Patiala",6668282295797,"Instagram Reels",instagram,inactive,campaign,64191,97387,1.51714415,"7-day click or 1-day view","Messaging conversations started",16,2499.12258461,156.19516154,,,79,31.6344631,25.66176784,0.20741988,,16,,,,,,,inactive,0.0164293,156.19516154,2023-07-20,2026-08-19
"LPU Online – 20/25",6723531168997,Feed,facebook,inactive,campaign,18177,31690,1.743412,"7-day click or 1-day view","Messaging conversations started",18,2378.50090038,132.13893891,,,176,13.51420966,75.05525088,1.05711581,,18,,,,,,,inactive,0.05680025,132.13893891,2023-07-20,2026-08-19
"LPU Patiala 19/04/2025",6675807605797,Feed,instagram,inactive,campaign,56035,77858,1.38945302,"7-day click or 1-day view","Messaging conversations started",20,2274.1640166,113.70820083,,,190,11.9692843,29.20912452,0.35192273,,20,,,,,,,inactive,0.02568779,113.70820083,2023-07-20,2026-08-19
"FB Ads - 23rd Jan",6857822968197,"Instagram Reels",instagram,inactive,campaign,49968,86843,1.7379723,"7-day click or 1-day view","Messaging conversations started",13,2188.76974127,168.36690317,,,342,6.39991152,25.20375553,0.48017687,2,13,,,,,,,inactive,0.01496954,168.36690317,2023-07-20,2026-08-19
"FB Ads Online - 31/07/2026",6986086789197,Feed,instagram,inactive,campaign,8736,11779,1.34832875,"7-day click or 1-day view","Messaging conversations started",11,2175.94549556,197.81322687,,,43,50.60338362,184.73091906,0.53485016,,11,,,,,,,inactive,0.09338654,197.81322687,2023-07-20,2026-08-19
"SK-LPU-MAY 2025",6699121217397,Feed,instagram,inactive,campaign,52928,74322,1.40420949,"7-day click or 1-day view","Messaging conversations started",19,2137.3,112.48947368,,,239,8.94267782,28.75729932,0.41979495,,19,,,,,,,inactive,0.02556444,112.48947368,2023-07-20,2026-08-19
"LPU Distance Education Patiala",6668282295797,Feed,instagram,inactive,campaign,37983,55257,1.4547824,"7-day click or 1-day view","Messaging conversations started",15,2042.16576896,136.1443846,,,153,13.34748869,36.95759395,0.4053785,,15,,,,,,,inactive,0.02714588,136.1443846,2023-07-20,2026-08-19
"CU Oonline - MAY 2025",6699345212397,"Instagram Reels",instagram,inactive,campaign,37785,54652,1.44639407,"7-day click or 1-day view","Messaging conversations started",23,1979.84897956,86.08039042,,,78,25.38267923,36.22646892,0.29459123,,23,,,,,,,inactive,0.04208446,86.08039042,2023-07-20,2026-08-19
"LPU Patiala 19/04/2025",6675807605797,"Instagram Reels",instagram,inactive,campaign,62086,89393,1.4398254,"7-day click or 1-day view","Messaging conversations started",24,1979.37238914,82.47384955,,,103,19.21720766,22.14236449,0.240511,,24,,,,,,,inactive,0.02684774,82.47384955,2023-07-20,2026-08-19
"AMITY Ads",6768967611397,"Instagram Reels",instagram,inactive,campaign,31072,41307,1.32939624,"7-day click or 1-day view","Messaging conversations started",7,1966.13,280.87571429,,,38,51.74026316,47.59798581,0.22998523,,7,,,,,,,inactive,0.01694628,280.87571429,2023-07-20,2026-08-19
"FB Ads - New Session - 27/04/2026",6910460698397,Feed,facebook,inactive,campaign,27135,46548,1.71542289,"7-day click or 1-day view","Messaging conversations started",26,1895.93085528,72.92041751,,,207,9.15908626,40.73066201,0.82710321,,26,,,,,,,inactive,0.05585632,72.92041751,2023-07-20,2026-08-19
"SK- LPU - Facebook + Insta + Whtsapp Ads",6612219196197,"Instagram Reels",instagram,inactive,campaign,26864,43265,1.61051965,"7-day click or 1-day view","Messaging conversations started",27,1871.8587884,69.32810327,,,51,36.7031135,43.2649668,0.3050965,,27,,,,,,,inactive,0.0624061,69.32810327,2023-07-20,2026-08-19
"Feb Ads - 31st Jan",6861084796197,"Instagram Stories",instagram,inactive,campaign,24704,30676,1.24174223,"7-day click or 1-day view","Messaging conversations started",14,1798.60379204,128.47169943,,,117,15.37268198,58.63227905,0.46942235,,14,,,,,,,inactive,0.04563828,128.47169943,2023-07-20,2026-08-19
"SK-LPU-MAY 2025 – 1",6724323110197,Feed,facebook,inactive,campaign,18754,26504,1.41324517,"7-day click or 1-day view","Messaging conversations started",12,1785.14554852,148.76212904,,,89,20.05781515,67.35381635,0.69423483,,12,,,,,,,inactive,0.04527618,148.76212904,2023-07-20,2026-08-19
"FB Ads Online - 31/07/2026",6986086789197,"Instagram Reels",instagram,inactive,campaign,44063,76480,1.73569662,"7-day click or 1-day view","Messaging conversations started",12,1778.05997635,148.1716647,,,168,10.58369034,23.24869216,0.25758368,,12,,,,,,,inactive,0.01569038,148.1716647,2023-07-20,2026-08-19
"FB Ads - 02/06/2026",6941440443997,Feed,instagram,inactive,campaign,44797,53832,1.20168761,"7-day click or 1-day view","Messaging conversations started",14,1774.77543585,126.76967399,,,97,18.29665398,32.96878132,0.29536335,,14,,,,,,,inactive,0.02600684,126.76967399,2023-07-20,2026-08-19
"SK-LPU-MAY 2025 – 1",6724323110197,"Instagram Stories",instagram,inactive,campaign,36451,49507,1.35817947,"7-day click or 1-day view","Messaging conversations started",4,1679.31047664,419.82761916,,,153,10.97588547,33.92066731,0.35550528,,4,,,,,,,inactive,0.00807967,419.82761916,2023-07-20,2026-08-19
"SK- LPU - Facebook + Insta + Whtsapp Ads",6612219196197,Feed,instagram,inactive,campaign,8661,11930,1.37743909,"7-day click or 1-day view","Messaging conversations started",19,1659.16459142,87.32445218,,,65,25.5256091,139.07498671,0.80469405,,19,,,,,,,inactive,0.15926236,87.32445218,2023-07-20,2026-08-19
"AMITY Ads",6768967611397,Feed,instagram,inactive,campaign,11488,14212,1.23711699,"7-day click or 1-day view","Messaging conversations started",4,1643.05,410.7625,,,77,21.33831169,115.61004785,0.7669575,,4,,,,,,,inactive,0.02814523,410.7625,2023-07-20,2026-08-19
"AMITY Ads",6768967611397,Feed,facebook,inactive,campaign,8352,10539,1.26185345,"7-day click or 1-day view","Messaging conversations started",5,1614.39,322.878,,,67,24.09537313,153.18246513,1.12913939,,5,,,,,,,inactive,0.04744283,322.878,2023-07-20,2026-08-19
"SK-LPU-MAY 2025",6699121217397,"Instagram Reels",instagram,inactive,campaign,58400,88945,1.52303082,"7-day click or 1-day view","Messaging conversations started",10,1568.77,156.877,,,52,30.16865385,17.63752881,0.1506549,,10,,,,,,,inactive,0.0112429,156.877,2023-07-20,2026-08-19
"Punjabi University",6642089283597,"Instagram Reels",instagram,inactive,campaign,45792,82230,1.79572851,"7-day click or 1-day view","Messaging conversations started",41,1552.07,37.85536585,,,122,12.72188525,18.87474158,0.39644898,,41,,,,,,,inactive,0.04986015,37.85536585,2023-07-20,2026-08-19
"FB Ads - 14/06/2026",6959678385397,"Instagram Stories",instagram,inactive,campaign,30080,36005,1.19697473,"7-day click or 1-day view","Messaging conversations started",9,1501.04541523,166.78282391,,,336,4.46739707,41.68991571,1.02485766,,9,,,,,,,inactive,0.02499653,166.78282391,2023-07-20,2026-08-19
"FB Ads - 14/06/2026",6959678385397,"Facebook Reels",facebook,inactive,campaign,25152,46655,1.85492207,"7-day click or 1-day view","Messaging conversations started",14,1434.06606603,102.43329043,,,53,27.0578503,30.73767155,0.28292787,,14,,,,,,,inactive,0.0300075,102.43329043,2023-07-20,2026-08-19
"LPU Online – 20/25",6723531168997,"Instagram Stories",instagram,inactive,campaign,15329,20347,1.32735338,"7-day click or 1-day view","Messaging conversations started",14,1429.05259842,102.0751856,,,67,21.32914326,70.23406883,0.39809308,,14,,,,,,,inactive,0.06880621,102.0751856,2023-07-20,2026-08-19
"FB Ads - New Session - 27/04/2026",6910460698397,"Facebook Reels",facebook,inactive,campaign,24831,42525,1.71257702,"7-day click or 1-day view","Messaging conversations started",16,1400.24893283,87.5155583,,,77,18.18505108,32.9276645,0.40917108,,16,,,,,,,inactive,0.03762493,87.5155583,2023-07-20,2026-08-19
"FB Distance - 09/06/2026",6953152263197,Feed,instagram,inactive,campaign,26847,33133,1.23414162,"7-day click or 1-day view","Messaging conversations started",8,1396.73,174.59125,,,84,16.6277381,42.15525307,0.38028552,,8,,,,,,,inactive,0.02414511,174.59125,2023-07-20,2026-08-19
"Punjabi University",6642089283597,Feed,facebook,inactive,campaign,13600,26889,1.97713235,"7-day click or 1-day view","Messaging conversations started",55,1345.09,24.45618182,,,190,7.07942105,50.02380155,1.69957975,,55,,,,,,,inactive,0.20454461,24.45618182,2023-07-20,2026-08-19
"MBA - Degreecraft",6830713058997,"Instagram Reels",instagram,inactive,campaign,34417,46148,1.340849,"7-day click or 1-day view","Messaging conversations started",6,1275.00395797,212.50065966,,,146,8.73290382,27.62858538,0.42038658,,6,,,,,,,inactive,0.01300165,212.50065966,2023-07-20,2026-08-19
DegreeCraft,6769014077597,Feed,facebook,inactive,campaign,6040,8436,1.39668874,"7-day click or 1-day view","Messaging conversations started",14,1236.28,88.30571429,,,60,20.60466667,146.54812707,1.31578947,,14,,,,,,,inactive,0.16595543,88.30571429,2023-07-20,2026-08-19
"FB Ads - 14/06/2026",6959678385397,Feed,facebook,inactive,campaign,16960,24384,1.43773585,"7-day click or 1-day view","Messaging conversations started",9,1236.06798986,137.34088776,,,93,13.29105365,50.69176468,0.84891732,,9,,,,,,,inactive,0.03690945,137.34088776,2023-07-20,2026-08-19
DegreeCraft,6769014077597,"Instagram Reels",instagram,inactive,campaign,11672,16147,1.38339616,"7-day click or 1-day view","Messaging conversations started",13,1231.47,94.72846154,,,29,42.46448276,76.26617948,0.34681365,,13,,,,,,,inactive,0.08051031,94.72846154,2023-07-20,2026-08-19
"JGND - Punjab - MAY 2025",6699157867197,Feed,facebook,inactive,campaign,11856,17037,1.43699393,"7-day click or 1-day view","Messaging conversations started",29,1231.14,42.45310345,,,160,7.694625,72.26272231,1.7315255,,29,,,,,,,inactive,0.17021776,42.45310345,2023-07-20,2026-08-19
"CU Oonline - MAY 2025",6699345212397,Feed,instagram,inactive,campaign,15248,18794,1.23255509,"7-day click or 1-day view","Messaging conversations started",10,1212.20430933,121.22043093,,,90,13.46893677,64.49953758,0.62785996,,10,,,,,,,inactive,0.05320847,121.22043093,2023-07-20,2026-08-19
"MBA - Degreecraft",6830713058997,Feed,instagram,inactive,campaign,7664,10914,1.42406054,"7-day click or 1-day view","Messaging conversations started",5,1154.62980786,230.92596157,,,52,22.20441938,105.79345866,0.55891515,,5,,,,,,,inactive,0.04581272,230.92596157,2023-07-20,2026-08-19
"Punjabi University",6642089283597,"Instagram Stories",instagram,inactive,campaign,25568,45279,1.77092459,"7-day click or 1-day view","Messaging conversations started",29,1091.48,37.63724138,,,101,10.80673267,24.10565604,0.49471057,,29,,,,,,,inactive,0.06404735,37.63724138,2023-07-20,2026-08-19
"LPU Distance Education Patiala",6668282295797,Feed,facebook,inactive,campaign,14528,23804,1.63849119,"7-day click or 1-day view","Messaging conversations started",8,1066.21256999,133.27657125,,,89,11.97991652,44.79131953,0.77297933,,8,,,,,,,inactive,0.0336078,133.27657125,2023-07-20,2026-08-19
"SK-LPU-MAY 2025",6699121217397,"Instagram Stories",instagram,inactive,campaign,25664,36460,1.42066708,"7-day click or 1-day view","Messaging conversations started",10,962.57,96.257,,,136,7.07772059,26.40071311,0.40043884,,10,,,,,,,inactive,0.02742732,96.257,2023-07-20,2026-08-19
"LPU Online – 20/25",6723531168997,"Facebook Reels",facebook,inactive,campaign,8928,15403,1.72524642,"7-day click or 1-day view","Messaging conversations started",8,950.51833386,118.81479173,,,31,30.66188174,61.70994831,0.37655002,,8,,,,,,,inactive,0.05193793,118.81479173,2023-07-20,2026-08-19
Skies,6832539425197,"Instagram Reels",instagram,inactive,campaign,4182,6755,1.61525586,"7-day click or 1-day view","Messaging conversations started",5,937.15913338,187.43182668,,,32,29.28622292,138.735623,0.65136936,,5,,,,,,,inactive,0.07401925,187.43182668,2023-07-20,2026-08-19
"FB Online Ads - 13/05/2026",6924458397597,Feed,instagram,inactive,campaign,7416,10160,1.37001079,"7-day click or 1-day view","Messaging conversations started",2,925.15748587,462.57874293,,,53,17.45580162,91.05880766,0.61023622,,2,,,,,,,inactive,0.01968504,462.57874293,2023-07-20,2026-08-19
"LPU Patiala 19/04/2025",6675807605797,Feed,facebook,inactive,campaign,16714,23584,1.41103267,"7-day click or 1-day view","Messaging conversations started",17,923.23750819,54.30808872,,,121,7.63006205,39.14677358,0.93283582,,17,,,,,,,inactive,0.07208277,54.30808872,2023-07-20,2026-08-19
"LPU Distance Education Patiala",6668282295797,"Instagram Stories",instagram,inactive,campaign,15008,22089,1.47181503,"7-day click or 1-day view","Messaging conversations started",3,922.63357053,307.54452351,,,47,19.6305015,41.76891532,0.32142695,,3,,,,,,,inactive,0.01358142,307.54452351,2023-07-20,2026-08-19
"SK- LPU - Facebook + Insta + Whtsapp Ads",6612219196197,Feed,facebook,inactive,campaign,2405,3868,1.60831601,"7-day click or 1-day view","Messaging conversations started",10,922.33754568,92.23375457,,,44,20.96221695,238.45334687,1.99069286,,10,,,,,,,inactive,0.25853154,92.23375457,2023-07-20,2026-08-19
"MBA - Degreecraft",6830713058997,Feed,facebook,inactive,campaign,8224,10732,1.30496109,"7-day click or 1-day view","Messaging conversations started",1,884.56049675,884.56049675,,,44,20.10364765,82.42270749,0.93179277,,1,,,,,,,inactive,0.00931793,884.56049675,2023-07-20,2026-08-19
"FB Ads - 03/08/2026",6987226896197,"Instagram Reels",instagram,inactive,campaign,25854,28976,1.12075501,"7-day click or 1-day view","Messaging conversations started",8,874.58698637,109.3233733,,,103,8.49113579,30.1831511,0.38997791,,8,,,,,,,inactive,0.02760906,109.3233733,2023-07-20,2026-08-19
"LPU Punjab - 13/05",6715753772997,"Facebook Stories",facebook,inactive,campaign,11006,15674,1.42413229,"7-day click or 1-day view","Messaging conversations started",6,872.96735444,145.49455907,,,80,10.91209193,55.69525038,0.56781932,,6,,,,,,,inactive,0.03827995,145.49455907,2023-07-20,2026-08-19
"FB Online Ads - 13/05/2026",6924458397597,"Instagram Reels",instagram,inactive,campaign,22399,32636,1.45702933,"7-day click or 1-day view","Messaging conversations started",8,860.97835398,107.62229425,,,160,5.38111471,26.38124629,0.56379458,,8,,,,,,,inactive,0.02451281,107.62229425,2023-07-20,2026-08-19
DegreeCraft,6769014077597,Feed,instagram,inactive,campaign,5312,6377,1.20048946,"7-day click or 1-day view","Messaging conversations started",10,855.5,85.55,,,28,30.55357143,134.1539909,0.54884742,,10,,,,,,,inactive,0.15681355,85.55,2023-07-20,2026-08-19
"JGND - Punjab - MAY 2025",6699157867197,"Instagram Reels",instagram,inactive,campaign,30384,37290,1.22729068,"7-day click or 1-day view","Messaging conversations started",10,844.02,84.402,,,46,18.34826087,22.63395012,0.29230357,,10,,,,,,,inactive,0.02681684,84.402,2023-07-20,2026-08-19
"Fb Ads -SK - 06/08/2026",6988772271597,Feed,facebook,inactive,campaign,9664,13360,1.38245033,"7-day click or 1-day view","Messaging conversations started",8,841.36147051,105.17018381,,,116,7.25311613,62.97615797,1.29491018,,8,,,,,,,inactive,0.05988024,105.17018381,2023-07-20,2026-08-19
"SKIES - 03/05/2026",6915936952597,Feed,facebook,inactive,campaign,3144,4961,1.57792621,"7-day click or 1-day view","Messaging conversations started",7,838.37656412,119.76808059,,,41,20.44820888,168.99346183,1.61257811,,7,,,,,,,inactive,0.14110058,119.76808059,2023-07-20,2026-08-19
"FB Ads - 23rd Jan",6857822968197,Feed,facebook,inactive,campaign,10704,14620,1.36584454,"7-day click or 1-day view","Messaging conversations started",2,801.60356759,400.8017838,,,55,14.57461032,54.82924539,0.90287278,,2,,,,,,,inactive,0.01367989,400.8017838,2023-07-20,2026-08-19
"Fb Ads -SK - 06/08/2026",6988772271597,"Facebook Reels",facebook,inactive,campaign,12736,19538,1.53407663,"7-day click or 1-day view","Messaging conversations started",7,785.12471423,112.16067346,,,42,18.69344558,40.18449761,0.38898557,,7,,,,,,,inactive,0.03582762,112.16067346,2023-07-20,2026-08-19
"New Engagement campaign",6931637948197,Feed,instagram,inactive,campaign,8732,11859,1.35810811,"7-day click or 1-day view","Messaging conversations started",3,770.63492388,256.87830796,,,43,17.92174242,64.98312875,0.57340417,,3,,,,,,,inactive,0.02529724,256.87830796,2023-07-20,2026-08-19
"FB Ads - 03/08/2026",6987226896197,Feed,instagram,inactive,campaign,11951,12955,1.08400971,"7-day click or 1-day view","Messaging conversations started",2,725.24091622,362.62045811,,,30,24.17469721,55.98154506,0.34735623,,2,,,,,,,inactive,0.01543805,362.62045811,2023-07-20,2026-08-19
Skies,6832539425197,Feed,facebook,inactive,campaign,1278,1868,1.46165884,"7-day click or 1-day view","Messaging conversations started",4,722.77475643,180.69368911,,,22,32.85339802,386.92438781,1.92719486,,4,,,,,,,inactive,0.21413276,180.69368911,2023-07-20,2026-08-19
"SK- LPU - Facebook + Insta + Whtsapp Ads",6612219196197,"Facebook Reels",facebook,inactive,campaign,5755,10600,1.84187663,"7-day click or 1-day view","Messaging conversations started",7,699.27338269,99.89619753,,,16,43.70458642,65.96918705,0.44339623,,7,,,,,,,inactive,0.06603774,99.89619753,2023-07-20,2026-08-19
"JGND - Punjab - MAY 2025",6699157867197,Feed,instagram,inactive,campaign,9472,10941,1.15508868,"7-day click or 1-day view","Messaging conversations started",7,696.08,99.44,,,44,15.82,63.6212412,0.5940956,,7,,,,,,,inactive,0.06397953,99.44,2023-07-20,2026-08-19
"FB Ads - 02/06/2026",6941440443997,"Instagram Stories",instagram,inactive,campaign,14335,16439,1.14677363,"7-day click or 1-day view","Messaging conversations started",8,670.72071675,83.84008959,,,103,6.51185162,40.80057891,0.74822069,,8,,,,,,,inactive,0.04866476,83.84008959,2023-07-20,2026-08-19
"FB Ads - 22/03/2026",6887028626197,"Instagram Reels",instagram,inactive,campaign,20088,26377,1.31307248,"7-day click or 1-day view","Messaging conversations started",6,667.95353945,111.32558991,,,111,6.01759945,25.32333243,0.4776889,,6,,,,,,,inactive,0.02274709,111.32558991,2023-07-20,2026-08-19
Skies,6832539425197,Feed,instagram,inactive,campaign,882,1509,1.71088435,"7-day click or 1-day view","Messaging conversations started",2,665.19358083,332.59679042,,,8,83.1491976,440.81748233,1.25911199,,2,,,,,,,inactive,0.1325381,332.59679042,2023-07-20,2026-08-19
"Fb Ads -SK - 06/08/2026",6988772271597,"Instagram Stories",instagram,inactive,campaign,9792,10663,1.08895016,"7-day click or 1-day view","Messaging conversations started",5,661.03187187,132.20637437,,,57,11.59705038,61.9930481,0.58144987,,5,,,,,,,inactive,0.04689112,132.20637437,2023-07-20,2026-08-19
"FB Ads - 22/03/2026",6887028626197,Feed,instagram,inactive,campaign,9560,11735,1.22751046,"7-day click or 1-day view","Messaging conversations started",3,655.603474,218.53449133,,,40,16.39008685,55.86736038,0.40903281,,3,,,,,,,inactive,0.02556455,218.53449133,2023-07-20,2026-08-19
"New Engagement campaign",6931637948197,"Instagram Reels",instagram,inactive,campaign,12600,18418,1.46174603,"7-day click or 1-day view","Messaging conversations started",2,645.34501358,322.67250679,,,95,6.79310541,35.03882146,0.62438918,,2,,,,,,,inactive,0.01085894,322.67250679,2023-07-20,2026-08-19
"LPU Patiala 19/04/2025",6675807605797,"Instagram Stories",instagram,inactive,campaign,12744,17712,1.38983051,"7-day click or 1-day view","Messaging conversations started",3,636.13035462,212.04345154,,,33,19.27667741,35.91521876,0.26535682,,3,,,,,,,inactive,0.01693767,212.04345154,2023-07-20,2026-08-19
"FB Ads - 01/07/2026",6976611088797,"Facebook Stories",facebook,active,campaign,10240,11304,1.10390625,"7-day click or 1-day view","Messaging conversations started",5,630.20418661,126.04083732,,,134,4.70301632,55.75054729,1.32696391,,5,,,,,,,active,0.04423213,126.04083732,2023-07-20,2026-08-19
"SKIES - 03/05/2026",6915936952597,"Facebook Reels",facebook,inactive,campaign,1968,3598,1.82825203,"7-day click or 1-day view","Messaging conversations started",8,602.83191038,75.3539888,,,14,43.05942217,167.54638977,0.91717621,,8,,,,,,,inactive,0.22234575,75.3539888,2023-07-20,2026-08-19
"FB Distance - 09/06/2026",6953152263197,"Instagram Stories",instagram,inactive,campaign,13216,16235,1.22843523,"7-day click or 1-day view","Messaging conversations started",3,592.99,197.66333333,,,177,3.35022599,36.52540807,1.19494918,,3,,,,,,,inactive,0.0184786,197.66333333,2023-07-20,2026-08-19
"AMITY Ads",6768967611397,"Instagram Stories",instagram,inactive,campaign,5616,6678,1.18910256,"7-day click or 1-day view","Messaging conversations started",2,581.79,290.895,,,19,30.62052632,87.12039533,0.35938904,,2,,,,,,,inactive,0.02994909,290.895,2023-07-20,2026-08-19
"LPU Punjab - 13/05",6715753772997,Explore,instagram,inactive,campaign,20093,26537,1.3207087,"7-day click or 1-day view","Messaging conversations started",5,579.79190183,115.95838037,,,68,8.5263515,21.84843433,0.39944229,,5,,,,,,,inactive,0.01884162,115.95838037,2023-07-20,2026-08-19
"JGND - Punjab - MAY 2025",6699157867197,"Facebook Reels",facebook,inactive,campaign,8400,13468,1.60333333,"7-day click or 1-day view","Messaging conversations started",11,579.34,52.66727273,,,30,19.31133333,43.01603802,0.54202554,,11,,,,,,,inactive,0.08167508,52.66727273,2023-07-20,2026-08-19
"FB - March 2026",6882906768197,Feed,instagram,inactive,campaign,10944,12684,1.15899123,"7-day click or 1-day view","Messaging conversations started",3,574.975681,191.65856033,,,30,19.16585603,45.33078532,0.28382214,,3,,,,,,,inactive,0.02365184,191.65856033,2023-07-20,2026-08-19
"FB Ads Online - 31/07/2026",6986086789197,Feed,facebook,inactive,campaign,3728,5451,1.46217811,"7-day click or 1-day view","Messaging conversations started",2,551.87378507,275.93689253,,,34,16.23158191,101.24266833,1.21078701,,2,,,,,,,inactive,0.03669052,275.93689253,2023-07-20,2026-08-19
MMU,6671478791197,Feed,instagram,inactive,campaign,7068,8729,1.23500283,"7-day click or 1-day view","Messaging conversations started",3,535.85,178.61666667,,,27,19.8462963,61.38732959,0.5384351,,3,,,,,,,inactive,0.0343682,178.61666667,2023-07-20,2026-08-19
"SK-LPU-MAY 2025 – 1",6724323110197,"Facebook Stories",facebook,inactive,campaign,6113,9894,1.61851791,"7-day click or 1-day view","Messaging conversations started",2,519.06487485,259.53243743,,,45,11.534775,52.46259095,0.62664241,,2,,,,,,,inactive,0.02021427,259.53243743,2023-07-20,2026-08-19
"FB Ads Online - 07/08/2026",6989431968797,"Instagram Reels",instagram,inactive,campaign,18544,22736,1.22605695,"7-day click or 1-day view","Messaging conversations started",3,518.77,172.92333333,,,100,5.1877,22.81711823,0.48821253,,3,,,,,,,inactive,0.01319493,172.92333333,2023-07-20,2026-08-19
DegreeCraft,6769014077597,"Facebook Reels",facebook,inactive,campaign,3024,4271,1.41236772,"7-day click or 1-day view","Messaging conversations started",7,517.95,73.99285714,,,16,32.371875,121.27136502,0.63217045,,7,,,,,,,inactive,0.16389604,73.99285714,2023-07-20,2026-08-19
"SK- LPU - Facebook + Insta + Whtsapp Ads",6612219196197,"Instagram Stories",instagram,inactive,campaign,2858,4186,1.4646606,"7-day click or 1-day view","Messaging conversations started",1,515.93078509,515.93078509,,,15,34.39538567,123.25150145,0.47778309,,1,,,,,,,inactive,0.02388915,515.93078509,2023-07-20,2026-08-19
"MMU - New",6673302606797,Feed,instagram,inactive,campaign,6396,7603,1.18871169,"7-day click or 1-day view","Messaging conversations started",6,497.58,82.93,,,38,13.09421053,65.44521899,0.64448244,,6,,,,,,,inactive,0.07891622,82.93,2023-07-20,2026-08-19
"CU Oonline - MAY 2025",6699345212397,"Instagram Stories",instagram,inactive,campaign,6759,7826,1.15786359,"7-day click or 1-day view","Messaging conversations started",2,470.12744727,235.06372363,,,15,31.34182982,60.07250796,0.35778175,,2,,,,,,,inactive,0.02555584,235.06372363,2023-07-20,2026-08-19
"LPU Page Ads - May 2025",6699045369797,"Instagram Reels",instagram,inactive,campaign,20368,23069,1.13260998,"7-day click or 1-day view","Messaging conversations started",2,448.53,224.265,,,29,15.46655172,19.44297542,0.22541072,,2,,,,,,,inactive,0.00866964,224.265,2023-07-20,2026-08-19
"LPU - Sept",6804632076597,"Facebook Stories",facebook,inactive,campaign,4925,7578,1.5386802,"7-day click or 1-day view","Messaging conversations started",2,442.91268449,221.45634224,,,54,8.20208675,58.44717399,0.75217736,,2,,,,,,,inactive,0.02639219,221.45634224,2023-07-20,2026-08-19
"CU Oonline - MAY 2025",6699345212397,Feed,facebook,inactive,campaign,1970,3202,1.62538071,"7-day click or 1-day view","Messaging conversations started",6,442.51821723,73.75303621,,,18,24.5843454,138.20056753,1.06183635,,6,,,,,,,inactive,0.18738289,73.75303621,2023-07-20,2026-08-19
"FB - March 2026",6882906768197,"Instagram Reels",instagram,inactive,campaign,17872,20316,1.13675022,"7-day click or 1-day view","Messaging conversations started",8,433.78937499,54.22367187,,,144,3.01242622,21.35210548,0.78755661,,8,,,,,,,inactive,0.03937783,54.22367187,2023-07-20,2026-08-19
"FB - March 2026 – Copy",6882908660797,Feed,facebook,inactive,campaign,3842,5034,1.31025508,"7-day click or 1-day view","Messaging conversations started",9,430.87,47.87444444,,,38,11.33868421,85.59197457,1.09257052,,9,,,,,,,inactive,0.17878427,47.87444444,2023-07-20,2026-08-19
"LPU Punjab",6641565898197,"In-stream reels",facebook,inactive,campaign,60849,88765,1.458775,"7-day click or 1-day view","Link clicks",651,403.80780335,0.62028848,,,651,0.62028848,4.5491782,0.73339717,,,,,,,,,inactive,0.73339717,,2023-07-20,2026-08-19
"MMU - New",6673302606797,Feed,facebook,inactive,campaign,3732,4713,1.26286174,"7-day click or 1-day view","Messaging conversations started",4,402.44,100.61,,,35,11.49828571,85.38934861,1.16698494,,4,,,,,,,inactive,0.08487163,100.61,2023-07-20,2026-08-19
"LPU Distance Education Patiala",6668282295797,"Facebook Reels",facebook,inactive,campaign,6848,11871,1.73349883,"7-day click or 1-day view","Messaging conversations started",1,400.97720575,400.97720575,,,15,26.73181372,33.77787935,0.37065117,,1,,,,,,,inactive,0.00842389,400.97720575,2023-07-20,2026-08-19
"Feb Ads - 31st Jan",6861084796197,"Facebook Stories",facebook,inactive,campaign,5048,5048,1,"7-day click or 1-day view","Messaging conversations started",3,398.32083979,132.77361326,,,38,10.48212736,78.90666398,0.83201268,,3,,,,,,,inactive,0.05942948,132.77361326,2023-07-20,2026-08-19
"FB Ads Online - 31/07/2026",6986086789197,"Instagram Stories",instagram,inactive,campaign,3232,4204,1.30074257,"7-day click or 1-day view","Messaging conversations started",1,389.44561425,389.44561425,,,45,8.65434698,92.63692061,1.16555661,,1,,,,,,,inactive,0.02378687,389.44561425,2023-07-20,2026-08-19
"SK-LPU-MAY 2025",6699121217397,Feed,facebook,inactive,campaign,4416,6257,1.41689312,"7-day click or 1-day view","Messaging conversations started",,385.6,,,,17,22.68235294,61.62697778,0.5593735,,,,,,,,,inactive,,,2023-07-20,2026-08-19
"FB Ads - 23rd Jan",6857822968197,"Facebook Reels",facebook,inactive,campaign,5488,8254,1.50400875,"7-day click or 1-day view","Messaging conversations started",3,375.4116708,125.1372236,,,15,25.02744472,45.48239288,0.33922946,,3,,,,,,,inactive,0.03634601,125.1372236,2023-07-20,2026-08-19
"FB Ads - 02/06/2026",6941440443997,Feed,facebook,inactive,campaign,6144,7688,1.25130208,"7-day click or 1-day view","Messaging conversations started",1,353.58510613,353.58510613,,,32,11.04953457,45.99181922,0.71540062,,1,,,,,,,inactive,0.01300728,353.58510613,2023-07-20,2026-08-19
"FB Ads Online - 31/07/2026",6986086789197,"Facebook Reels",facebook,inactive,campaign,2720,4409,1.62095588,"7-day click or 1-day view","Messaging conversations started",,352.93602541,,,,3,117.6453418,80.04899646,0.15876616,,,,,,,,,inactive,,,2023-07-20,2026-08-19
"LPU - 26/04",6685419908397,"Instagram Reels",instagram,inactive,campaign,14200,17677,1.24485915,"7-day click or 1-day view","Messaging conversations started",,351.74357398,,,,16,21.98397337,19.89837495,0.1979974,,,,,,,,,inactive,,,2023-07-20,2026-08-19
"Punjabi University",6642089283597,"Facebook Reels",facebook,inactive,campaign,5440,11609,2.13400735,"7-day click or 1-day view","Messaging conversations started",11,341.79,31.07181818,,,29,11.78586207,29.44181239,0.6718925,,11,,,,,,,inactive,0.09475407,31.07181818,2023-07-20,2026-08-19
"AMITY Ads",6768967611397,"Facebook Reels",facebook,inactive,campaign,1632,2122,1.3002451,"7-day click or 1-day view","Messaging conversations started",3,338.56,112.85333333,,,8,42.32,159.54759661,0.61262959,,3,,,,,,,inactive,0.14137606,112.85333333,2023-07-20,2026-08-19
"FB Ads Online - 07/08/2026",6989431968797,Feed,instagram,inactive,campaign,3040,3394,1.11644737,"7-day click or 1-day view","Messaging conversations started",2,335.76,167.88,,,10,33.576,98.92751915,0.38302887,,2,,,,,,,inactive,0.05892752,167.88,2023-07-20,2026-08-19
MMU,6671478791197,"Instagram Reels",instagram,inactive,campaign,11080,12958,1.16949458,"7-day click or 1-day view","Messaging conversations started",5,331.39,66.278,,,21,15.78047619,25.57416268,0.23151721,,5,,,,,,,inactive,0.0385862,66.278,2023-07-20,2026-08-19
"LPU Patiala 19/04/2025",6675807605797,"Facebook Reels",facebook,inactive,campaign,4547,8679,1.90873103,"7-day click or 1-day view","Messaging conversations started",3,322.81794437,107.60598146,,,15,21.52119629,37.19529259,0.3917502,,3,,,,,,,inactive,0.03456619,107.60598146,2023-07-20,2026-08-19
"FB Distance - 09/06/2026",6953152263197,Feed,facebook,inactive,campaign,5024,5907,1.17575637,"7-day click or 1-day view","Messaging conversations started",3,318.82,106.27333333,,,27,11.80814815,53.97325207,0.88031149,,3,,,,,,,inactive,0.0507872,106.27333333,2023-07-20,2026-08-19
"FB Ads - 23rd Jan",6857822968197,"Instagram Stories",instagram,inactive,campaign,4464,6098,1.36603943,"7-day click or 1-day view","Messaging conversations started",4,317.6214136,79.4053534,,,25,12.70485654,52.08616163,0.49196458,,4,,,,,,,inactive,0.06559528,79.4053534,2023-07-20,2026-08-19
"FB Distance - 09/06/2026",6953152263197,"Facebook Reels",facebook,inactive,campaign,6240,8880,1.42307692,"7-day click or 1-day view","Messaging conversations started",3,314.3,104.76666667,,,16,19.64375,35.39414414,0.36036036,,3,,,,,,,inactive,0.03378378,104.76666667,2023-07-20,2026-08-19
"MBA - Degreecraft",6830713058997,"Facebook Reels",facebook,inactive,campaign,2720,3896,1.43235294,"7-day click or 1-day view","Messaging conversations started",1,308.3906323,308.3906323,,,6,51.39843872,79.15570644,0.38501027,,1,,,,,,,inactive,0.02566735,308.3906323,2023-07-20,2026-08-19
"MBA - Degreecraft",6830713058997,"Instagram Stories",instagram,inactive,campaign,3104,4083,1.31539948,"7-day click or 1-day view","Messaging conversations started",,300.49035992,,,,16,18.7806475,73.59548369,0.46534411,,,,,,,,,inactive,,,2023-07-20,2026-08-19
"LPU - Sept",6804632076597,"Facebook Reels",facebook,inactive,campaign,3646,5863,1.60806363,"7-day click or 1-day view","Messaging conversations started",3,298.28731843,99.42910614,,,14,21.30623703,50.87622692,0.52873955,,3,,,,,,,inactive,0.05116834,99.42910614,2023-07-20,2026-08-19
"LPU - 26/04",6685419908397,Feed,instagram,inactive,campaign,6848,8194,1.19655374,"7-day click or 1-day view","Messaging conversations started",3,295.85300609,98.6176687,,,22,13.44786391,36.10605395,0.3783256,,3,,,,,,,inactive,0.03661216,98.6176687,2023-07-20,2026-08-19
"FB - March 2026",6882906768197,Feed,facebook,inactive,campaign,3568,4092,1.14686099,"7-day click or 1-day view","Messaging conversations started",3,287.88285815,95.96095272,,,33,8.72372297,70.35260463,1.36852395,,3,,,,,,,inactive,0.07331378,95.96095272,2023-07-20,2026-08-19
"JGND - Punjab - MAY 2025",6699157867197,"Instagram Stories",instagram,inactive,campaign,5344,5917,1.10722305,"7-day click or 1-day view","Messaging conversations started",4,272.03,68.0075,,,14,19.43071429,45.97431131,0.37181004,,4,,,,,,,inactive,0.06760183,68.0075,2023-07-20,2026-08-19
"FB Ads - 22/03/2026",6887028626197,Feed,facebook,inactive,campaign,3096,4245,1.37112403,"7-day click or 1-day view","Messaging conversations started",1,270.63143406,270.63143406,,,23,11.76658409,63.752988,1.0836278,,1,,,,,,,inactive,0.02355713,270.63143406,2023-07-20,2026-08-19
"SK-LPU-MAY 2025 – 1",6724323110197,"Facebook Reels",facebook,inactive,campaign,2720,4430,1.62867647,"7-day click or 1-day view","Messaging conversations started",,256.96231426,,,,4,64.24057856,58.00503708,0.31602709,,,,,,,,,inactive,,,2023-07-20,2026-08-19
"MMU - New",6673302606797,"Instagram Reels",instagram,inactive,campaign,7632,9048,1.18553459,"7-day click or 1-day view","Messaging conversations started",2,253.95,126.975,,,10,25.395,28.06697613,0.22104332,,2,,,,,,,inactive,0.02210433,126.975,2023-07-20,2026-08-19
"New Engagement campaign",6931637948197,"Instagram Stories",instagram,inactive,campaign,2824,3872,1.37110482,"7-day click or 1-day view","Messaging conversations started",,247.30060815,,,,8,30.91257602,63.86895872,0.25826446,,,,,,,,,inactive,,,2023-07-20,2026-08-19
Skies,6832539425197,"Facebook Reels",facebook,inactive,campaign,718,1170,1.62952646,"7-day click or 1-day view","Messaging conversations started",4,238.21486348,59.55371587,,,11,21.65589668,203.60244742,1.02564103,,4,,,,,,,inactive,0.34188034,59.55371587,2023-07-20,2026-08-19
Skies,6832539425197,"Instagram Stories",instagram,inactive,campaign,394,643,1.6319797,"7-day click or 1-day view","Messaging conversations started",2,234.21478181,117.10739091,,,4,58.55369545,364.2531599,0.62208398,,2,,,,,,,inactive,0.31104199,117.10739091,2023-07-20,2026-08-19
"FB Ads - 14/06/2026",6959678385397,"Facebook Stories",facebook,inactive,campaign,3200,3365,1.0515625,"7-day click or 1-day view","Messaging conversations started",2,232.93773668,116.46886834,,,27,8.62732358,69.22369589,0.8320951,,2,,,,,,,inactive,0.05943536,116.46886834,2023-07-20,2026-08-19
"CU Oonline - MAY 2025",6699345212397,"Facebook Reels",facebook,inactive,campaign,2306,3522,1.52732003,"7-day click or 1-day view","Messaging conversations started",1,226.20755525,226.20755525,,,8,28.27594441,64.22701739,0.68143101,,1,,,,,,,inactive,0.02839296,226.20755525,2023-07-20,2026-08-19
"SK-LPU-MAY 2025",6699121217397,"Facebook Stories",facebook,inactive,campaign,3392,5312,1.56603774,"7-day click or 1-day view","Messaging conversations started",1,217.68,217.68,,,29,7.5062069,40.97891566,0.62123494,,1,,,,,,,inactive,0.0188253,217.68,2023-07-20,2026-08-19
"LPU Page Ads - May 2025",6699045369797,Feed,instagram,inactive,campaign,4264,4606,1.08020638,"7-day click or 1-day view","Messaging conversations started",,215.28,,,,17,12.66352941,46.73903604,0.52105949,,,,,,,,,inactive,,,2023-07-20,2026-08-19
"FB Online Ads - 13/05/2026",6924458397597,"Instagram Stories",instagram,inactive,campaign,2432,2928,1.20394737,"7-day click or 1-day view","Messaging conversations started",1,207.22719694,207.22719694,,,11,18.83883609,70.7743159,0.54644809,,1,,,,,,,inactive,0.03415301,207.22719694,2023-07-20,2026-08-19
DegreeCraft,6769014077597,"Instagram Stories",instagram,inactive,campaign,1976,2209,1.11791498,"7-day click or 1-day view","Messaging conversations started",1,205.43,205.43,,,10,20.543,92.99683115,0.67904029,,1,,,,,,,inactive,0.04526935,205.43,2023-07-20,2026-08-19
"Feb Ads - 31st Jan",6861084796197,Status,whatsapp,inactive,campaign,171799,171799,1,"7-day click or 1-day view","Messaging conversations started",68,200.65042304,2.95074152,,,312,0.64311033,1.16793708,0.53376329,,68,,,,,,,inactive,0.03958114,2.95074152,2023-07-20,2026-08-19
"FB Ads - 02/06/2026",6941440443997,"Facebook Reels",facebook,inactive,campaign,4320,6015,1.39236111,"7-day click or 1-day view","Messaging conversations started",2,197.24726996,98.62363498,,,22,8.965785,32.79256358,0.63175395,,2,,,,,,,inactive,0.03325021,98.62363498,2023-07-20,2026-08-19
"FB Ads - New Session - 27/04/2026",6910460698397,"Facebook Stories",facebook,inactive,campaign,1792,3204,1.78794643,"7-day click or 1-day view","Messaging conversations started",5,195.50287,39.100574,,,28,6.98224536,61.01837391,0.96754057,,5,,,,,,,inactive,0.15605493,39.100574,2023-07-20,2026-08-19
"LPU Online – 20/25",6723531168997,"Facebook Stories",facebook,inactive,campaign,2656,3845,1.44766566,"7-day click or 1-day view","Messaging conversations started",1,195.06581469,195.06581469,,,10,19.50658147,50.73233152,0.26007802,,1,,,,,,,inactive,0.0260078,195.06581469,2023-07-20,2026-08-19
"SK-LPU-MAY 2025 – 1",6724323110197,Explore,instagram,inactive,campaign,6817,8665,1.27108699,"7-day click or 1-day view","Messaging conversations started",1,194.41931705,194.41931705,,,18,10.80107317,22.43731299,0.27697634,,1,,,,,,,inactive,0.01154068,194.41931705,2023-07-20,2026-08-19
MMU,6671478791197,"Instagram Stories",instagram,inactive,campaign,3632,4349,1.19741189,"7-day click or 1-day view","Messaging conversations started",1,185.69,185.69,,,9,20.63222222,42.69717176,0.32191308,,1,,,,,,,inactive,0.02299379,185.69,2023-07-20,2026-08-19
"Post: ""Want to Study Overseas?""",6881723895197,Feed,facebook,inactive,campaign,4163,4742,1.13908239,"7-day click or 1-day view","Link clicks",46,182.47,3.96673913,,,46,3.96673913,38.4795445,1.4339941,,,,,,,,,inactive,0.97005483,,2023-07-20,2026-08-19
"MMU - 18/04/2025",6675281096797,Feed,facebook,inactive,campaign,1026,1307,1.27387914,"7-day click or 1-day view","Messaging conversations started",1,174.81,174.81,,,12,14.5675,133.74904361,1.83626626,,1,,,,,,,inactive,0.07651109,174.81,2023-07-20,2026-08-19
"MMU - New",6673302606797,"Instagram Stories",instagram,inactive,campaign,2644,3181,1.20310136,"7-day click or 1-day view","Messaging conversations started",1,174.67,174.67,,,7,24.95285714,54.91040553,0.31436655,,1,,,,,,,inactive,0.03143666,174.67,2023-07-20,2026-08-19
"FB - March 2026",6882906768197,"Facebook Reels",facebook,inactive,campaign,3104,3890,1.25322165,"7-day click or 1-day view","Messaging conversations started",,154.11688355,,,,5,30.82337671,39.61873613,0.46272494,,,,,,,,,inactive,,,2023-07-20,2026-08-19
"MMU - 18/04/2025",6675281096797,Feed,instagram,inactive,campaign,2140,2300,1.07476636,"7-day click or 1-day view","Messaging conversations started",3,151.38,50.46,,,15,10.092,65.8173913,0.73913043,,3,,,,,,,inactive,0.13043478,50.46,2023-07-20,2026-08-19
"LPU Online – 20/25",6723531168997,Explore,instagram,inactive,campaign,2688,4220,1.56994048,"7-day click or 1-day view","Messaging conversations started",,151.18450664,,,,5,30.23690133,35.82571247,0.21327014,,,,,,,,,inactive,,,2023-07-20,2026-08-19
"LPU Punjab - 13/05",6715753772997,"Search results",facebook,inactive,campaign,512,1439,2.81054688,"7-day click or 1-day view","Messaging conversations started",1,150.91706847,150.91706847,,,10,15.09170685,104.87635057,0.83391244,,1,,,,,,,inactive,0.0694927,150.91706847,2023-07-20,2026-08-19
"LPU - 26/04",6685419908397,Feed,facebook,inactive,campaign,1616,2116,1.30940594,"7-day click or 1-day view","Messaging conversations started",,144.45146773,,,,4,36.11286693,68.2662891,0.80340265,,,,,,,,,inactive,,,2023-07-20,2026-08-19
"JGND - Punjab - MAY 2025",6699157867197,"Facebook Stories",facebook,inactive,campaign,2704,3050,1.12795858,"7-day click or 1-day view","Messaging conversations started",4,143.23,35.8075,,,19,7.53842105,46.96065574,0.68852459,,4,,,,,,,inactive,0.13114754,35.8075,2023-07-20,2026-08-19
"AMITY Ads",6768967611397,"Facebook Stories",facebook,inactive,campaign,880,1085,1.23295455,"7-day click or 1-day view","Messaging conversations started",,142.64,,,,6,23.77333333,131.46543779,0.64516129,,,,,,,,,inactive,,,2023-07-20,2026-08-19
"FB Ads - 03/08/2026",6987226896197,"Instagram Stories",instagram,inactive,campaign,2224,2531,1.13803957,"7-day click or 1-day view","Messaging conversations started",,137.75637512,,,,18,7.65313195,54.42764722,0.7902015,,,,,,,,,inactive,,,2023-07-20,2026-08-19
"FB Ads - 22/03/2026",6887028626197,"Facebook Reels",facebook,inactive,campaign,2568,3568,1.3894081,"7-day click or 1-day view","Messaging conversations started",2,137.55072887,68.77536444,,,7,19.65010412,38.55121325,0.5044843,,2,,,,,,,inactive,0.05605381,68.77536444,2023-07-20,2026-08-19
"LPU Distance Education Patiala",6668282295797,"Facebook Stories",facebook,inactive,campaign,2240,2933,1.309375,"7-day click or 1-day view","Messaging conversations started",,127.17911374,,,,8,15.89738922,43.36144348,0.4091374,,,,,,,,,inactive,,,2023-07-20,2026-08-19
"FB Online Ads - 13/05/2026",6924458397597,Feed,facebook,inactive,campaign,1096,1324,1.2080292,"7-day click or 1-day view","Messaging conversations started",1,125.88829717,125.88829717,,,11,11.44439065,95.08179545,1.43504532,,1,,,,,,,inactive,0.0755287,125.88829717,2023-07-20,2026-08-19
"Nov 2025 All Ads",6826267671197,"Instagram Reels",instagram,inactive,campaign,1840,2061,1.1201087,"7-day click or 1-day view","Messaging conversations started",2,121.78,60.89,,,3,40.59333333,59.08782145,0.19408054,,2,,,,,,,inactive,0.09704027,60.89,2023-07-20,2026-08-19
"MMU - New",6673302606797,"Facebook Reels",facebook,inactive,campaign,1252,1638,1.30830671,"7-day click or 1-day view","Messaging conversations started",2,121.15,60.575,,,2,60.575,73.96214896,0.48840049,,2,,,,,,,inactive,0.12210012,60.575,2023-07-20,2026-08-19
"FB Ads Online - 07/08/2026",6989431968797,Feed,facebook,inactive,campaign,536,689,1.28544776,"7-day click or 1-day view","Messaging conversations started",2,119.74,59.87,,,4,29.935,173.78809869,1.01596517,,2,,,,,,,inactive,0.29027576,59.87,2023-07-20,2026-08-19
"FB Ads - 22/03/2026",6887028626197,"Instagram Stories",instagram,inactive,campaign,1248,1489,1.19310897,"7-day click or 1-day view","Messaging conversations started",2,119.5906337,59.79531685,,,7,17.08437624,80.31607368,0.47011417,,2,,,,,,,inactive,0.13431833,59.79531685,2023-07-20,2026-08-19
"LPU - SET 18/04/2025",6675261135997,Feed,instagram,inactive,campaign,2065,2225,1.07748184,"7-day click or 1-day view","Messaging conversations started",,119.51,,,,4,29.8775,53.71235955,0.2247191,,,,,,,,,inactive,,,2023-07-20,2026-08-19
"FB Ads - 03/08/2026",6987226896197,Feed,facebook,inactive,campaign,2688,2877,1.0703125,"7-day click or 1-day view","Messaging conversations started",2,115.77695348,57.88847674,,,16,7.23605959,40.24225008,0.86896072,,2,,,,,,,inactive,0.06951686,57.88847674,2023-07-20,2026-08-19
"FB Ads - 01/07/2026",6976611088797,"Search results",facebook,active,campaign,768,1357,1.76692708,"7-day click or 1-day view","Messaging conversations started",3,114.94893964,38.31631321,,,19,6.04994419,84.70813533,1.40014738,,3,,,,,,,active,0.2210759,38.31631321,2023-07-20,2026-08-19
"SK- LPU - Facebook + Insta + Whtsapp Ads",6612219196197,"Facebook Stories",facebook,inactive,campaign,1556,1927,1.23843188,"7-day click or 1-day view","Messaging conversations started",1,114.89882383,114.89882383,,,10,11.48988238,59.62575186,0.62272963,,1,,,,,,,inactive,0.05189414,114.89882383,2023-07-20,2026-08-19
"FB - March 2026",6882906768197,"Instagram Stories",instagram,inactive,campaign,1312,1407,1.07240854,"7-day click or 1-day view","Messaging conversations started",1,109.7449017,109.7449017,,,6,18.29081695,77.9992194,0.56858564,,1,,,,,,,inactive,0.07107321,109.7449017,2023-07-20,2026-08-19
"LPU Punjab - 13/05",6715753772997,"Facebook profile feed",facebook,inactive,campaign,2944,3550,1.20584239,"7-day click or 1-day view","Messaging conversations started",1,106.36383824,106.36383824,,,6,17.72730637,29.96164457,0.56338028,,1,,,,,,,inactive,0.02816901,106.36383824,2023-07-20,2026-08-19
"MMU - 18/04/2025",6675281096797,"Facebook Reels",facebook,inactive,campaign,548,747,1.36313869,"7-day click or 1-day view","Messaging conversations started",2,105.5,52.75,,,3,35.16666667,141.23159304,1.20481928,,2,,,,,,,inactive,0.26773762,52.75,2023-07-20,2026-08-19
"SK-LPU-MAY 2025",6699121217397,Explore,instagram,inactive,campaign,4512,6196,1.37322695,"7-day click or 1-day view","Messaging conversations started",3,102.28,34.09333333,,,9,11.36444444,16.50742414,0.22595223,,3,,,,,,,inactive,0.04841833,34.09333333,2023-07-20,2026-08-19
"LPU Punjab - 13/05",6715753772997,"In-stream reels",facebook,inactive,campaign,1920,2645,1.37760417,"7-day click or 1-day view","Messaging conversations started",1,101.05464496,101.05464496,,,12,8.42122041,38.20591492,0.49149338,,1,,,,,,,inactive,0.03780718,101.05464496,2023-07-20,2026-08-19
"LPU - Sept",6804632076597,Explore,instagram,inactive,campaign,3198,4133,1.29237023,"7-day click or 1-day view","Messaging conversations started",,95.37397135,,,,7,13.62485305,23.07620889,0.2177595,,,,,,,,,inactive,,,2023-07-20,2026-08-19
"LPU - Sept",6804632076597,"Search results",facebook,inactive,campaign,704,860,1.22159091,"7-day click or 1-day view","Messaging conversations started",,93.85454533,,,,7,13.40779219,109.13319225,0.81395349,,,,,,,,,inactive,,,2023-07-20,2026-08-19
"MMU - 18/04/2025",6675281096797,"Instagram Reels",instagram,inactive,campaign,1838,2027,1.10282916,"7-day click or 1-day view","Messaging conversations started",2,92.37,46.185,,,2,46.185,45.5698076,0.24666996,,2,,,,,,,inactive,0.09866798,46.185,2023-07-20,2026-08-19
"Tailored messages campaign 06/05/2025 Campaign",6710313106597,"Instagram Reels",instagram,inactive,campaign,5831,6431,1.1028983,"7-day click or 1-day view","Messaging conversations started",2,91.73488034,45.86744017,,,8,11.46686004,14.26448147,0.29544394,,2,,,,,,,inactive,0.03109936,45.86744017,2023-07-20,2026-08-19
"LPU Page Ads - May 2025",6699045369797,Feed,facebook,inactive,campaign,1584,1810,1.14267677,"7-day click or 1-day view","Messaging conversations started",,90.8,,,,6,15.13333333,50.16574586,0.66298343,,,,,,,,,inactive,,,2023-07-20,2026-08-19
"LPU - 26/04",6685419908397,"Instagram Stories",instagram,inactive,campaign,2208,2814,1.27445652,"7-day click or 1-day view","Messaging conversations started",,89.76091204,,,,9,9.97343467,31.89797869,0.42643923,,,,,,,,,inactive,,,2023-07-20,2026-08-19
"LPU Patiala 19/04/2025",6675807605797,Explore,instagram,inactive,campaign,3554,4585,1.29009567,"7-day click or 1-day view","Messaging conversations started",1,88.79169446,88.79169446,,,7,12.68452778,19.36569127,0.28353326,,1,,,,,,,inactive,0.02181025,88.79169446,2023-07-20,2026-08-19
"FB Ads - 08/07/2026",6979195968197,"Instagram Reels",instagram,inactive,campaign,3360,3376,1.0047619,"7-day click or 1-day view","Messaging conversations started",,83.6,,,,2,41.8,24.76303318,0.14810427,,,,,,,,,inactive,,,2023-07-20,2026-08-19
"SK- LPU - Facebook + Insta + Whtsapp Ads",6612219196197,Explore,instagram,inactive,campaign,1770,2171,1.22655367,"7-day click or 1-day view","Messaging conversations started",,83.20948645,,,,2,41.60474323,38.32772292,0.09212345,,,,,,,,,inactive,,,2023-07-20,2026-08-19
"FB - March 2026 – Copy",6882908660797,"Facebook Reels",facebook,inactive,campaign,708,995,1.40536723,"7-day click or 1-day view","Messaging conversations started",1,74.84,74.84,,,1,74.84,75.2160804,0.60301508,,1,,,,,,,inactive,0.10050251,74.84,2023-07-20,2026-08-19
"Feb Ads - 31st Jan",6861084796197,"Search results",facebook,inactive,campaign,1408,1522,1.08096591,"7-day click or 1-day view","Messaging conversations started",,74.77015764,,,,7,10.68145109,49.12625338,0.45992116,,,,,,,,,inactive,,,2023-07-20,2026-08-19
"Feb Ads - 31st Jan",6861084796197,Marketplace,facebook,inactive,campaign,768,2627,3.42057292,"7-day click or 1-day view","Messaging conversations started",,73.50015496,,,,4,18.37503874,27.9787419,0.15226494,,,,,,,,,inactive,,,2023-07-20,2026-08-19
"LPU - SET 18/04/2025",6675261135997,"Instagram Reels",instagram,inactive,campaign,1473,1568,1.06449423,"7-day click or 1-day view","Messaging conversations started",1,73.05,73.05,,,3,24.35,46.5880102,0.51020408,,1,,,,,,,inactive,0.06377551,73.05,2023-07-20,2026-08-19
"FB Ads - 23rd Jan",6857822968197,Status,whatsapp,inactive,campaign,34517,34517,1,"7-day click or 1-day view","Messaging conversations started",26,72.5303228,2.7896278,,,108,0.67157706,2.10129278,0.98212475,,26,,,,,,,inactive,0.0753252,2.7896278,2023-07-20,2026-08-19
"LPU - 26/04",6685419908397,"Facebook Reels",facebook,inactive,campaign,840,1295,1.54166667,"7-day click or 1-day view","Messaging conversations started",,71.90073056,,,,,,55.52179966,0,,,,,,,,,inactive,,,2023-07-20,2026-08-19
"Punjabi University",6642089283597,"Facebook Stories",facebook,inactive,campaign,1792,2196,1.22544643,"7-day click or 1-day view","Messaging conversations started",1,71.89,71.89,,,13,5.53,32.73679417,0.77413479,,1,,,,,,,inactive,0.04553734,71.89,2023-07-20,2026-08-19
"FB Ads Online - 07/08/2026",6989431968797,"Instagram Stories",instagram,inactive,campaign,592,610,1.03040541,"7-day click or 1-day view","Messaging conversations started",,70.78,,,,3,23.59333333,116.03278689,0.49180328,,,,,,,,,inactive,,,2023-07-20,2026-08-19
"LPU Patiala 19/04/2025",6675807605797,"Facebook Stories",facebook,inactive,campaign,1313,1783,1.35795887,"7-day click or 1-day view","Messaging conversations started",2,70.54106896,35.27053448,,,8,8.81763362,39.56313458,0.50476725,,2,,,,,,,inactive,0.1121705,35.27053448,2023-07-20,2026-08-19
"FB Ads Online - 07/08/2026",6989431968797,"Facebook Reels",facebook,inactive,campaign,760,932,1.22631579,"7-day click or 1-day view","Messaging conversations started",,69.09,,,,2,34.545,74.13090129,0.32188841,,,,,,,,,inactive,,,2023-07-20,2026-08-19
"LPU Punjab",6641565898197,Feed,facebook,inactive,campaign,8528,8628,1.01172608,"7-day click or 1-day view","Link clicks",74,66.2012793,0.89461188,,,74,0.89461188,7.67284183,1.27491887,,,,,,,,,inactive,0.85767269,,2023-07-20,2026-08-19
"MBA - Degreecraft",6830713058997,"Facebook Stories",facebook,inactive,campaign,1648,1910,1.15898058,"7-day click or 1-day view","Messaging conversations started",,66.03227658,,,,9,7.33691962,34.57187255,0.47120419,,,,,,,,,inactive,,,2023-07-20,2026-08-19
"FB Online Ads - 13/05/2026",6924458397597,"Facebook Reels",facebook,inactive,campaign,584,802,1.37328767,"7-day click or 1-day view","Messaging conversations started",,65.85910916,,,,,,82.11858997,0.12468828,,,,,,,,,inactive,,,2023-07-20,2026-08-19
"AMITY Ads",6768967611397,Explore,instagram,inactive,campaign,1568,1796,1.14540816,"7-day click or 1-day view","Messaging conversations started",,65.72,,,,7,9.38857143,36.59242762,0.50111359,,,,,,,,,inactive,,,2023-07-20,2026-08-19
"Feb Ads - 31st Jan",6861084796197,"In-stream reels",facebook,inactive,campaign,4864,6000,1.23355263,"7-day click or 1-day view","Messaging conversations started",3,64.99013702,21.66337901,,,32,2.03094178,10.8316895,0.53333333,,3,,,,,,,inactive,0.05,21.66337901,2023-07-20,2026-08-19
"LPU Distance Education Patiala",6668282295797,Explore,instagram,inactive,campaign,2208,2442,1.10597826,"7-day click or 1-day view","Messaging conversations started",,64.46955074,,,,5,12.89391015,26.40030743,0.24570025,,,,,,,,,inactive,,,2023-07-20,2026-08-19
Skies,6832539425197,Marketplace,facebook,inactive,campaign,50,68,1.36,"7-day click or 1-day view","Messaging conversations started",1,63.28129197,63.28129197,,,3,21.09376399,930.6072349,1.47058824,,1,,,,,,,inactive,1.47058824,63.28129197,2023-07-20,2026-08-19
"Messages Ad: 🎓Admission Open for - Distance & Online Learning...",6703091270997,Feed,instagram,inactive,campaign,2382,2431,1.02057095,"7-day click or 1-day view","Messaging conversations started",,62.94,,,,3,20.98,25.89058001,0.24681201,,,,,,,,,inactive,,,2023-07-20,2026-08-19
"Tailored messages campaign 06/05/2025 Campaign",6710313106597,Feed,instagram,inactive,campaign,646,742,1.14860681,"7-day click or 1-day view","Messaging conversations started",,62.90363163,,,,4,15.72590791,84.77578386,0.80862534,,,,,,,,,inactive,,,2023-07-20,2026-08-19
DegreeCraft,6769014077597,"Facebook Stories",facebook,inactive,campaign,544,649,1.19301471,"7-day click or 1-day view","Messaging conversations started",1,62.4,62.4,,,4,15.6,96.14791988,0.92449923,,1,,,,,,,inactive,0.1540832,62.4,2023-07-20,2026-08-19
"FB Ads - New Session - 27/04/2026",6910460698397,Marketplace,facebook,inactive,campaign,768,1190,1.54947917,"7-day click or 1-day view","Messaging conversations started",3,60.20780422,20.06926807,,,6,10.03463404,50.59479346,0.42016807,,3,,,,,,,inactive,0.25210084,20.06926807,2023-07-20,2026-08-19
"CU Oonline - MAY 2025",6699345212397,Explore,instagram,inactive,campaign,2114,2792,1.32071902,"7-day click or 1-day view","Messaging conversations started",,59.19122713,,,,4,14.79780678,21.20029625,0.32234957,,,,,,,,,inactive,,,2023-07-20,2026-08-19
"LPU Page Ads - May 2025",6699045369797,"Instagram Stories",instagram,inactive,campaign,928,1058,1.14008621,"7-day click or 1-day view","Messaging conversations started",,59.19,,,,4,14.7975,55.94517958,0.66162571,,,,,,,,,inactive,,,2023-07-20,2026-08-19
"FB Ads - 01/07/2026",6976611088797,"In-stream reels",facebook,active,campaign,683,683,1,"7-day click or 1-day view","Messaging conversations started",1,59.15945428,59.15945428,,,11,5.37813221,86.61706336,1.9033675,,1,,,,,,,active,0.14641288,59.15945428,2023-07-20,2026-08-19
"FB Ads - New Session - 27/04/2026",6910460698397,"Search results",facebook,inactive,campaign,128,589,4.6015625,"7-day click or 1-day view","Messaging conversations started",1,58.94785017,58.94785017,,,5,11.78957003,100.08123967,0.84889643,,1,,,,,,,inactive,0.16977929,58.94785017,2023-07-20,2026-08-19
"LPU Page Ads - May 2025",6699045369797,"Facebook Reels",facebook,inactive,campaign,832,1079,1.296875,"7-day click or 1-day view","Messaging conversations started",,57.86,,,,1,57.86,53.62372567,0.37071362,,,,,,,,,inactive,,,2023-07-20,2026-08-19
"Fb Ads -SK - 06/08/2026",6988772271597,"Facebook Stories",facebook,inactive,campaign,908,908,1,"7-day click or 1-day view","Messaging conversations started",1,57.50668303,57.50668303,,,8,7.18833538,63.33335136,0.77092511,,1,,,,,,,inactive,0.11013216,57.50668303,2023-07-20,2026-08-19
"FB Ads - 01/07/2026",6976611088797,"Explore home",instagram,active,campaign,16036,16036,1,"7-day click or 1-day view","Messaging conversations started",1,55.24949035,55.24949035,,,1,55.24949035,3.44534113,0.00623597,,1,,,,,,,active,0.00623597,55.24949035,2023-07-20,2026-08-19
"FB Ads - 23rd Jan",6857822968197,"Facebook Stories",facebook,inactive,campaign,576,707,1.22743056,"7-day click or 1-day view","Messaging conversations started",,54.95024456,,,,4,13.73756114,77.72311819,0.70721358,,,,,,,,,inactive,,,2023-07-20,2026-08-19
"LPU Punjab - 13/05",6715753772997,Marketplace,facebook,inactive,campaign,1280,1886,1.4734375,"7-day click or 1-day view","Messaging conversations started",,54.14177327,,,,3,18.04725776,28.70719686,0.15906681,,,,,,,,,inactive,,,2023-07-20,2026-08-19
"New Engagement campaign",6931637948197,Feed,facebook,inactive,campaign,788,1045,1.32614213,"7-day click or 1-day view","Messaging conversations started",,53.87706085,,,,4,13.46926521,51.55699603,0.4784689,,,,,,,,,inactive,,,2023-07-20,2026-08-19
"Nov 2025 All Ads",6826267671197,Feed,instagram,inactive,campaign,544,580,1.06617647,"7-day click or 1-day view","Messaging conversations started",,53.27,,,,,,91.84482759,0.17241379,,,,,,,,,inactive,,,2023-07-20,2026-08-19
"Punjabi University",6642089283597,Explore,instagram,inactive,campaign,1920,2498,1.30104167,"7-day click or 1-day view","Messaging conversations started",,50.39,,,,6,8.39833333,20.17213771,0.52041633,,,,,,,,,inactive,,,2023-07-20,2026-08-19
"LPU - Sept",6804632076597,Marketplace,facebook,inactive,campaign,704,1427,2.02698864,"7-day click or 1-day view","Messaging conversations started",1,49.28138337,49.28138337,,,3,16.42712779,34.53495681,0.21023125,,1,,,,,,,inactive,0.07007708,49.28138337,2023-07-20,2026-08-19
Skies,6832539425197,"Facebook Stories",facebook,inactive,campaign,324,388,1.19753086,"7-day click or 1-day view","Messaging conversations started",1,49.22100491,49.22100491,,,4,12.30525123,126.85826009,1.03092784,,1,,,,,,,inactive,0.25773196,49.22100491,2023-07-20,2026-08-19
"Tailored messages campaign 06/05/2025 Campaign",6710313106597,Feed,facebook,inactive,campaign,307,354,1.15309446,"7-day click or 1-day view","Messaging conversations started",1,46.80944134,46.80944134,,,5,9.36188827,132.2300603,1.41242938,,1,,,,,,,inactive,0.28248588,46.80944134,2023-07-20,2026-08-19
"JGND - Punjab - MAY 2025",6699157867197,Explore,instagram,inactive,campaign,1616,1718,1.06311881,"7-day click or 1-day view","Messaging conversations started",1,46.66,46.66,,,4,11.665,27.15948778,0.34924331,,1,,,,,,,inactive,0.05820722,46.66,2023-07-20,2026-08-19
"Messages Ad: 🎓Admission Open for - Distance & Online Learning...",6703091270997,"Instagram Reels",instagram,inactive,campaign,3016,3199,1.06067639,"7-day click or 1-day view","Messaging conversations started",,46.41,,,,1,46.41,14.50765864,0.15629884,,,,,,,,,inactive,,,2023-07-20,2026-08-19
"LPU Punjab - 13/05",6715753772997,"Explore home",instagram,inactive,campaign,3072,3788,1.23307292,"7-day click or 1-day view","Messaging conversations started",,43.70335937,,,,1,43.70335937,11.53731768,0.13199578,,,,,,,,,inactive,,,2023-07-20,2026-08-19
"FB Distance - 09/06/2026",6953152263197,"Facebook Stories",facebook,inactive,campaign,544,544,1,"7-day click or 1-day view","Messaging conversations started",,41.52,,,,6,6.92,76.32352941,1.10294118,,,,,,,,,inactive,,,2023-07-20,2026-08-19
"SK-LPU-MAY 2025 – 1",6724323110197,"Feed: video feeds",facebook,inactive,campaign,928,1382,1.48922414,"7-day click or 1-day view","Messaging conversations started",1,40.82195629,40.82195629,,,10,4.08219563,29.53831859,0.7959479,,1,,,,,,,inactive,0.0723589,40.82195629,2023-07-20,2026-08-19
"AMITY Ads",6768967611397,"Search results",facebook,inactive,campaign,240,345,1.4375,"7-day click or 1-day view","Messaging conversations started",1,37.62,37.62,,,1,37.62,109.04347826,0.28985507,,1,,,,,,,inactive,0.28985507,37.62,2023-07-20,2026-08-19
"MMU - 18/04/2025",6675281096797,"Instagram Stories",instagram,inactive,campaign,568,683,1.20246479,"7-day click or 1-day view","Messaging conversations started",,37,,,,,,54.1727672,0,,,,,,,,,inactive,,,2023-07-20,2026-08-19
"LPU Punjab - 13/05",6715753772997,"Feed: video feeds",facebook,inactive,campaign,547,547,1,"7-day click or 1-day view","Messaging conversations started",,34.6447358,,,,8,4.33059198,63.33589727,1.64533821,,,,,,,,,inactive,,,2023-07-20,2026-08-19
"SKIES - 03/05/2026",6915936952597,"Facebook Stories",facebook,inactive,campaign,161,194,1.20496894,"7-day click or 1-day view","Messaging conversations started",1,34.23067631,34.23067631,,,2,17.11533815,176.4467851,1.03092784,,1,,,,,,,inactive,0.51546392,34.23067631,2023-07-20,2026-08-19
"FB Ads - 03/08/2026",6987226896197,"Facebook Reels",facebook,inactive,campaign,680,699,1.02794118,"7-day click or 1-day view","Messaging conversations started",,33.97910588,,,,2,16.98955294,48.61102415,1.00143062,,,,,,,,,inactive,,,2023-07-20,2026-08-19
"FB Ads - 14/06/2026",6959678385397,"Search results",facebook,inactive,campaign,256,264,1.03125,"7-day click or 1-day view","Messaging conversations started",,33.02967907,,,,2,16.51483954,125.11242072,0.75757576,,,,,,,,,inactive,,,2023-07-20,2026-08-19
"SK-LPU-MAY 2025 – 1",6724323110197,"Search results",facebook,inactive,campaign,192,348,1.8125,"7-day click or 1-day view","Messaging conversations started",,32.92157768,,,,,,94.60223472,0.28735632,,,,,,,,,inactive,,,2023-07-20,2026-08-19
"CU Oonline - MAY 2025",6699345212397,"Facebook Stories",facebook,inactive,campaign,561,655,1.16755793,"7-day click or 1-day view","Messaging conversations started",1,32.69277076,32.69277076,,,2,16.34638538,49.91262711,0.30534351,,1,,,,,,,inactive,0.15267176,32.69277076,2023-07-20,2026-08-19
"MMU - New",6673302606797,"Facebook Stories",facebook,inactive,campaign,700,777,1.11,"7-day click or 1-day view","Messaging conversations started",,32.02,,,,1,32.02,41.20978121,0.25740026,,,,,,,,,inactive,,,2023-07-20,2026-08-19
"FB Ads Online - 31/07/2026",6986086789197,"Facebook Stories",facebook,inactive,campaign,480,500,1.04166667,"7-day click or 1-day view","Messaging conversations started",,31.33964707,,,,6,5.22327451,62.67929414,1.4,,,,,,,,,inactive,,,2023-07-20,2026-08-19
"LPU - Sept",6804632076597,"In-stream reels",facebook,inactive,campaign,192,503,2.61979167,"7-day click or 1-day view","Messaging conversations started",,30.45849394,,,,1,30.45849394,60.55366589,0.39761431,,,,,,,,,inactive,,,2023-07-20,2026-08-19
"LPU Online – 20/25",6723531168997,"Search results",facebook,inactive,campaign,338,338,1,"7-day click or 1-day view","Messaging conversations started",,29.73088624,,,,1,29.73088624,87.9612019,0.29585799,,,,,,,,,inactive,,,2023-07-20,2026-08-19
"FB Ads - 02/06/2026",6941440443997,"Facebook Stories",facebook,inactive,campaign,224,406,1.8125,"7-day click or 1-day view","Messaging conversations started",,29.41959281,,,,2,14.70979641,72.46205126,0.73891626,,,,,,,,,inactive,,,2023-07-20,2026-08-19
"LPU - SET 18/04/2025",6675261135997,Feed,facebook,inactive,campaign,238,263,1.10504202,"7-day click or 1-day view","Messaging conversations started",,29.04,,,,,,110.41825095,0,,,,,,,,,inactive,,,2023-07-20,2026-08-19
"MBA - Degreecraft",6830713058997,"In-stream reels",facebook,inactive,campaign,1744,2259,1.29529817,"7-day click or 1-day view","Messaging conversations started",,28.40097917,,,,14,2.02864137,12.57236794,0.61974325,,,,,,,,,inactive,,,2023-07-20,2026-08-19
"JGND - Punjab - MAY 2025",6699157867197,"In-stream reels",facebook,inactive,campaign,2544,2959,1.16312893,"7-day click or 1-day view","Messaging conversations started",,28.15,,,,12,2.34583333,9.5133491,0.40554241,,,,,,,,,inactive,,,2023-07-20,2026-08-19
"LPU - SET 18/04/2025",6675261135997,"Instagram Stories",instagram,inactive,campaign,433,477,1.10161663,"7-day click or 1-day view","Messaging conversations started",,28.07,,,,2,14.035,58.84696017,0.41928721,,,,,,,,,inactive,,,2023-07-20,2026-08-19
"SK-LPU-MAY 2025 – 1",6724323110197,Marketplace,facebook,inactive,campaign,288,698,2.42361111,"7-day click or 1-day view","Messaging conversations started",1,27.93133854,27.93133854,,,7,3.99019122,40.01624432,0.28653295,,1,,,,,,,inactive,0.14326648,27.93133854,2023-07-20,2026-08-19
"Tailored messages campaign 06/05/2025 Campaign",6710313106597,"Facebook Reels",facebook,inactive,campaign,588,771,1.31122449,"7-day click or 1-day view","Messaging conversations started",,27.51845984,,,,2,13.75922992,35.69190641,0.51880674,,,,,,,,,inactive,,,2023-07-20,2026-08-19
"FB - March 2026 – Copy",6882908660797,"Facebook Stories",facebook,inactive,campaign,796,904,1.13567839,"7-day click or 1-day view","Messaging conversations started",,27.34,,,,2,13.67,30.24336283,0.33185841,,,,,,,,,inactive,,,2023-07-20,2026-08-19
"Messages Ad: 🎓Admission Open for - Distance & Online Learning...",6703091270997,"Instagram Stories",instagram,inactive,campaign,1184,1269,1.07179054,"7-day click or 1-day view","Messaging conversations started",,26.87,,,,3,8.95666667,21.17415288,0.31520883,,,,,,,,,inactive,,,2023-07-20,2026-08-19
"Nov 2025 All Ads",6826267671197,Feed,facebook,inactive,campaign,219,244,1.11415525,"7-day click or 1-day view","Messaging conversations started",,26.67,,,,,,109.30327869,1.63934426,,,,,,,,,inactive,,,2023-07-20,2026-08-19
"FB Ads - 23rd Jan",6857822968197,"Search results",facebook,inactive,campaign,145,145,1,"7-day click or 1-day view","Messaging conversations started",,26.64011856,,,,3,8.88003952,183.72495561,2.06896552,,,,,,,,,inactive,,,2023-07-20,2026-08-19
"Tailored messages campaign 06/05/2025 Campaign",6710313106597,"Instagram Stories",instagram,inactive,campaign,517,605,1.17021277,"7-day click or 1-day view","Messaging conversations started",,26.58647996,,,,4,6.64661999,43.94459497,0.66115702,,,,,,,,,inactive,,,2023-07-20,2026-08-19
"FB Ads Online - 07/08/2026",6989431968797,"Facebook Stories",facebook,inactive,campaign,48,89,1.85416667,"7-day click or 1-day view","Messaging conversations started",,26.33,,,,1,26.33,295.84269663,2.24719101,,,,,,,,,inactive,,,2023-07-20,2026-08-19
"Nov 2025 All Ads",6826267671197,"Instagram Stories",instagram,inactive,campaign,455,492,1.08131868,"7-day click or 1-day view","Messaging conversations started",,26.05,,,,2,13.025,52.94715447,0.40650407,,,,,,,,,inactive,,,2023-07-20,2026-08-19
"CU Oonline - MAY 2025",6699345212397,"Search results",facebook,inactive,campaign,163,163,1,"7-day click or 1-day view","Messaging conversations started",,25.8580103,,,,1,25.8580103,158.63809998,0.61349693,,,,,,,,,inactive,,,2023-07-20,2026-08-19
"FB Ads Online - 31/07/2026",6986086789197,"In-stream reels",facebook,inactive,campaign,288,452,1.56944444,"7-day click or 1-day view","Messaging conversations started",1,25.09971734,25.09971734,,,7,3.58567391,55.5303481,1.7699115,,1,,,,,,,inactive,0.22123894,25.09971734,2023-07-20,2026-08-19
"MBA - Degreecraft",6830713058997,"Search results",facebook,inactive,campaign,205,205,1,"7-day click or 1-day view","Messaging conversations started",,23.75081885,,,,2,11.87540943,115.85765293,0.97560976,,,,,,,,,inactive,,,2023-07-20,2026-08-19
DegreeCraft,6769014077597,Explore,instagram,inactive,campaign,306,306,1,"7-day click or 1-day view","Messaging conversations started",,22.63,,,,1,22.63,73.95424837,0.32679739,,,,,,,,,inactive,,,2023-07-20,2026-08-19
"LPU Online",6723178659597,"Instagram Reels",instagram,inactive,campaign,582,603,1.03608247,"7-day click or 1-day view","Messaging conversations started",,22.61,,,,,,37.49585406,0,,,,,,,,,inactive,,,2023-07-20,2026-08-19
"LPU - Sept",6804632076597,"Explore home",instagram,inactive,campaign,1665,1665,1,"7-day click or 1-day view","Messaging conversations started",,21.8317528,,,,1,21.8317528,13.11216384,0.06006006,,,,,,,,,inactive,,,2023-07-20,2026-08-19
"LPU Punjab",6641565898197,"Feed: video feeds",facebook,inactive,campaign,1648,2259,1.37075243,"7-day click or 1-day view","Link clicks",15,21.78042089,1.45202806,,,15,1.45202806,9.64162058,0.97388225,,,,,,,,,inactive,0.66401062,,2023-07-20,2026-08-19
"New Engagement campaign",6931637948197,"Facebook Reels",facebook,inactive,campaign,244,426,1.74590164,"7-day click or 1-day view","Messaging conversations started",2,21.75477536,10.87738768,,,3,7.25159179,51.0675478,0.93896714,,2,,,,,,,inactive,0.46948357,10.87738768,2023-07-20,2026-08-19
"FB Online Ads - 13/05/2026",6924458397597,Marketplace,facebook,inactive,campaign,16,41,2.5625,"7-day click or 1-day view","Messaging conversations started",,21.69970648,,,,,,529.26113364,0,,,,,,,,,inactive,,,2023-07-20,2026-08-19
"FB Ads - 01/07/2026",6976611088797,Marketplace,facebook,active,campaign,1736,1736,1,"7-day click or 1-day view","Messaging conversations started",1,21.6698001,21.6698001,,,3,7.2232667,12.48260375,0.28801843,,1,,,,,,,active,0.05760369,21.6698001,2023-07-20,2026-08-19
"CU Oonline - MAY 2025",6699345212397,"In-stream reels",facebook,inactive,campaign,593,778,1.31197302,"7-day click or 1-day view","Messaging conversations started",,21.50497838,,,,4,5.37624459,27.64136038,0.51413882,,,,,,,,,inactive,,,2023-07-20,2026-08-19
"Fb Ads -SK - 06/08/2026",6988772271597,"Search results",facebook,inactive,campaign,139,139,1,"7-day click or 1-day view","Messaging conversations started",,21.32876976,,,,1,21.32876976,153.44438678,0.71942446,,,,,,,,,inactive,,,2023-07-20,2026-08-19
"LPU Distance Education Patiala",6668282295797,"Feed: video feeds",facebook,inactive,campaign,480,911,1.89791667,"7-day click or 1-day view","Messaging conversations started",1,21.16985248,21.16985248,,,5,4.2339705,23.23803784,0.87815587,,1,,,,,,,inactive,0.10976948,21.16985248,2023-07-20,2026-08-19
"SKIES - 03/05/2026",6915936952597,Marketplace,facebook,inactive,campaign,82,103,1.25609756,"7-day click or 1-day view","Messaging conversations started",,20.99041472,,,,,,203.79043413,0,,,,,,,,,inactive,,,2023-07-20,2026-08-19
"AMITY Ads",6768967611397,"Facebook profile feed",facebook,inactive,campaign,187,187,1,"7-day click or 1-day view","Messaging conversations started",,20.94,,,,1,20.94,111.97860963,0.53475936,,,,,,,,,inactive,,,2023-07-20,2026-08-19
"MMU - 18/04/2025",6675281096797,"Facebook Stories",facebook,inactive,campaign,182,200,1.0989011,"7-day click or 1-day view","Messaging conversations started",2,19.34,9.67,,,3,6.44666667,96.7,2.5,,2,,,,,,,inactive,1,9.67,2023-07-20,2026-08-19
"LPU Online – 20/25",6723531168997,"Feed: video feeds",facebook,inactive,campaign,288,461,1.60069444,"7-day click or 1-day view","Messaging conversations started",,19.20057235,,,,3,6.40019078,41.64983156,1.0845987,,,,,,,,,inactive,,,2023-07-20,2026-08-19
"SK- LPU - Facebook + Insta + Whtsapp Ads",6612219196197,"Search results",facebook,inactive,campaign,56,79,1.41071429,"7-day click or 1-day view","Messaging conversations started",,19.12149803,,,,1,19.12149803,242.04427883,1.26582278,,,,,,,,,inactive,,,2023-07-20,2026-08-19
"Fb Ads -SK - 06/08/2026",6988772271597,"Explore home",instagram,inactive,campaign,3456,3536,1.02314815,"7-day click or 1-day view","Messaging conversations started",,19.02890242,,,,,,5.38147693,0.02828054,,,,,,,,,inactive,,,2023-07-20,2026-08-19
"FB Ads - 14/06/2026",6959678385397,"In-stream reels",facebook,inactive,campaign,123,123,1,"7-day click or 1-day view","Messaging conversations started",,17.65982841,,,,,,143.57584073,0,,,,,,,,,inactive,,,2023-07-20,2026-08-19
Skies,6832539425197,"In-stream reels",facebook,inactive,campaign,650,910,1.4,"7-day click or 1-day view","Messaging conversations started",,17.59035913,,,,10,1.75903591,19.33006498,0.98901099,,,,,,,,,inactive,,,2023-07-20,2026-08-19
"FB Ads - 08/07/2026",6979195968197,Feed,instagram,inactive,campaign,340,341,1.00294118,"7-day click or 1-day view","Messaging conversations started",,17.17,,,,,,50.35190616,0,,,,,,,,,inactive,,,2023-07-20,2026-08-19
"Feb Ads - 31st Jan",6861084796197,"Facebook profile feed",facebook,inactive,campaign,640,681,1.0640625,"7-day click or 1-day view","Messaging conversations started",,16.600035,,,,1,16.600035,24.37596916,0.14684288,,,,,,,,,inactive,,,2023-07-20,2026-08-19
"FB Ads - New Session - 27/04/2026",6910460698397,"In-stream reels",facebook,inactive,campaign,512,519,1.01367188,"7-day click or 1-day view","Messaging conversations started",2,16.58939498,8.29469749,,,8,2.07367437,31.96415218,1.54142582,,2,,,,,,,inactive,0.38535645,8.29469749,2023-07-20,2026-08-19
"JGND - Punjab - MAY 2025",6699157867197,"Feed: video feeds",facebook,inactive,campaign,640,801,1.2515625,"7-day click or 1-day view","Messaging conversations started",,15.91,,,,3,5.30333333,19.86267166,0.62421973,,,,,,,,,inactive,,,2023-07-20,2026-08-19
"LPU Online – 20/25",6723531168997,"Facebook profile feed",facebook,inactive,campaign,672,723,1.07589286,"7-day click or 1-day view","Messaging conversations started",1,15.86047278,15.86047278,,,1,15.86047278,21.93703013,0.27662517,,1,,,,,,,inactive,0.13831259,15.86047278,2023-07-20,2026-08-19
"LPU Online",6723178659597,Feed,instagram,inactive,campaign,176,192,1.09090909,"7-day click or 1-day view","Messaging conversations started",,15.79,,,,1,15.79,82.23958333,1.04166667,,,,,,,,,inactive,,,2023-07-20,2026-08-19
"FB Ads - 01/07/2026",6976611088797,"Facebook profile feed",facebook,active,campaign,682,682,1,"7-day click or 1-day view","Messaging conversations started",,15.61985591,,,,5,3.12397118,22.90301454,1.02639296,,,,,,,,,active,,,2023-07-20,2026-08-19
"LPU Punjab",6641565898197,"Facebook Stories",facebook,inactive,campaign,3184,3303,1.03737437,"7-day click or 1-day view","Link clicks",12,15.38029722,1.28169143,,,12,1.28169143,4.65646298,0.36330609,,,,,,,,,inactive,0.36330609,,2023-07-20,2026-08-19
"Messages Ad: 🎓Admission Open for - Distance & Online Learning...",6703091270997,Feed,facebook,inactive,campaign,400,438,1.095,"7-day click or 1-day view","Messaging conversations started",,14.77,,,,1,14.77,33.72146119,0.456621,,,,,,,,,inactive,,,2023-07-20,2026-08-19
DegreeCraft,6769014077597,"Search results",facebook,inactive,campaign,93,93,1,"7-day click or 1-day view","Messaging conversations started",1,14.68,14.68,,,1,14.68,157.84946237,1.07526882,,1,,,,,,,inactive,1.07526882,14.68,2023-07-20,2026-08-19
"MMU - New",6673302606797,"Feed: video feeds",facebook,inactive,campaign,132,145,1.09848485,"7-day click or 1-day view","Messaging conversations started",,14.25,,,,1,14.25,98.27586207,0.68965517,,,,,,,,,inactive,,,2023-07-20,2026-08-19
"FB Ads - 22/03/2026",6887028626197,Marketplace,facebook,inactive,campaign,128,200,1.5625,"7-day click or 1-day view","Messaging conversations started",,14.20007525,,,,,,71.00037623,0,,,,,,,,,inactive,,,2023-07-20,2026-08-19
"AMITY Ads",6768967611397,"In-stream reels",facebook,inactive,campaign,144,159,1.10416667,"7-day click or 1-day view","Messaging conversations started",,14.05,,,,1,14.05,88.36477987,0.62893082,,,,,,,,,inactive,,,2023-07-20,2026-08-19
"SK-LPU-MAY 2025",6699121217397,"Feed: video feeds",facebook,inactive,campaign,448,555,1.23883929,"7-day click or 1-day view","Messaging conversations started",,14.03,,,,5,2.806,25.27927928,1.08108108,,,,,,,,,inactive,,,2023-07-20,2026-08-19
"LPU Online – 20/25",6723531168997,Marketplace,facebook,inactive,campaign,192,331,1.72395833,"7-day click or 1-day view","Messaging conversations started",,13.70040839,,,,1,13.70040839,41.39096191,0.3021148,,,,,,,,,inactive,,,2023-07-20,2026-08-19
"LPU - 26/04",6685419908397,Explore,instagram,inactive,campaign,648,771,1.18981481,"7-day click or 1-day view","Messaging conversations started",,13.25013463,,,,3,4.41671154,17.18564803,0.64850843,,,,,,,,,inactive,,,2023-07-20,2026-08-19
"SK- LPU - Facebook + Insta + Whtsapp Ads",6612219196197,Marketplace,facebook,inactive,campaign,214,243,1.13551402,"7-day click or 1-day view","Messaging conversations started",,13.13728835,,,,,,54.06291503,0,,,,,,,,,inactive,,,2023-07-20,2026-08-19
"LPU - Sept",6804632076597,"Facebook profile feed",facebook,inactive,campaign,496,496,1,"7-day click or 1-day view","Messaging conversations started",,12.75518158,,,,,,25.71609189,0.2016129,,,,,,,,,inactive,,,2023-07-20,2026-08-19
"FB Ads Online - 31/07/2026",6986086789197,"Search results",facebook,inactive,campaign,144,150,1.04166667,"7-day click or 1-day view","Messaging conversations started",1,12.64985754,12.64985754,,,2,6.32492877,84.33238362,0.66666667,,1,,,,,,,inactive,0.66666667,12.64985754,2023-07-20,2026-08-19
MMU,6671478791197,Explore,instagram,inactive,campaign,400,413,1.0325,"7-day click or 1-day view","Messaging conversations started",,12.64,,,,2,6.32,30.60532688,0.72639225,,,,,,,,,inactive,,,2023-07-20,2026-08-19
"Feb Ads - 31st Jan",6861084796197,"Instagram search results",instagram,inactive,campaign,1428,1428,1,"7-day click or 1-day view","Messaging conversations started",,12.45002625,,,,2,6.22501312,8.71850578,0.28011204,,,,,,,,,inactive,,,2023-07-20,2026-08-19
"LPU Online",6723178659597,Feed,facebook,inactive,campaign,89,103,1.15730337,"7-day click or 1-day view","Messaging conversations started",,12.34,,,,,,119.80582524,0,,,,,,,,,inactive,,,2023-07-20,2026-08-19
"LPU Distance Education Patiala",6668282295797,"Facebook profile feed",facebook,inactive,campaign,256,362,1.4140625,"7-day click or 1-day view","Messaging conversations started",,12.2699145,,,,,,33.89479142,0.27624309,,,,,,,,,inactive,,,2023-07-20,2026-08-19
DegreeCraft,6769014077597,"Facebook profile feed",facebook,inactive,campaign,296,323,1.09121622,"7-day click or 1-day view","Messaging conversations started",,12.1,,,,,,37.46130031,0.30959752,,,,,,,,,inactive,,,2023-07-20,2026-08-19
"Feb Ads - 31st Jan",6861084796197,Explore,instagram,inactive,campaign,0,520,0,"7-day click or 1-day view","Messaging conversations started",,11.60002446,,,,3,3.86667482,22.30773934,0.38461538,,,,,,,,,inactive,,,2023-07-20,2026-08-19
"LPU - 26/04",6685419908397,"Facebook Stories",facebook,inactive,campaign,336,348,1.03571429,"7-day click or 1-day view","Messaging conversations started",,11.55011736,,,,,,33.18999241,0,,,,,,,,,inactive,,,2023-07-20,2026-08-19
"SK- LPU - Facebook + Insta + Whtsapp Ads",6612219196197,"In-stream reels",facebook,inactive,campaign,254,266,1.04724409,"7-day click or 1-day view","Messaging conversations started",1,11.53883502,11.53883502,,,7,1.648405,43.37907901,2.63157895,,1,,,,,,,inactive,0.37593985,11.53883502,2023-07-20,2026-08-19
"SK- LPU - Facebook + Insta + Whtsapp Ads",6612219196197,"Facebook profile feed",facebook,inactive,campaign,206,216,1.04854369,"7-day click or 1-day view","Messaging conversations started",,11.38898002,,,,,,52.72675934,0,,,,,,,,,inactive,,,2023-07-20,2026-08-19
"FB Ads - 14/06/2026",6959678385397,Marketplace,facebook,inactive,campaign,512,852,1.6640625,"7-day click or 1-day view","Messaging conversations started",,11.35988962,,,,1,11.35988962,13.33320378,0.11737089,,,,,,,,,inactive,,,2023-07-20,2026-08-19
"CU Oonline - MAY 2025",6699345212397,"Feed: video feeds",facebook,inactive,campaign,160,183,1.14375,"7-day click or 1-day view","Messaging conversations started",,11.16777844,,,,3,3.72259281,61.0261117,1.63934426,,,,,,,,,inactive,,,2023-07-20,2026-08-19
"AMITY Ads",6768967611397,Marketplace,facebook,inactive,campaign,144,254,1.76388889,"7-day click or 1-day view","Messaging conversations started",,11.15,,,,1,11.15,43.8976378,0.39370079,,,,,,,,,inactive,,,2023-07-20,2026-08-19
"AMITY Ads",6768967611397,"Explore home",instagram,inactive,campaign,704,914,1.29829545,"7-day click or 1-day view","Messaging conversations started",,11.05,,,,,,12.08971554,0,,,,,,,,,inactive,,,2023-07-20,2026-08-19
"FB Ads - New Session - 27/04/2026",6910460698397,"Instagram search results",instagram,inactive,campaign,768,1001,1.30338542,"7-day click or 1-day view","Messaging conversations started",1,11.02959775,11.02959775,,,2,5.51479887,11.01857917,0.2997003,,1,,,,,,,inactive,0.0999001,11.02959775,2023-07-20,2026-08-19
DegreeCraft,6769014077597,"In-stream reels",facebook,inactive,campaign,136,221,1.625,"7-day click or 1-day view","Messaging conversations started",,10.67,,,,2,5.335,48.28054299,0.90497738,,,,,,,,,inactive,,,2023-07-20,2026-08-19
"SKIES - 03/05/2026",6915936952597,"Search results",facebook,inactive,campaign,16,26,1.625,"7-day click or 1-day view","Messaging conversations started",,10.59020923,,,,,,407.3157398,0,,,,,,,,,inactive,,,2023-07-20,2026-08-19
"MMU - New",6673302606797,"In-stream reels",facebook,inactive,campaign,488,597,1.22336066,"7-day click or 1-day view","Messaging conversations started",,9.95,,,,6,1.65833333,16.66666667,1.00502513,,,,,,,,,inactive,,,2023-07-20,2026-08-19
"SK- LPU - Facebook + Insta + Whtsapp Ads",6612219196197,"Explore home",instagram,inactive,campaign,738,1381,1.87127371,"7-day click or 1-day view","Messaging conversations started",,9.88043968,,,,,,7.15455444,0,,,,,,,,,inactive,,,2023-07-20,2026-08-19
"LPU - SET 18/04/2025",6675261135997,"Facebook Reels",facebook,inactive,campaign,93,107,1.15053763,"7-day click or 1-day view","Messaging conversations started",,9.78,,,,,,91.40186916,0,,,,,,,,,inactive,,,2023-07-20,2026-08-19
"SKIES - 03/05/2026",6915936952597,"In-stream reels",facebook,inactive,campaign,236,290,1.22881356,"7-day click or 1-day view","Messaging conversations started",,9.34018454,,,,2,4.67009227,32.20753289,0.68965517,,,,,,,,,inactive,,,2023-07-20,2026-08-19
"Post: ""Want to Study Overseas?""",6881723895197,"Instagram Stories",instagram,inactive,campaign,343,353,1.02915452,"7-day click or 1-day view","Link clicks",4,8.96,2.24,,,4,2.24,25.38243626,1.13314448,,,,,,,,,inactive,1.13314448,,2023-07-20,2026-08-19
"JGND - Punjab - MAY 2025",6699157867197,"Search results",facebook,inactive,campaign,251,251,1,"7-day click or 1-day view","Messaging conversations started",1,8.86,8.86,,,6,1.47666667,35.29880478,1.5936255,,1,,,,,,,inactive,0.39840637,8.86,2023-07-20,2026-08-19
"LPU Page Ads - May 2025",6699045369797,Explore,instagram,inactive,campaign,448,507,1.13169643,"7-day click or 1-day view","Messaging conversations started",,8.82,,,,2,4.41,17.3964497,0.59171598,,,,,,,,,inactive,,,2023-07-20,2026-08-19
"FB Ads - 03/08/2026",6987226896197,"Facebook Stories",facebook,inactive,campaign,103,103,1,"7-day click or 1-day view","Messaging conversations started",,8.7597695,,,,,,85.04630581,0,,,,,,,,,inactive,,,2023-07-20,2026-08-19
"FB Ads - 22/03/2026",6887028626197,"Facebook Stories",facebook,inactive,campaign,135,135,1,"7-day click or 1-day view","Messaging conversations started",,8.73004626,,,,,,64.66700933,0.74074074,,,,,,,,,inactive,,,2023-07-20,2026-08-19
"FB Distance - 09/06/2026",6953152263197,"Search results",facebook,inactive,campaign,64,74,1.15625,"7-day click or 1-day view","Messaging conversations started",,8.59,,,,1,8.59,116.08108108,1.35135135,,,,,,,,,inactive,,,2023-07-20,2026-08-19
"LPU Patiala 19/04/2025",6675807605797,"Feed: video feeds",facebook,inactive,campaign,160,215,1.34375,"7-day click or 1-day view","Messaging conversations started",,8.45492245,,,,1,8.45492245,39.3252207,0.93023256,,,,,,,,,inactive,,,2023-07-20,2026-08-19
"FB Ads - 23rd Jan",6857822968197,"Facebook profile feed",facebook,inactive,campaign,125,125,1,"7-day click or 1-day view","Messaging conversations started",2,8.41003743,4.20501871,,,2,4.20501871,67.28029944,3.2,,2,,,,,,,inactive,1.6,4.20501871,2023-07-20,2026-08-19
"LPU Page Ads - May 2025",6699045369797,"Facebook Stories",facebook,inactive,campaign,208,208,1,"7-day click or 1-day view","Messaging conversations started",,8.36,,,,,,40.19230769,0,,,,,,,,,inactive,,,2023-07-20,2026-08-19
"Fb Ads -SK - 06/08/2026",6988772271597,Marketplace,facebook,inactive,campaign,128,504,3.9375,"7-day click or 1-day view","Messaging conversations started",,8.2195259,,,,1,8.2195259,16.30858314,0.1984127,,,,,,,,,inactive,,,2023-07-20,2026-08-19
"LPU Online – 20/25",6723531168997,"In-stream reels",facebook,inactive,campaign,288,318,1.10416667,"7-day click or 1-day view","Messaging conversations started",,8.20024444,,,,5,1.64004889,25.7869322,1.57232704,,,,,,,,,inactive,,,2023-07-20,2026-08-19
"MBA - Degreecraft",6830713058997,"Facebook profile feed",facebook,inactive,campaign,302,302,1,"7-day click or 1-day view","Messaging conversations started",,7.72026617,,,,1,7.72026617,25.56379526,0.66225166,,,,,,,,,inactive,,,2023-07-20,2026-08-19
"FB Ads - 22/03/2026",6887028626197,"Search results",facebook,inactive,campaign,42,42,1,"7-day click or 1-day view","Messaging conversations started",,7.57004011,,,,,,180.23905031,0,,,,,,,,,inactive,,,2023-07-20,2026-08-19
"MMU - New",6673302606797,Explore,instagram,inactive,campaign,268,302,1.12686567,"7-day click or 1-day view","Messaging conversations started",,7.34,,,,1,7.34,24.30463576,0.66225166,,,,,,,,,inactive,,,2023-07-20,2026-08-19
"SK-LPU-MAY 2025",6699121217397,"Search results",facebook,inactive,campaign,129,129,1,"7-day click or 1-day view","Messaging conversations started",,7.19,,,,1,7.19,55.73643411,1.5503876,,,,,,,,,inactive,,,2023-07-20,2026-08-19
"FB Online Ads - 13/05/2026",6924458397597,"Facebook Stories",facebook,inactive,campaign,67,67,1,"7-day click or 1-day view","Messaging conversations started",,6.98990545,,,,,,104.32694703,0,,,,,,,,,inactive,,,2023-07-20,2026-08-19
"LPU Online",6723178659597,"Instagram Stories",instagram,inactive,campaign,96,97,1.01041667,"7-day click or 1-day view","Messaging conversations started",,6.95,,,,,,71.64948454,0,,,,,,,,,inactive,,,2023-07-20,2026-08-19
"JGND - Punjab - MAY 2025",6699157867197,"Facebook profile feed",facebook,inactive,campaign,256,303,1.18359375,"7-day click or 1-day view","Messaging conversations started",,6.89,,,,,,22.73927393,0.66006601,,,,,,,,,inactive,,,2023-07-20,2026-08-19
"CU Oonline - MAY 2025",6699345212397,"Explore home",instagram,inactive,campaign,96,158,1.64583333,"7-day click or 1-day view","Messaging conversations started",1,6.78472561,6.78472561,,,1,6.78472561,42.94130134,0.63291139,,1,,,,,,,inactive,0.63291139,6.78472561,2023-07-20,2026-08-19
"LPU Punjab",6641565898197,"Facebook Reels",facebook,inactive,campaign,2000,2182,1.091,"7-day click or 1-day view","Link clicks",3,6.6601287,2.2200429,,,3,2.2200429,3.05230463,0.45829514,,,,,,,,,inactive,0.13748854,,2023-07-20,2026-08-19
"FB Ads - 23rd Jan",6857822968197,Explore,instagram,inactive,campaign,128,182,1.421875,"7-day click or 1-day view","Messaging conversations started",,6.26002786,,,,2,3.13001393,34.39575748,1.0989011,,,,,,,,,inactive,,,2023-07-20,2026-08-19
"LPU Distance Education Patiala",6668282295797,"Explore home",instagram,inactive,campaign,1589,1589,1,"7-day click or 1-day view","Messaging conversations started",,6.20995673,,,,,,3.90809108,0.06293266,,,,,,,,,inactive,,,2023-07-20,2026-08-19
"LPU Distance Education Patiala",6668282295797,"Search results",facebook,inactive,campaign,50,50,1,"7-day click or 1-day view","Messaging conversations started",,6.18995686,,,,,,123.79913729,0,,,,,,,,,inactive,,,2023-07-20,2026-08-19
"SK-LPU-MAY 2025 – 1",6724323110197,"Facebook profile feed",facebook,inactive,campaign,331,331,1,"7-day click or 1-day view","Messaging conversations started",,6.13029378,,,,1,6.13029378,18.52052501,0.3021148,,,,,,,,,inactive,,,2023-07-20,2026-08-19
"FB Ads - 23rd Jan",6857822968197,Marketplace,facebook,inactive,campaign,288,419,1.45486111,"7-day click or 1-day view","Messaging conversations started",,6.05002693,,,,2,3.02501346,14.43920507,0.47732697,,,,,,,,,inactive,,,2023-07-20,2026-08-19
"Tailored messages campaign 06/05/2025 Campaign",6710313106597,"Facebook Stories",facebook,inactive,campaign,173,173,1,"7-day click or 1-day view","Messaging conversations started",,5.95264572,,,,1,5.95264572,34.40835676,1.15606936,,,,,,,,,inactive,,,2023-07-20,2026-08-19
"FB - March 2026",6882906768197,"Facebook Stories",facebook,inactive,campaign,24,46,1.91666667,"7-day click or 1-day view","Messaging conversations started",,5.57024879,,,,,,121.09236505,0,,,,,,,,,inactive,,,2023-07-20,2026-08-19
MMU,6671478791197,Feed,facebook,inactive,campaign,104,104,1,"7-day click or 1-day view","Messaging conversations started",,5.47,,,,,,52.59615385,0.96153846,,,,,,,,,inactive,,,2023-07-20,2026-08-19
"New Engagement campaign",6931637948197,"Facebook Stories",facebook,inactive,campaign,64,64,1,"7-day click or 1-day view","Messaging conversations started",,5.44869144,,,,1,5.44869144,85.13580374,1.5625,,,,,,,,,inactive,,,2023-07-20,2026-08-19
"Tailored messages campaign 06/05/2025 Campaign",6710313106597,"Feed: video feeds",facebook,inactive,campaign,50,51,1.02,"7-day click or 1-day view","Messaging conversations started",,5.40147482,,,,,,105.91127098,1.96078431,,,,,,,,,inactive,,,2023-07-20,2026-08-19
"MBA - Degreecraft",6830713058997,Marketplace,facebook,inactive,campaign,48,176,3.66666667,"7-day click or 1-day view","Messaging conversations started",,5.37018515,,,,,,30.5124156,0,,,,,,,,,inactive,,,2023-07-20,2026-08-19
"Punjabi University",6642089283597,"Feed: video feeds",facebook,inactive,campaign,160,212,1.325,"7-day click or 1-day view","Messaging conversations started",,5.32,,,,2,2.66,25.09433962,2.35849057,,,,,,,,,inactive,,,2023-07-20,2026-08-19
"AMITY Ads",6768967611397,"Feed: video feeds",facebook,inactive,campaign,102,102,1,"7-day click or 1-day view","Messaging conversations started",,5.21,,,,,,51.07843137,0.98039216,,,,,,,,,inactive,,,2023-07-20,2026-08-19
"FB Ads Online - 31/07/2026",6986086789197,Marketplace,facebook,inactive,campaign,192,202,1.05208333,"7-day click or 1-day view","Messaging conversations started",,4.98994381,,,,,,24.70269211,0,,,,,,,,,inactive,,,2023-07-20,2026-08-19
"Punjabi University",6642089283597,"Search results",facebook,inactive,campaign,51,51,1,"7-day click or 1-day view","Messaging conversations started",,4.9,,,,1,4.9,96.07843137,1.96078431,,,,,,,,,inactive,,,2023-07-20,2026-08-19
"FB Ads - 23rd Jan",6857822968197,"In-stream reels",facebook,inactive,campaign,1152,1813,1.57378472,"7-day click or 1-day view","Messaging conversations started",,4.87002167,,,,6,0.81167028,2.6861675,0.33094319,,,,,,,,,inactive,,,2023-07-20,2026-08-19
"LPU Patiala 19/04/2025",6675807605797,"Facebook profile feed",facebook,inactive,campaign,128,150,1.171875,"7-day click or 1-day view","Messaging conversations started",,4.78278453,,,,,,31.88523022,0,,,,,,,,,inactive,,,2023-07-20,2026-08-19
"Messages Ad: 🎓Admission Open for - Distance & Online Learning...",6703091270997,"Facebook Reels",facebook,inactive,campaign,120,143,1.19166667,"7-day click or 1-day view","Messaging conversations started",,4.78,,,,,,33.42657343,0,,,,,,,,,inactive,,,2023-07-20,2026-08-19
"FB - March 2026 – Copy",6882908660797,"In-stream reels",facebook,inactive,campaign,156,195,1.25,"7-day click or 1-day view","Messaging conversations started",,4.72,,,,1,4.72,24.20512821,0.51282051,,,,,,,,,inactive,,,2023-07-20,2026-08-19
"Tailored messages campaign 06/05/2025 Campaign",6710313106597,Explore,instagram,inactive,campaign,369,408,1.10569106,"7-day click or 1-day view","Messaging conversations started",,4.68996329,,,,,,11.49500808,0,,,,,,,,,inactive,,,2023-07-20,2026-08-19
Skies,6832539425197,"Search results",facebook,inactive,campaign,18,18,1,"7-day click or 1-day view","Messaging conversations started",,4.62009433,,,,,,256.67190697,0,,,,,,,,,inactive,,,2023-07-20,2026-08-19
"MMU - 18/04/2025",6675281096797,"Feed: video feeds",facebook,inactive,campaign,44,44,1,"7-day click or 1-day view","Messaging conversations started",,4.58,,,,,,104.09090909,0,,,,,,,,,inactive,,,2023-07-20,2026-08-19
"FB Distance - 09/06/2026",6953152263197,"In-stream reels",facebook,inactive,campaign,74,74,1,"7-day click or 1-day view","Messaging conversations started",,4.37,,,,1,4.37,59.05405405,1.35135135,,,,,,,,,inactive,,,2023-07-20,2026-08-19
"LPU Patiala 19/04/2025",6675807605797,"Explore home",instagram,inactive,campaign,704,758,1.07670455,"7-day click or 1-day view","Messaging conversations started",,4.24246996,,,,,,5.59692607,0.13192612,,,,,,,,,inactive,,,2023-07-20,2026-08-19
"FB Ads - New Session - 27/04/2026",6910460698397,"Facebook profile feed",facebook,inactive,campaign,0,191,0,"7-day click or 1-day view","Messaging conversations started",,4.1898472,,,,,,21.93637275,0,,,,,,,,,inactive,,,2023-07-20,2026-08-19
"FB Ads - New Session - 27/04/2026",6910460698397,"Explore home",instagram,inactive,campaign,384,603,1.5703125,"7-day click or 1-day view","Messaging conversations started",,4.09985048,,,,,,6.79908869,0,,,,,,,,,inactive,,,2023-07-20,2026-08-19
"LPU Distance Education Patiala",6668282295797,"In-stream reels",facebook,inactive,campaign,192,283,1.47395833,"7-day click or 1-day view","Messaging conversations started",,4.03997185,,,,1,4.03997185,14.27551889,0.35335689,,,,,,,,,inactive,,,2023-07-20,2026-08-19
"Punjabi University",6642089283597,"In-stream reels",facebook,inactive,campaign,160,361,2.25625,"7-day click or 1-day view","Messaging conversations started",,4,,,,3,1.33333333,11.08033241,0.83102493,,,,,,,,,inactive,,,2023-07-20,2026-08-19
"Nov 2025 All Ads",6826267671197,"Facebook Reels",facebook,inactive,campaign,43,51,1.18604651,"7-day click or 1-day view","Messaging conversations started",,3.8,,,,,,74.50980392,1.96078431,,,,,,,,,inactive,,,2023-07-20,2026-08-19
"LPU Page Ads - May 2025",6699045369797,"Search results",facebook,inactive,campaign,40,55,1.375,"7-day click or 1-day view","Messaging conversations started",,3.77,,,,,,68.54545455,0,,,,,,,,,inactive,,,2023-07-20,2026-08-19
"SK-LPU-MAY 2025 – 1",6724323110197,"Explore home",instagram,inactive,campaign,419,419,1,"7-day click or 1-day view","Messaging conversations started",,3.65017493,,,,,,8.71163467,0.23866348,,,,,,,,,inactive,,,2023-07-20,2026-08-19
DegreeCraft,6769014077597,Marketplace,facebook,inactive,campaign,64,89,1.390625,"7-day click or 1-day view","Messaging conversations started",,3.64,,,,,,40.8988764,0,,,,,,,,,inactive,,,2023-07-20,2026-08-19
"Punjabi University",6642089283597,"Facebook profile feed",facebook,inactive,campaign,64,114,1.78125,"7-day click or 1-day view","Messaging conversations started",,3.57,,,,1,3.57,31.31578947,0.87719298,,,,,,,,,inactive,,,2023-07-20,2026-08-19
"FB Ads - 02/06/2026",6941440443997,"Search results",facebook,inactive,campaign,32,56,1.75,"7-day click or 1-day view","Messaging conversations started",,3.50995142,,,,,,62.67770392,0,,,,,,,,,inactive,,,2023-07-20,2026-08-19
"FB Ads - 22/03/2026",6887028626197,"In-stream reels",facebook,inactive,campaign,416,619,1.48798077,"7-day click or 1-day view","Messaging conversations started",,3.43001818,,,,5,0.68600364,5.54122484,0.80775444,,,,,,,,,inactive,,,2023-07-20,2026-08-19
"FB Distance - 09/06/2026",6953152263197,Marketplace,facebook,inactive,campaign,64,208,3.25,"7-day click or 1-day view","Messaging conversations started",,3.43,,,,,,16.49038462,0,,,,,,,,,inactive,,,2023-07-20,2026-08-19
"LPU Patiala 19/04/2025",6675807605797,"Search results",facebook,inactive,campaign,0,56,0,"7-day click or 1-day view","Messaging conversations started",,3.40198063,,,,,,60.74965412,1.78571429,,,,,,,,,inactive,,,2023-07-20,2026-08-19
"FB Ads - 08/07/2026",6979195968197,"Facebook Reels",facebook,inactive,campaign,48,48,1,"7-day click or 1-day view","Messaging conversations started",,3.28,,,,,,68.33333333,0,,,,,,,,,inactive,,,2023-07-20,2026-08-19
"Punjabi University",6642089283597,"Explore home",instagram,inactive,campaign,608,794,1.30592105,"7-day click or 1-day view","Messaging conversations started",,3.2,,,,,,4.0302267,0,,,,,,,,,inactive,,,2023-07-20,2026-08-19
"CU Oonline - MAY 2025",6699345212397,"Facebook profile feed",facebook,inactive,campaign,96,161,1.67708333,"7-day click or 1-day view","Messaging conversations started",,3.12217462,,,,,,19.39238893,0.62111801,,,,,,,,,inactive,,,2023-07-20,2026-08-19
"Fb Ads -SK - 06/08/2026",6988772271597,"Facebook profile feed",facebook,inactive,campaign,64,104,1.625,"7-day click or 1-day view","Messaging conversations started",,3.10982063,,,,1,3.10982063,29.90212141,0.96153846,,,,,,,,,inactive,,,2023-07-20,2026-08-19
"FB Ads Online - 07/08/2026",6989431968797,"Search results",facebook,inactive,campaign,16,41,2.5625,"7-day click or 1-day view","Messaging conversations started",,3.09,,,,1,3.09,75.36585366,2.43902439,,,,,,,,,inactive,,,2023-07-20,2026-08-19
"MMU - New",6673302606797,"Facebook profile feed",facebook,inactive,campaign,64,75,1.171875,"7-day click or 1-day view","Messaging conversations started",,3.06,,,,,,40.8,2.66666667,,,,,,,,,inactive,,,2023-07-20,2026-08-19
"SK-LPU-MAY 2025",6699121217397,"Explore home",instagram,inactive,campaign,540,540,1,"7-day click or 1-day view","Messaging conversations started",,3.04,,,,,,5.62962963,0,,,,,,,,,inactive,,,2023-07-20,2026-08-19
"LPU Patiala 19/04/2025",6675807605797,Marketplace,facebook,inactive,campaign,64,167,2.609375,"7-day click or 1-day view","Messaging conversations started",,2.97173014,,,,,,17.79479125,0,,,,,,,,,inactive,,,2023-07-20,2026-08-19
"SK-LPU-MAY 2025",6699121217397,Marketplace,facebook,inactive,campaign,128,229,1.7890625,"7-day click or 1-day view","Messaging conversations started",,2.94,,,,,,12.83842795,0,,,,,,,,,inactive,,,2023-07-20,2026-08-19
"MBA - Degreecraft",6830713058997,"Instagram search results",instagram,inactive,campaign,129,129,1,"7-day click or 1-day view","Messaging conversations started",,2.92010068,,,,,,22.63643935,0,,,,,,,,,inactive,,,2023-07-20,2026-08-19
"LPU - Sept",6804632076597,"Feed: video feeds",facebook,inactive,campaign,0,93,0,"7-day click or 1-day view","Messaging conversations started",,2.8989049,,,,1,2.8989049,31.17102048,1.07526882,,,,,,,,,inactive,,,2023-07-20,2026-08-19
Skies,6832539425197,"Facebook profile feed",facebook,inactive,campaign,28,29,1.03571429,"7-day click or 1-day view","Messaging conversations started",,2.85005819,,,,,,98.27786855,0,,,,,,,,,inactive,,,2023-07-20,2026-08-19
"MMU - 18/04/2025",6675281096797,"In-stream reels",facebook,inactive,campaign,172,189,1.09883721,"7-day click or 1-day view","Messaging conversations started",,2.8,,,,,,14.81481481,0,,,,,,,,,inactive,,,2023-07-20,2026-08-19
"Post: ""Want to Study Overseas?""",6881723895197,"Instagram Reels",instagram,inactive,campaign,15,19,1.26666667,"7-day click or 1-day view","Link clicks",,2.8,,,,,,147.36842105,0,,,,,,,,,inactive,,,2023-07-20,2026-08-19
"New Engagement campaign",6931637948197,"Explore home",instagram,inactive,campaign,324,341,1.05246914,"7-day click or 1-day view","Messaging conversations started",,2.78933011,,,,,,8.1798537,0,,,,,,,,,inactive,,,2023-07-20,2026-08-19
"FB Ads Online - 31/07/2026",6986086789197,"Facebook profile feed",facebook,inactive,campaign,48,57,1.1875,"7-day click or 1-day view","Messaging conversations started",,2.74996903,,,,,,48.24507072,0,,,,,,,,,inactive,,,2023-07-20,2026-08-19
"FB Ads - 08/07/2026",6979195968197,Feed,facebook,inactive,campaign,65,65,1,"7-day click or 1-day view","Messaging conversations started",,2.73,,,,,,42,0,,,,,,,,,inactive,,,2023-07-20,2026-08-19
"CU Oonline - MAY 2025",6699345212397,Marketplace,facebook,inactive,campaign,16,79,4.9375,"7-day click or 1-day view","Messaging conversations started",,2.62182612,,,,,,33.18767242,0,,,,,,,,,inactive,,,2023-07-20,2026-08-19
"FB Ads Online - 31/07/2026",6986086789197,"Explore home",instagram,inactive,campaign,660,660,1,"7-day click or 1-day view","Messaging conversations started",,2.57997095,,,,,,3.90904689,0,,,,,,,,,inactive,,,2023-07-20,2026-08-19
"LPU - SET 18/04/2025",6675261135997,"Facebook Stories",facebook,inactive,campaign,34,36,1.05882353,"7-day click or 1-day view","Messaging conversations started",,2.51,,,,,,69.72222222,0,,,,,,,,,inactive,,,2023-07-20,2026-08-19
Skies,6832539425197,"Instagram search results",instagram,inactive,campaign,62,63,1.01612903,"7-day click or 1-day view","Messaging conversations started",,2.48005063,,,,,,39.36588307,0,,,,,,,,,inactive,,,2023-07-20,2026-08-19
"FB Online Ads - 13/05/2026",6924458397597,"Search results",facebook,inactive,campaign,56,67,1.19642857,"7-day click or 1-day view","Messaging conversations started",,2.44996686,,,,2,1.22498343,36.56666956,2.98507463,,,,,,,,,inactive,,,2023-07-20,2026-08-19
MMU,6671478791197,"Explore home",instagram,inactive,campaign,628,694,1.10509554,"7-day click or 1-day view","Messaging conversations started",,2.41,,,,,,3.47262248,0,,,,,,,,,inactive,,,2023-07-20,2026-08-19
"LPU Distance Education Patiala",6668282295797,Marketplace,facebook,inactive,campaign,0,101,0,"7-day click or 1-day view","Messaging conversations started",,2.39998328,,,,1,2.39998328,23.76221065,0.99009901,,,,,,,,,inactive,,,2023-07-20,2026-08-19
"FB Ads - 14/06/2026",6959678385397,"Facebook profile feed",facebook,inactive,campaign,120,120,1,"7-day click or 1-day view","Messaging conversations started",,2.39997668,,,,1,2.39997668,19.99980567,0.83333333,,,,,,,,,inactive,,,2023-07-20,2026-08-19
"MMU - 18/04/2025",6675281096797,Explore,instagram,inactive,campaign,122,123,1.00819672,"7-day click or 1-day view","Messaging conversations started",,2.35,,,,,,19.10569106,0,,,,,,,,,inactive,,,2023-07-20,2026-08-19
"Post: ""Want to Study Overseas?""",6881723895197,Feed,instagram,inactive,campaign,21,26,1.23809524,"7-day click or 1-day view","Link clicks",,2.32,,,,,,89.23076923,0,,,,,,,,,inactive,,,2023-07-20,2026-08-19
"FB - March 2026 – Copy",6882908660797,"Facebook profile feed",facebook,inactive,campaign,64,71,1.109375,"7-day click or 1-day view","Messaging conversations started",,2.26,,,,,,31.83098592,1.4084507,,,,,,,,,inactive,,,2023-07-20,2026-08-19
"Messages Ad: 🎓Admission Open for - Distance & Online Learning...",6703091270997,Explore,instagram,inactive,campaign,180,180,1,"7-day click or 1-day view","Messaging conversations started",,2.08,,,,,,11.55555556,0,,,,,,,,,inactive,,,2023-07-20,2026-08-19
"MMU - 18/04/2025",6675281096797,"Facebook profile feed",facebook,inactive,campaign,34,37,1.08823529,"7-day click or 1-day view","Messaging conversations started",,2.04,,,,,,55.13513514,0,,,,,,,,,inactive,,,2023-07-20,2026-08-19
"LPU - SET 18/04/2025",6675261135997,Explore,instagram,inactive,campaign,82,91,1.1097561,"7-day click or 1-day view","Messaging conversations started",,2.02,,,,,,22.1978022,0,,,,,,,,,inactive,,,2023-07-20,2026-08-19
"FB Ads - 08/07/2026",6979195968197,"Instagram Stories",instagram,inactive,campaign,46,46,1,"7-day click or 1-day view","Messaging conversations started",,2.02,,,,1,2.02,43.91304348,2.17391304,,,,,,,,,inactive,,,2023-07-20,2026-08-19
DegreeCraft,6769014077597,"Explore home",instagram,inactive,campaign,200,208,1.04,"7-day click or 1-day view","Messaging conversations started",,1.99,,,,,,9.56730769,0,,,,,,,,,inactive,,,2023-07-20,2026-08-19
"LPU Patiala 19/04/2025",6675807605797,"In-stream reels",facebook,inactive,campaign,288,340,1.18055556,"7-day click or 1-day view","Messaging conversations started",,1.95113595,,,,,,5.73863515,0,,,,,,,,,inactive,,,2023-07-20,2026-08-19
"LPU Online",6723178659597,"Facebook Reels",facebook,inactive,campaign,23,24,1.04347826,"7-day click or 1-day view","Messaging conversations started",,1.89,,,,,,78.75,4.16666667,,,,,,,,,inactive,,,2023-07-20,2026-08-19
"JGND - Punjab - MAY 2025",6699157867197,Marketplace,facebook,inactive,campaign,48,105,2.1875,"7-day click or 1-day view","Messaging conversations started",,1.89,,,,,,18,0,,,,,,,,,inactive,,,2023-07-20,2026-08-19
MMU,6671478791197,"Facebook Stories",facebook,inactive,campaign,11,11,1,"7-day click or 1-day view","Messaging conversations started",,1.87,,,,,,170,0,,,,,,,,,inactive,,,2023-07-20,2026-08-19
"MBA - Degreecraft",6830713058997,Explore,instagram,inactive,campaign,96,109,1.13541667,"7-day click or 1-day view","Messaging conversations started",,1.84006344,,,,,,16.88131596,0,,,,,,,,,inactive,,,2023-07-20,2026-08-19
"SKIES - 03/05/2026",6915936952597,"Facebook profile feed",facebook,inactive,campaign,31,33,1.06451613,"7-day click or 1-day view","Messaging conversations started",,1.80003556,,,,,,54.54653224,0,,,,,,,,,inactive,,,2023-07-20,2026-08-19
"LPU - 26/04",6685419908397,"Search results",facebook,inactive,campaign,37,37,1,"7-day click or 1-day view","Messaging conversations started",,1.77001798,,,,,,47.83832391,0,,,,,,,,,inactive,,,2023-07-20,2026-08-19
DegreeCraft,6769014077597,"Feed: video feeds",facebook,inactive,campaign,16,36,2.25,"7-day click or 1-day view","Messaging conversations started",,1.67,,,,,,46.38888889,0,,,,,,,,,inactive,,,2023-07-20,2026-08-19
"JGND - Punjab - MAY 2025",6699157867197,"Explore home",instagram,inactive,campaign,160,190,1.1875,"7-day click or 1-day view","Messaging conversations started",,1.66,,,,,,8.73684211,0,,,,,,,,,inactive,,,2023-07-20,2026-08-19
"FB Ads - 02/06/2026",6941440443997,"In-stream reels",facebook,inactive,campaign,38,38,1,"7-day click or 1-day view","Messaging conversations started",,1.59997786,,,,,,42.1046804,0,,,,,,,,,inactive,,,2023-07-20,2026-08-19
"Feb Ads - 31st Jan",6861084796197,"Facebook notifications",facebook,inactive,campaign,0,95,0,"7-day click or 1-day view","Messaging conversations started",,1.56000329,,,,,,16.42108725,1.05263158,,,,,,,,,inactive,,,2023-07-20,2026-08-19
"FB Ads - 03/08/2026",6987226896197,Marketplace,facebook,inactive,campaign,56,70,1.25,"7-day click or 1-day view","Messaging conversations started",,1.52995974,,,,,,21.85656773,0,,,,,,,,,inactive,,,2023-07-20,2026-08-19
"Punjabi University",6642089283597,Marketplace,facebook,inactive,campaign,64,77,1.203125,"7-day click or 1-day view","Messaging conversations started",,1.45,,,,,,18.83116883,0,,,,,,,,,inactive,,,2023-07-20,2026-08-19
"New Session Ads - Nov 2025",6826134714197,"Instagram Reels",instagram,inactive,campaign,42,42,1,"7-day click or 1-day view","Messaging conversations started",,1.44,,,,,,34.28571429,0,,,,,,,,,inactive,,,2023-07-20,2026-08-19
"FB Ads - 02/06/2026",6941440443997,Marketplace,facebook,inactive,campaign,64,126,1.96875,"7-day click or 1-day view","Messaging conversations started",,1.43998007,,,,,,11.42841325,0,,,,,,,,,inactive,,,2023-07-20,2026-08-19
"LPU Punjab",6641565898197,"Ads on Facebook Reels",facebook,inactive,campaign,151,151,1,"7-day click or 1-day view","Link clicks",1,1.41002725,1.41002725,,,1,1.41002725,9.33792879,0.66225166,,,,,,,,,inactive,0.66225166,,2023-07-20,2026-08-19
"MBA - Degreecraft",6830713058997,"Explore home",instagram,inactive,campaign,32,36,1.125,"7-day click or 1-day view","Messaging conversations started",,1.40004827,,,,,,38.8902297,0,,,,,,,,,inactive,,,2023-07-20,2026-08-19
"FB Ads - 22/03/2026",6887028626197,"Facebook profile feed",facebook,inactive,campaign,67,67,1,"7-day click or 1-day view","Messaging conversations started",,1.39000737,,,,,,20.74637859,0,,,,,,,,,inactive,,,2023-07-20,2026-08-19
"FB Ads - 01/07/2026",6976611088797,"Facebook notifications",facebook,active,campaign,0,89,0,"7-day click or 1-day view","Messaging conversations started",,1.34998755,,,,,,15.1683994,0,,,,,,,,,active,,,2023-07-20,2026-08-19
"SK-LPU-MAY 2025 – 1",6724323110197,"In-stream reels",facebook,inactive,campaign,32,68,2.125,"7-day click or 1-day view","Messaging conversations started",,1.29006182,,,,,,18.9714974,0,,,,,,,,,inactive,,,2023-07-20,2026-08-19
"MMU - New",6673302606797,Marketplace,facebook,inactive,campaign,28,28,1,"7-day click or 1-day view","Messaging conversations started",,1.29,,,,,,46.07142857,0,,,,,,,,,inactive,,,2023-07-20,2026-08-19
"MMU - New",6673302606797,"Explore home",instagram,inactive,campaign,279,279,1,"7-day click or 1-day view","Messaging conversations started",,1.27,,,,,,4.55197133,0,,,,,,,,,inactive,,,2023-07-20,2026-08-19
"FB Ads Online - 07/08/2026",6989431968797,Marketplace,facebook,inactive,campaign,32,41,1.28125,"7-day click or 1-day view","Messaging conversations started",,1.25,,,,,,30.48780488,0,,,,,,,,,inactive,,,2023-07-20,2026-08-19
"Nov 2025 All Ads",6826267671197,"Facebook Stories",facebook,inactive,campaign,19,19,1,"7-day click or 1-day view","Messaging conversations started",,1.22,,,,,,64.21052632,0,,,,,,,,,inactive,,,2023-07-20,2026-08-19
"FB Ads - 03/08/2026",6987226896197,"Search results",facebook,inactive,campaign,23,23,1,"7-day click or 1-day view","Messaging conversations started",,1.2199679,,,,1,1.2199679,53.04208253,4.34782609,,,,,,,,,inactive,,,2023-07-20,2026-08-19
"LPU - 26/04",6685419908397,"Feed: video feeds",facebook,inactive,campaign,30,30,1,"7-day click or 1-day view","Messaging conversations started",,1.21001229,,,,,,40.33374315,0,,,,,,,,,inactive,,,2023-07-20,2026-08-19
"SK-LPU-MAY 2025",6699121217397,"Facebook profile feed",facebook,inactive,campaign,64,75,1.171875,"7-day click or 1-day view","Messaging conversations started",,1.14,,,,,,15.2,0,,,,,,,,,inactive,,,2023-07-20,2026-08-19
"LPU - SET 18/04/2025",6675261135997,"In-stream reels",facebook,inactive,campaign,3,3,1,"7-day click or 1-day view","Messaging conversations started",,1.08,,,,,,360,0,,,,,,,,,inactive,,,2023-07-20,2026-08-19
"FB Ads - 14/06/2026",6959678385397,"Facebook notifications",facebook,inactive,campaign,0,34,0,"7-day click or 1-day view","Messaging conversations started",,1.0599897,,,,,,31.17616767,5.88235294,,,,,,,,,inactive,,,2023-07-20,2026-08-19
"LPU Online – 20/25",6723531168997,"Explore home",instagram,inactive,campaign,64,109,1.703125,"7-day click or 1-day view","Messaging conversations started",,0.96002862,,,,,,8.80760199,0,,,,,,,,,inactive,,,2023-07-20,2026-08-19
"FB Ads - 03/08/2026",6987226896197,"In-stream reels",facebook,inactive,campaign,8,10,1.25,"7-day click or 1-day view","Messaging conversations started",,0.95997474,,,,,,95.99747395,0,,,,,,,,,inactive,,,2023-07-20,2026-08-19
"Messages Ad: 🎓Admission Open for - Distance & Online Learning...",6703091270997,"Facebook Stories",facebook,inactive,campaign,38,38,1,"7-day click or 1-day view","Messaging conversations started",,0.94,,,,,,24.73684211,0,,,,,,,,,inactive,,,2023-07-20,2026-08-19
"MMU - 18/04/2025",6675281096797,Marketplace,facebook,inactive,campaign,24,25,1.04166667,"7-day click or 1-day view","Messaging conversations started",,0.94,,,,,,37.6,0,,,,,,,,,inactive,,,2023-07-20,2026-08-19
"MMU - New",6673302606797,"Search results",facebook,inactive,campaign,4,5,1.25,"7-day click or 1-day view","Messaging conversations started",,0.89,,,,1,0.89,178,20,,,,,,,,,inactive,,,2023-07-20,2026-08-19
MMU,6671478791197,"Facebook Reels",facebook,inactive,campaign,15,15,1,"7-day click or 1-day view","Messaging conversations started",1,0.87,0.87,,,1,0.87,58,6.66666667,,1,,,,,,,inactive,6.66666667,0.87,2023-07-20,2026-08-19
"LPU Page Ads - May 2025",6699045369797,"In-stream reels",facebook,inactive,campaign,101,101,1,"7-day click or 1-day view","Messaging conversations started",,0.85,,,,1,0.85,8.41584158,0.99009901,,,,,,,,,inactive,,,2023-07-20,2026-08-19
"FB Distance - 09/06/2026",6953152263197,"Facebook profile feed",facebook,inactive,campaign,28,28,1,"7-day click or 1-day view","Messaging conversations started",,0.85,,,,,,30.35714286,0,,,,,,,,,inactive,,,2023-07-20,2026-08-19
"FB Ads - New Session - 27/04/2026",6910460698397,"Facebook notifications",facebook,inactive,campaign,0,41,0,"7-day click or 1-day view","Messaging conversations started",,0.82996973,,,,,,20.24316417,4.87804878,,,,,,,,,inactive,,,2023-07-20,2026-08-19
"LPU - 26/04",6685419908397,"Facebook profile feed",facebook,inactive,campaign,24,39,1.625,"7-day click or 1-day view","Messaging conversations started",,0.82000833,,,,,,21.02585466,0,,,,,,,,,inactive,,,2023-07-20,2026-08-19
"LPU Punjab",6641565898197,"Instagram Stories",instagram,inactive,campaign,82,82,1,"7-day click or 1-day view","Link clicks",,0.78001507,,,,,,9.51237894,2.43902439,,,,,,,,,inactive,,,2023-07-20,2026-08-19
"LPU - 26/04",6685419908397,"Explore home",instagram,inactive,campaign,248,282,1.13709677,"7-day click or 1-day view","Messaging conversations started",,0.77000782,,,,,,2.7305242,0,,,,,,,,,inactive,,,2023-07-20,2026-08-19
"FB Ads - 23rd Jan",6857822968197,"Instagram search results",instagram,inactive,campaign,48,75,1.5625,"7-day click or 1-day view","Messaging conversations started",,0.77000343,,,,1,0.77000343,10.26671236,1.33333333,,,,,,,,,inactive,,,2023-07-20,2026-08-19
"Tailored messages campaign 06/05/2025 Campaign",6710313106597,"In-stream reels",facebook,inactive,campaign,195,198,1.01538462,"7-day click or 1-day view","Messaging conversations started",,0.74157539,,,,,,3.74533027,0,,,,,,,,,inactive,,,2023-07-20,2026-08-19
"Fb Ads -SK - 06/08/2026",6988772271597,"In-stream reels",facebook,inactive,campaign,0,28,0,"7-day click or 1-day view","Messaging conversations started",,0.70995905,,,,,,25.35568035,0,,,,,,,,,inactive,,,2023-07-20,2026-08-19
"Fb Ads -SK - 06/08/2026",6988772271597,"Facebook notifications",facebook,inactive,campaign,0,20,0,"7-day click or 1-day view","Messaging conversations started",,0.70995905,,,,,,35.49795249,0,,,,,,,,,inactive,,,2023-07-20,2026-08-19
Skies,6832539425197,Explore,instagram,inactive,campaign,15,15,1,"7-day click or 1-day view","Messaging conversations started",,0.68001388,,,,,,45.33425889,0,,,,,,,,,inactive,,,2023-07-20,2026-08-19
"Nov 2025 All Ads",6826267671197,"In-stream reels",facebook,inactive,campaign,4,4,1,"7-day click or 1-day view","Messaging conversations started",,0.68,,,,,,170,0,,,,,,,,,inactive,,,2023-07-20,2026-08-19
"LPU Punjab",6641565898197,"Facebook profile feed",facebook,inactive,campaign,96,129,1.34375,"7-day click or 1-day view","Link clicks",2,0.67001295,0.33500647,,,2,0.33500647,5.19389882,2.3255814,,,,,,,,,inactive,1.5503876,,2023-07-20,2026-08-19
"MMU - 18/04/2025",6675281096797,"Explore home",instagram,inactive,campaign,58,60,1.03448276,"7-day click or 1-day view","Messaging conversations started",,0.67,,,,,,11.16666667,0,,,,,,,,,inactive,,,2023-07-20,2026-08-19
"FB Online Ads - 13/05/2026",6924458397597,"In-stream reels",facebook,inactive,campaign,24,68,2.83333333,"7-day click or 1-day view","Messaging conversations started",,0.61999161,,,,2,0.30999581,9.11752373,2.94117647,,,,,,,,,inactive,,,2023-07-20,2026-08-19
"LPU - 26/04",6685419908397,"In-stream reels",facebook,inactive,campaign,52,52,1,"7-day click or 1-day view","Messaging conversations started",,0.6100062,,,,,,11.73088843,0,,,,,,,,,inactive,,,2023-07-20,2026-08-19
"FB Online Ads - 13/05/2026",6924458397597,"Instagram search results",instagram,inactive,campaign,68,68,1,"7-day click or 1-day view","Messaging conversations started",,0.55999243,,,,,,8.23518272,0,,,,,,,,,inactive,,,2023-07-20,2026-08-19
"New Engagement campaign",6931637948197,"In-stream reels",facebook,inactive,campaign,33,33,1,"7-day click or 1-day view","Messaging conversations started",,0.53987034,,,,,,16.35970741,0,,,,,,,,,inactive,,,2023-07-20,2026-08-19
"FB Ads Online - 07/08/2026",6989431968797,"In-stream reels",facebook,inactive,campaign,16,19,1.1875,"7-day click or 1-day view","Messaging conversations started",,0.53,,,,,,27.89473684,0,,,,,,,,,inactive,,,2023-07-20,2026-08-19
"FB - March 2026 – Copy",6882908660797,Marketplace,facebook,inactive,campaign,26,39,1.5,"7-day click or 1-day view","Messaging conversations started",,0.52,,,,,,13.33333333,0,,,,,,,,,inactive,,,2023-07-20,2026-08-19
"FB Ads - 22/03/2026",6887028626197,"Instagram search results",instagram,inactive,campaign,16,56,3.5,"7-day click or 1-day view","Messaging conversations started",,0.5100027,,,,,,9.10719112,0,,,,,,,,,inactive,,,2023-07-20,2026-08-19
"LPU Page Ads - May 2025",6699045369797,"Explore home",instagram,inactive,campaign,96,100,1.04166667,"7-day click or 1-day view","Messaging conversations started",,0.51,,,,,,5.1,0,,,,,,,,,inactive,,,2023-07-20,2026-08-19
"LPU - 26/04",6685419908397,Marketplace,facebook,inactive,campaign,24,31,1.29166667,"7-day click or 1-day view","Messaging conversations started",,0.49000498,,,,,,15.80661222,0,,,,,,,,,inactive,,,2023-07-20,2026-08-19
"New Session Ads - Nov 2025",6826134714197,"Instagram Stories",instagram,inactive,campaign,12,12,1,"7-day click or 1-day view","Messaging conversations started",,0.47,,,,,,39.16666667,0,,,,,,,,,inactive,,,2023-07-20,2026-08-19
"SK- LPU - Facebook + Insta + Whtsapp Ads",6612219196197,"Profile feed",instagram,inactive,campaign,0,15,0,"7-day click or 1-day view","Messaging conversations started",,0.45955533,,,,,,30.63702227,0,,,,,,,,,inactive,,,2023-07-20,2026-08-19
"New Engagement campaign",6931637948197,"Facebook profile feed",facebook,inactive,campaign,20,20,1,"7-day click or 1-day view","Messaging conversations started",,0.42989676,,,,,,21.49483779,0,,,,,,,,,inactive,,,2023-07-20,2026-08-19
"LPU Punjab",6641565898197,"Instagram Reels",instagram,inactive,campaign,32,66,2.0625,"7-day click or 1-day view","Link clicks",,0.42000812,,,,,,6.36375934,0,,,,,,,,,inactive,,,2023-07-20,2026-08-19
"New Engagement campaign",6931637948197,Marketplace,facebook,inactive,campaign,8,12,1.5,"7-day click or 1-day view","Messaging conversations started",,0.41989916,,,,,,34.9915964,0,,,,,,,,,inactive,,,2023-07-20,2026-08-19
"New Session Ads - Nov 2025",6826134714197,Feed,instagram,inactive,campaign,14,15,1.07142857,"7-day click or 1-day view","Messaging conversations started",,0.4,,,,,,26.66666667,0,,,,,,,,,inactive,,,2023-07-20,2026-08-19
"Post: ""Want to Study Overseas?""",6881723895197,"Facebook Reels",facebook,inactive,campaign,46,55,1.19565217,"7-day click or 1-day view","Link clicks",,0.39,,,,,,7.09090909,1.81818182,,,,,,,,,inactive,,,2023-07-20,2026-08-19
"FB - March 2026",6882906768197,Marketplace,facebook,inactive,campaign,24,33,1.375,"7-day click or 1-day view","Messaging conversations started",,0.35001563,,,,,,10.60653434,0,,,,,,,,,inactive,,,2023-07-20,2026-08-19
"FB - March 2026",6882906768197,"In-stream reels",facebook,inactive,campaign,8,20,2.5,"7-day click or 1-day view","Messaging conversations started",,0.34001519,,,,,,17.00075933,0,,,,,,,,,inactive,,,2023-07-20,2026-08-19
"FB Ads - 03/08/2026",6987226896197,"Facebook profile feed",facebook,inactive,campaign,8,9,1.125,"7-day click or 1-day view","Messaging conversations started",,0.33999105,,,,,,37.77678373,0,,,,,,,,,inactive,,,2023-07-20,2026-08-19
"LPU Online",6723178659597,Explore,instagram,inactive,campaign,17,19,1.11764706,"7-day click or 1-day view","Messaging conversations started",,0.33,,,,,,17.36842105,0,,,,,,,,,inactive,,,2023-07-20,2026-08-19
"Tailored messages campaign 06/05/2025 Campaign",6710313106597,"Search results",facebook,inactive,campaign,4,4,1,"7-day click or 1-day view","Messaging conversations started",,0.32068125,,,,,,80.17031273,0,,,,,,,,,inactive,,,2023-07-20,2026-08-19
"LPU Punjab",6641565898197,Feed,instagram,inactive,campaign,28,28,1,"7-day click or 1-day view","Link clicks",,0.3000058,,,,,,10.71449277,0,,,,,,,,,inactive,,,2023-07-20,2026-08-19
"FB - March 2026",6882906768197,"Instagram search results",instagram,inactive,campaign,8,28,3.5,"7-day click or 1-day view","Messaging conversations started",,0.29001295,,,,,,10.35760547,0,,,,,,,,,inactive,,,2023-07-20,2026-08-19
"LPU Page Ads - May 2025",6699045369797,"Feed: video feeds",facebook,inactive,campaign,8,11,1.375,"7-day click or 1-day view","Messaging conversations started",,0.29,,,,1,0.29,26.36363636,9.09090909,,,,,,,,,inactive,,,2023-07-20,2026-08-19
"New Engagement campaign",6931637948197,"Search results",facebook,inactive,campaign,7,7,1,"7-day click or 1-day view","Messaging conversations started",,0.28993037,,,,,,41.41862431,0,,,,,,,,,inactive,,,2023-07-20,2026-08-19
Skies,6832539425197,"Facebook notifications",facebook,inactive,campaign,0,1,0,"7-day click or 1-day view","Messaging conversations started",,0.27000551,,,,,,270.00551253,0,,,,,,,,,inactive,,,2023-07-20,2026-08-19
Skies,6832539425197,"Explore home",instagram,inactive,campaign,14,14,1,"7-day click or 1-day view","Messaging conversations started",,0.27000551,,,,,,19.28610804,0,,,,,,,,,inactive,,,2023-07-20,2026-08-19
"LPU - SET 18/04/2025",6675261135997,"Explore home",instagram,inactive,campaign,20,20,1,"7-day click or 1-day view","Messaging conversations started",,0.27,,,,,,13.5,0,,,,,,,,,inactive,,,2023-07-20,2026-08-19
"Tailored messages campaign 06/05/2025 Campaign",6710313106597,"Facebook profile feed",facebook,inactive,campaign,12,21,1.75,"7-day click or 1-day view","Messaging conversations started",,0.26055352,,,,,,12.4073103,4.76190476,,,,,,,,,inactive,,,2023-07-20,2026-08-19
"SKIES - 03/05/2026",6915936952597,"Facebook notifications",facebook,inactive,campaign,3,5,1.66666667,"7-day click or 1-day view","Messaging conversations started",,0.26000514,,,,,,52.0010274,0,,,,,,,,,inactive,,,2023-07-20,2026-08-19
"Nov 2025 All Ads",6826267671197,Explore,instagram,inactive,campaign,10,11,1.1,"7-day click or 1-day view","Messaging conversations started",,0.26,,,,,,23.63636364,0,,,,,,,,,inactive,,,2023-07-20,2026-08-19
"FB Ads - 23rd Jan",6857822968197,"Facebook notifications",facebook,inactive,campaign,55,55,1,"7-day click or 1-day view","Messaging conversations started",,0.25000111,,,,,,4.54547478,1.81818182,,,,,,,,,inactive,,,2023-07-20,2026-08-19
"FB Ads Online - 31/07/2026",6986086789197,"Facebook notifications",facebook,inactive,campaign,16,16,1,"7-day click or 1-day view","Messaging conversations started",,0.20999764,,,,,,13.12485219,0,,,,,,,,,inactive,,,2023-07-20,2026-08-19
"MBA - Degreecraft",6830713058997,"Facebook notifications",facebook,inactive,campaign,17,17,1,"7-day click or 1-day view","Messaging conversations started",,0.2000069,,,,,,11.7651115,0,,,,,,,,,inactive,,,2023-07-20,2026-08-19
MMU,6671478791197,"Feed: video feeds",facebook,inactive,campaign,0,7,0,"7-day click or 1-day view","Messaging conversations started",,0.2,,,,,,28.57142857,0,,,,,,,,,inactive,,,2023-07-20,2026-08-19
"FB Distance - 09/06/2026",6953152263197,"Explore home",instagram,inactive,campaign,34,34,1,"7-day click or 1-day view","Messaging conversations started",,0.18,,,,,,5.29411765,0,,,,,,,,,inactive,,,2023-07-20,2026-08-19
"LPU Online",6723178659597,"Facebook Stories",facebook,inactive,campaign,3,3,1,"7-day click or 1-day view","Messaging conversations started",,0.17,,,,,,56.66666667,0,,,,,,,,,inactive,,,2023-07-20,2026-08-19
"FB Online Ads - 13/05/2026",6924458397597,"Facebook profile feed",facebook,inactive,campaign,0,10,0,"7-day click or 1-day view","Messaging conversations started",,0.1699977,,,,,,16.99977005,0,,,,,,,,,inactive,,,2023-07-20,2026-08-19
"FB Ads - 02/06/2026",6941440443997,"Facebook profile feed",facebook,inactive,campaign,13,13,1,"7-day click or 1-day view","Messaging conversations started",,0.16999765,,,,,,13.07674209,0,,,,,,,,,inactive,,,2023-07-20,2026-08-19
"LPU Page Ads - May 2025",6699045369797,"Facebook profile feed",facebook,inactive,campaign,8,20,2.5,"7-day click or 1-day view","Messaging conversations started",,0.16,,,,,,8,0,,,,,,,,,inactive,,,2023-07-20,2026-08-19
"FB Ads Online - 07/08/2026",6989431968797,"Facebook profile feed",facebook,inactive,campaign,0,9,0,"7-day click or 1-day view","Messaging conversations started",,0.16,,,,,,17.77777778,0,,,,,,,,,inactive,,,2023-07-20,2026-08-19
"FB Online Ads - 13/05/2026",6924458397597,"Explore home",instagram,inactive,campaign,24,36,1.5,"7-day click or 1-day view","Messaging conversations started",,0.15999784,,,,,,4.44438433,0,,,,,,,,,inactive,,,2023-07-20,2026-08-19
"Messages Ad: 🎓Admission Open for - Distance & Online Learning...",6703091270997,"In-stream reels",facebook,inactive,campaign,40,49,1.225,"7-day click or 1-day view","Messaging conversations started",,0.14,,,,,,2.85714286,0,,,,,,,,,inactive,,,2023-07-20,2026-08-19
"Nov 2025 All Ads",6826267671197,"Search results",facebook,inactive,campaign,2,3,1.5,"7-day click or 1-day view","Messaging conversations started",,0.14,,,,,,46.66666667,0,,,,,,,,,inactive,,,2023-07-20,2026-08-19
"FB - March 2026",6882906768197,"Facebook profile feed",facebook,inactive,campaign,0,4,0,"7-day click or 1-day view","Messaging conversations started",,0.13000581,,,,,,32.50145166,0,,,,,,,,,inactive,,,2023-07-20,2026-08-19
"Messages Ad: 🎓Admission Open for - Distance & Online Learning...",6703091270997,"Ads on Facebook Reels",facebook,inactive,campaign,0,2,0,"7-day click or 1-day view","Messaging conversations started",,0.13,,,,,,65,0,,,,,,,,,inactive,,,2023-07-20,2026-08-19
"FB Ads - 08/07/2026",6979195968197,"Facebook Stories",facebook,inactive,campaign,2,2,1,"7-day click or 1-day view","Messaging conversations started",,0.13,,,,,,65,0,,,,,,,,,inactive,,,2023-07-20,2026-08-19
"Post: ""Want to Study Overseas?""",6881723895197,Marketplace,facebook,inactive,campaign,6,6,1,"7-day click or 1-day view","Link clicks",,0.11,,,,,,18.33333333,0,,,,,,,,,inactive,,,2023-07-20,2026-08-19
"LPU - SET 18/04/2025",6675261135997,"Feed: video feeds",facebook,inactive,campaign,3,3,1,"7-day click or 1-day view","Messaging conversations started",,0.11,,,,,,36.66666667,0,,,,,,,,,inactive,,,2023-07-20,2026-08-19
"New Session Ads - Nov 2025",6826134714197,Marketplace,facebook,inactive,campaign,1,1,1,"7-day click or 1-day view","Messaging conversations started",,0.11,,,,,,110,0,,,,,,,,,inactive,,,2023-07-20,2026-08-19
"Nov 2025 All Ads",6826267671197,Marketplace,facebook,inactive,campaign,2,2,1,"7-day click or 1-day view","Messaging conversations started",,0.11,,,,,,55,0,,,,,,,,,inactive,,,2023-07-20,2026-08-19
"FB Online Ads - 13/05/2026",6924458397597,"Facebook notifications",facebook,inactive,campaign,0,5,0,"7-day click or 1-day view","Messaging conversations started",,0.10999851,,,,,,21.99970242,0,,,,,,,,,inactive,,,2023-07-20,2026-08-19
"LPU Page Ads - May 2025",6699045369797,Marketplace,facebook,inactive,campaign,4,4,1,"7-day click or 1-day view","Messaging conversations started",,0.1,,,,,,25,0,,,,,,,,,inactive,,,2023-07-20,2026-08-19
"FB - March 2026 – Copy",6882908660797,"Facebook notifications",facebook,inactive,campaign,7,7,1,"7-day click or 1-day view","Messaging conversations started",,0.09,,,,,,12.85714286,0,,,,,,,,,inactive,,,2023-07-20,2026-08-19
"LPU - SET 18/04/2025",6675261135997,"Facebook profile feed",facebook,inactive,campaign,2,2,1,"7-day click or 1-day view","Messaging conversations started",,0.08,,,,,,40,0,,,,,,,,,inactive,,,2023-07-20,2026-08-19
"Tailored messages campaign 06/05/2025 Campaign",6710313106597,Marketplace,facebook,inactive,campaign,6,6,1,"7-day click or 1-day view","Messaging conversations started",,0.07014902,,,,,,11.69150394,0,,,,,,,,,inactive,,,2023-07-20,2026-08-19
"FB Distance - 09/06/2026",6953152263197,"Facebook notifications",facebook,inactive,campaign,0,3,0,"7-day click or 1-day view","Messaging conversations started",,0.07,,,,,,23.33333333,0,,,,,,,,,inactive,,,2023-07-20,2026-08-19
"Nov 2025 All Ads",6826267671197,"Explore home",instagram,inactive,campaign,2,2,1,"7-day click or 1-day view","Messaging conversations started",,0.06,,,,,,30,0,,,,,,,,,inactive,,,2023-07-20,2026-08-19
"FB - March 2026",6882906768197,"Search results",facebook,inactive,campaign,0,1,0,"7-day click or 1-day view","Messaging conversations started",,0.05000223,,,,,,50.00223333,0,,,,,,,,,inactive,,,2023-07-20,2026-08-19
"LPU Punjab",6641565898197,Marketplace,facebook,inactive,campaign,13,13,1,"7-day click or 1-day view","Link clicks",,0.05000097,,,,,,3.84622817,0,,,,,,,,,inactive,,,2023-07-20,2026-08-19
"Nov 2025 All Ads",6826267671197,"Facebook profile feed",facebook,inactive,campaign,1,1,1,"7-day click or 1-day view","Messaging conversations started",,0.05,,,,,,50,0,,,,,,,,,inactive,,,2023-07-20,2026-08-19
"FB Ads - 02/06/2026",6941440443997,"Explore home",instagram,inactive,campaign,2,2,1,"7-day click or 1-day view","Messaging conversations started",,0.03999945,,,,,,19.99972319,0,,,,,,,,,inactive,,,2023-07-20,2026-08-19
"Tailored messages campaign 06/05/2025 Campaign",6710313106597,"Explore home",instagram,inactive,campaign,15,15,1,"7-day click or 1-day view","Messaging conversations started",,0.03006387,,,,,,2.00425782,0,,,,,,,,,inactive,,,2023-07-20,2026-08-19
"Messages Ad: 🎓Admission Open for - Distance & Online Learning...",6703091270997,"Feed: video feeds",facebook,inactive,campaign,2,2,1,"7-day click or 1-day view","Messaging conversations started",,0.03,,,,,,15,0,,,,,,,,,inactive,,,2023-07-20,2026-08-19
"LPU Online",6723178659597,"In-stream reels",facebook,inactive,campaign,1,1,1,"7-day click or 1-day view","Messaging conversations started",,0.03,,,,,,30,0,,,,,,,,,inactive,,,2023-07-20,2026-08-19
"FB Ads Online - 07/08/2026",6989431968797,"Facebook notifications",facebook,inactive,campaign,3,3,1,"7-day click or 1-day view","Messaging conversations started",,0.03,,,,,,10,0,,,,,,,,,inactive,,,2023-07-20,2026-08-19
"Messages Ad: 🎓Admission Open for - Distance & Online Learning...",6703091270997,"Explore home",instagram,inactive,campaign,40,40,1,"7-day click or 1-day view","Messaging conversations started",,0.03,,,,,,0.75,0,,,,,,,,,inactive,,,2023-07-20,2026-08-19
"LPU Punjab",6641565898197,Explore,instagram,inactive,campaign,5,5,1,"7-day click or 1-day view","Link clicks",,0.02000039,,,,,,4.0000773,0,,,,,,,,,inactive,,,2023-07-20,2026-08-19
"Nov 2025 All Ads",6826267671197,"Instagram search results",instagram,inactive,campaign,2,2,1,"7-day click or 1-day view","Messaging conversations started",,0.02,,,,,,10,0,,,,,,,,,inactive,,,2023-07-20,2026-08-19
"New Session Ads - Nov 2025",6826134714197,Feed,facebook,inactive,campaign,1,1,1,"7-day click or 1-day view","Messaging conversations started",,0.02,,,,,,20,0,,,,,,,,,inactive,,,2023-07-20,2026-08-19
"Messages Ad: 🎓Admission Open for - Distance & Online Learning...",6703091270997,Marketplace,facebook,inactive,campaign,2,6,3,"7-day click or 1-day view","Messaging conversations started",,0.02,,,,,,3.33333333,0,,,,,,,,,inactive,,,2023-07-20,2026-08-19
"LPU Online",6723178659597,"Feed: video feeds",facebook,inactive,campaign,2,2,1,"7-day click or 1-day view","Messaging conversations started",,0.02,,,,,,10,0,,,,,,,,,inactive,,,2023-07-20,2026-08-19
"FB Ads - 22/03/2026",6887028626197,"Facebook notifications",facebook,inactive,campaign,0,1,0,"7-day click or 1-day view","Messaging conversations started",,0.01000005,,,,,,10.00005299,0,,,,,,,,,inactive,,,2023-07-20,2026-08-19
"LPU Online",6723178659597,"Facebook profile feed",facebook,inactive,campaign,1,1,1,"7-day click or 1-day view","Messaging conversations started",,0.01,,,,,,10,0,,,,,,,,,inactive,,,2023-07-20,2026-08-19
"Messages Ad: 🎓Admission Open for - Distance & Online Learning...",6703091270997,"Facebook profile feed",facebook,inactive,campaign,0,1,0,"7-day click or 1-day view","Messaging conversations started",,0.01,,,,,,10,0,,,,,,,,,inactive,,,2023-07-20,2026-08-19
"MMU - 18/04/2025",6675281096797,"Search results",facebook,inactive,campaign,1,1,1,"7-day click or 1-day view","Messaging conversations started",,0.01,,,,,,10,0,,,,,,,,,inactive,,,2023-07-20,2026-08-19
"FB Ads - 02/06/2026",6941440443997,"Facebook notifications",facebook,inactive,campaign,0,4,0,"7-day click or 1-day view","Messaging conversations started",,0.00999986,,,,,,2.4999654,0,,,,,,,,,inactive,,,2023-07-20,2026-08-19
"FB - March 2026",6882906768197,"Facebook notifications",facebook,inactive,campaign,0,1,0,"7-day click or 1-day view","Messaging conversations started",,0,,,,,,0,0,,,,,,,,,inactive,,,2023-07-20,2026-08-19
"FB Ads - 01/07/2026",6976611088797,Unknown,unknown,active,campaign,2,2,1,"7-day click or 1-day view","Messaging conversations started",,0,,,,8,0,0,0,,,,,,,,,active,,,2023-07-20,2026-08-19
"Messages Ad: 🎓Admission Open for - Distance & Online Learning...",6703091270997,"Search results",facebook,inactive,campaign,0,1,0,"7-day click or 1-day view","Messaging conversations started",,0,,,,,,0,0,,,,,,,,,inactive,,,2023-07-20,2026-08-19
"LPU Online",6723178659597,"Explore home",instagram,inactive,campaign,1,1,1,"7-day click or 1-day view","Messaging conversations started",,0,,,,,,0,0,,,,,,,,,inactive,,,2023-07-20,2026-08-19
"FB Ads - 03/08/2026",6987226896197,"Facebook notifications",facebook,inactive,campaign,0,2,0,"7-day click or 1-day view","Messaging conversations started",,0,,,,,,0,0,,,,,,,,,inactive,,,2023-07-20,2026-08-19
"LPU Punjab",6641565898197,"Right column",facebook,inactive,campaign,0,1,0,"7-day click or 1-day view","Link clicks",,0,,,,,,0,0,,,,,,,,,inactive,,,2023-07-20,2026-08-19
